subset,label,rel_path,bytes,sha256
100mb,Cat,Cat/306.jpg,31189,97129f07b1bf06dd39b4d9d9ed539e45da2ed17ad563c5589b5e9b45b8b099f8
100mb,Dog,Dog/5268.jpg,22255,bfa653eeb3bdb219e89f1220bdd598254fded323a6b88d4e21d5d649ef69325c
100mb,Cat,Cat/7078.jpg,13582,b4e830544b498d6507141d810616a0705c1946005b6447d7b11796427fbedc5e
100mb,Dog,Dog/3335.jpg,4461,a2732e019471ac18393f2ab9d09595246ce36170288848cd9bc83841ac7a5257
100mb,Cat,Cat/5259.jpg,6562,e09988d108cbedcb6ae3e0181d1b0819eed25cb32cc2b16ffad3f8f857637a9d
100mb,Dog,Dog/12414.jpg,52371,e56174d05b5781bcb0f185a25786961d3bd2b2d2eb988a3ad0523f322a5780b0
100mb,Cat,Cat/9913.jpg,23873,fa8236ec8e2c7b6456fa22b4774ef2e1654a7d0c041fde549b61abab7e4a05c7
100mb,Dog,Dog/3321.jpg,19162,58d749a3195271c4262aa2a2d88d55c363070287228be610fae1bf2b4a92769d
100mb,Cat,Cat/1415.jpg,25483,a55289a4150ab5e6a83c4d25caf345fcef2af01cbfcd04ab347e50d1f34c842f
100mb,Dog,Dog/10081.jpg,31173,f9398eadff3476f124fba0495b0136e4c72bba5a63855dadcb177bad98d6a424
100mb,Cat,Cat/10665.jpg,32684,bed61d389bb9d6caeacd973f6c1f122983dde4a7249f1f4e1c7c6d4e6bc4e4d8
100mb,Dog,Dog/1189.jpg,31547,38233ac7161678b982fe57e755274875e706a09fec0a176cb2f11a0188866cde
100mb,Cat,Cat/4197.jpg,64064,606a902a07f303edef5063d9d84a573a0f4629d214a8d767eb03928fa7c2fc34
100mb,Dog,Dog/1165.jpg,35326,6c29634717f56a4acafee2c1be3a083ebbd7c85cba80da9afd5cc403c02d195c
100mb,Cat,Cat/7623.jpg,23194,87183feccf9415d07fb0f74ac63983688968a7f1135ba7dfb84ecbfc69033866
100mb,Dog,Dog/1385.jpg,46902,1065ced893fc742a48423b459ed208ab6374489dffda83883b87d57ac87b9937
100mb,Cat,Cat/6505.jpg,32720,32f0e2a599ccd81e014ce7535f91396f95ccc76961fdd8075a04965c93e33099
100mb,Dog,Dog/331.jpg,40271,24752614eefce54700c0e2fddbaca387b68591bd317930b5d0d129264d311ee4
100mb,Cat,Cat/2006.jpg,38881,9a0f264f0c34374e2597a0e69e2a39510b3c9177115997817a05b316dc47861d
100mb,Dog,Dog/8215.jpg,21850,296e78e250e9ab8ee2af55a8a4bda9e4fbd349efb9d33dd96db132fbabd126a7
100mb,Cat,Cat/4721.jpg,22753,95778be8a50635d60cfde7e0e20f37ea5fb53339d5d93f57e7afab63ce949608
100mb,Dog,Dog/7205.jpg,26202,dd8c94afe39ef64b1615018f431958274fcf7c95abd250c71e7814c0812dafab
100mb,Cat,Cat/5012.jpg,24258,c6d01bb13bb9dad28b229d2bb7faaa394a230be4fdf0edbcc7c7ed8a19de8a9c
100mb,Dog,Dog/11107.jpg,21710,9ad78d06ea8106f52b56838d1888bcdae38caa4607f4ab64410fde7c4d114a48
100mb,Cat,Cat/5817.jpg,33462,226ae30e2cf6661bbdec0e1843093a4534ec96714dd7e12fdcb0d03ae9d4c278
100mb,Dog,Dog/8892.jpg,46189,28db8f94abfca64dda0d8318fb5a6dc2d91f752da8b2eef51d9c480caf5ed492
100mb,Cat,Cat/10917.jpg,35421,51fe07d7d7e0641f5c84ca573414c884a1766112f2a9291c33994430d38b356a
100mb,Dog,Dog/11835.jpg,7842,021db42f77327a58a8dd1b55cce3b22e96371bf227724a22aa5ddd25d4f393fa
100mb,Cat,Cat/1270.jpg,28443,c9ced969c6010adc338f81bc162eaa77d07cf9ee36dc6e0eb17d12f33753dcc6
100mb,Dog,Dog/11543.jpg,25597,676863f2bf01d949dab6a1553e558bb421690e99eeeb60c43006e9c506cd5163
100mb,Cat,Cat/2867.jpg,14103,94fd812dab0dd18bbb9820f5adf5f5862cfdd602d016a571c4c452cc22084560
100mb,Dog,Dog/10457.jpg,25836,df42746ec3321b5b69e4df31406d24c74ad65af0863ade8bcaae382d9f0dec13
100mb,Cat,Cat/5748.jpg,16985,81900c9cc81ba128a9222dd1a0b4db2d26b192ddfcc960824f719d3267524d11
100mb,Dog,Dog/2063.jpg,25305,37c03f9c9bcd54ca67ba4245873cf045b76c08319c7d71893bfec108368b5e29
100mb,Cat,Cat/6281.jpg,53686,1d91ed8a01a69e688d183127b7fc40d65c702cf215acae83199c5266973b576b
100mb,Dog,Dog/9728.jpg,25758,809b9eb67cdb279e4425283b2df0a0edac106ee18abc67e97c672789dccc4375
100mb,Cat,Cat/8716.jpg,43078,74811c35e1cc4333511ed7e9b9cdb84c7b31b8c655a2a2fe96b4a9a414e049ea
100mb,Dog,Dog/1374.jpg,12140,06047fdf22632be6d100c795747aa64f4fe42237c1f7189fa9f0370d9eda582a
100mb,Cat,Cat/9571.jpg,28301,0d4f125fe41172427a0f54b84d1d579e4aeecfbcb486474611f56468a79298da
100mb,Dog,Dog/8712.jpg,36791,7f10b1b0dca8fef9f0c46fedd625b199ee74cdca0eec065732555f01b4052f03
100mb,Cat,Cat/7395.jpg,12620,87bc4a1186bf0f414fffeaabedf31b81edbb5951c249af4fd31f98cbf3201ccf
100mb,Dog,Dog/9528.jpg,21389,925b6cd478a6421a45537abd628fb8443ed84f7c0493be8c99aa12435ec5f3c8
100mb,Cat,Cat/5891.jpg,27553,2b46cec8323f74de847836bfa3c94cdbf444eed0395690a23b834d04605fda3f
100mb,Dog,Dog/6900.jpg,25148,00977749d5f5724e2c57039bc8a0755ddd676685e5a1bcbef2930328ca7d3cdb
100mb,Cat,Cat/204.jpg,26911,fd09590bfb26e272405a475abbf66a6509fece170906c9ec09aaa060eef9f638
100mb,Dog,Dog/3976.jpg,21609,1e9bb0c23b1828f043e00d46378749a59c8456cceb9d9e1dba4e06eb8250fbb9
100mb,Cat,Cat/4899.jpg,37320,87f7d7f03fc25623a17b8e641e489fbc80bca61a676d8aa7f5919be15ac5d19a
100mb,Dog,Dog/7315.jpg,42000,6ce5b160ef43832a1388513abbd4e51fdff214f6b2791835fd116774926eec36
100mb,Cat,Cat/6268.jpg,26083,29d1f1731cc0455bcce07ef163d0bacb1b573b1d0f6c6a973f01aa9a2e725406
100mb,Dog,Dog/5601.jpg,22535,2b54f5ca1032fb5b8219e2c3f36dd5a7204b4792b3734140a6fbd8aa8268b414
100mb,Cat,Cat/5097.jpg,23801,1817d97675bfabc271e892dd42daa9026eb38ef44fd47f3f5f91900c53e03a9b
100mb,Dog,Dog/6355.jpg,59114,6247e86d40444572ebc30c3f3c8c2c89b40cd740dbfa505268c40f99aa6b86ff
100mb,Cat,Cat/5850.jpg,31144,1d18bcb3805a00d9ec8db7997b9af571f9189b0cbf809dc03f3037b42309e618
100mb,Dog,Dog/11796.jpg,20482,a06edbad552c2c19a1bd6afdde5d41a33421d27ed0873f704616e49f9a83fd32
100mb,Cat,Cat/689.jpg,36426,384522b7691e8a35aac464e4c3de103b52aa0cf747fb644b19fbe4b806d11372
100mb,Dog,Dog/3933.jpg,51067,50b37d1c2b1f3785905bcccfab9a1a7ee004e5c20d7ed60cdae41a0c21479f30
100mb,Cat,Cat/8102.jpg,61858,48585f9208fcbd74229d86fd84820f95bd240cd55b675af97a71ffbc9926a6e6
100mb,Dog,Dog/6824.jpg,35222,8dac5c38c705bc6bba4b7862a4b77b250351f460e271c3cd84c99e5e66efcef5
100mb,Cat,Cat/1994.jpg,32538,80a18ba7af9d36db87c9b10c56705c7e5d0043b3ad7418c50bf83d08745aabea
100mb,Dog,Dog/6928.jpg,22656,f5abd0986b5d5d782b50be0017d7b58bbf061507e21c8934a9b21abf1a5d032a
100mb,Cat,Cat/8571.jpg,51092,ef69e6730e348d37250cd52f8f894975ce58dc58dfbe73bb0ca72d8a2babc39c
100mb,Dog,Dog/857.jpg,27888,d64a30f3a3fd66fa02a59590c1e0623df140198972e82f6b87c8b2f22220e12f
100mb,Cat,Cat/6367.jpg,32047,a790085e2870e8933a51efc311746b6b6404adfbaf163709cf1c5884785998d0
100mb,Dog,Dog/2304.jpg,42186,8477119a25be45d560ce75cb71b4b40f3efc8e09bde5709a1fc2e1c229ce1f0a
100mb,Cat,Cat/5188.jpg,39215,d126c399a52b44eee23f075cf1e9f7c464fc2ea4c0bbcf9a7bd95f11c6931afb
100mb,Dog,Dog/2791.jpg,31023,746677b8a406aa34f19b768661e9dca5fc8a4330b97c19c20f706db929f334e9
100mb,Cat,Cat/4642.jpg,71378,3f698beb2c986135796a0763845e897dfb87347749bb30c0b7b221a87db18d24
100mb,Dog,Dog/286.jpg,48159,d4a857a880f8a34db24a46a38e15b94899a0b75bc0fa64bb0727b7397df6f859
100mb,Cat,Cat/1946.jpg,16830,11188b9e7b524218b13e5632364c6f64ab7da806d9551842f26d873fe254afc3
100mb,Dog,Dog/10327.jpg,13231,8e00ccb82e7cdffa160a4bb0d59b51d769e980f6896e73f50072e5349554e431
100mb,Cat,Cat/2530.jpg,20417,bd0f774db5f6288818a11d58b88d8a28cc6a0e47b5450c3e4546a46bdc10863e
100mb,Dog,Dog/9723.jpg,70568,2b31ca56d5b182faf9fb24f3ef97e34fb23164829943156457c0b44736efc8a0
100mb,Cat,Cat/8048.jpg,33154,9769cf0cc1f786deb94aeefe63959a5f6428f7575d6278a459061cb5f19684f0
100mb,Dog,Dog/12376.jpg,32229,62e49cdd18b03fd719a619cb706e17b72159f79ed98ce7d1c6eb4f9036c1b619
100mb,Cat,Cat/5839.jpg,38548,78f1b7c7e51ea85d216d4df5ea722c7394e7f7c5a18d280a8d33bc40f2b7c388
100mb,Dog,Dog/10786.jpg,35040,aab64a619809c36b0cbf544af56e948266f3b2d7d602cddfac61159e61636f89
100mb,Cat,Cat/6428.jpg,25806,5fe444a6be9b2060e6bfe60e7da755561b0a62f6b3d7ba369e0c0d9f3fdfee20
100mb,Dog,Dog/11403.jpg,27823,0c25a787a4bcc47c1b6ebe22c6bea40dc7967a3a1cd791ae70799c95e117dc20
100mb,Cat,Cat/511.jpg,19231,c53b1d9b1dcae6d31fa243b9fc9e654ca231846e208e9984d538ab046c2dbc7f
100mb,Dog,Dog/6124.jpg,24430,4850145d9033b03f644c844290532c0923ac38327b4dc22f70f2e882aa4b3836
100mb,Cat,Cat/4298.jpg,21429,a69fd33494020a2661f1361d8de49fc0d99c1012c8f966e214fa33bb4bb6a37c
100mb,Dog,Dog/8224.jpg,21831,99dc315408985e836cf9dbd757c69862c797bd6d336c6188d5dd9fb37e45b446
100mb,Cat,Cat/6946.jpg,32687,edc8bb834a2f62867742adc332211d9438431e87bd39740ba63a6900bd5aa3d3
100mb,Dog,Dog/2779.jpg,24250,6a8dce5a01a11de4a836cc3d28e3d15037105082d0f0ef49141c4ecd58baf6e5
100mb,Cat,Cat/1210.jpg,9979,a36808d9db2844bec41a1f9932d864149cd6524d26fadeeed8bd38271a5d4ea7
100mb,Dog,Dog/2585.jpg,52705,0c07b0861a85d33ed6899778bf14c2d81786ac78607ae864078d411ac8db4a13
100mb,Cat,Cat/6424.jpg,26852,2f33a94696c2b0dde7876cf21ff02bed986a83abe84f446b9e55de7dbffba47b
100mb,Dog,Dog/4857.jpg,37343,7a14dfb53c7150f1cdba5be6e1b17c3b59b2cf6603b5705c1d97eec3f5e73737
100mb,Cat,Cat/12044.jpg,28572,d9984d0bcf9792eb250fe108dcd28013e57b3fafe4b9c7428c853dbde5ce376b
100mb,Dog,Dog/3702.jpg,24297,36884e748d4cdbcd1f39b59028553b1f9be8b5f8e9f365ad3019cd6eeed26a59
100mb,Cat,Cat/6374.jpg,20543,d3dbf97d7c7dd1534ef5de491f9027c113cb59dd483ebfed8f30a43fe34b3d28
100mb,Dog,Dog/5989.jpg,22876,360286863e7064115ef550da147f182f606bb649cb60537091bfef449af009fd
100mb,Cat,Cat/6096.jpg,18796,4752b87cf17c72e12a8511e7280102b57f95a571d98594a1dd15a14231163b3d
100mb,Dog,Dog/5046.jpg,43406,5936acb9b794a3a331f18f4a1b0cb3198d1d31e90dbd9b5c05f2fa42b19a43eb
100mb,Cat,Cat/2396.jpg,27684,666986240f5468e9cdc9913db2edc5a150363452082f73f1477fe993a067b51a
100mb,Dog,Dog/1139.jpg,13139,b8b6c56718845dbfde345e4cb53ed94d4be6a9eaf25e666b42cb79e79ff0de15
100mb,Cat,Cat/12314.jpg,11121,1e18b15c3ef582d841d8acc6a45e04afd717e980ffc55f5ed556adb11fe671f3
100mb,Dog,Dog/9072.jpg,16739,07c84579c2d31ee592bda5786c9bb9046f4f8edfbca8da2c8a8f566457802423
100mb,Cat,Cat/4258.jpg,36436,cd45cedb907fbee1614450addb96d77584f29c899e1e7cfedc39bee148367002
100mb,Dog,Dog/5680.jpg,25404,3263031bb687642d963026ddad10ddf927302b033312a6390b3883c0405b06ff
100mb,Cat,Cat/11873.jpg,90294,9ed7839a51c94879ddc3dd66df6ca72e153f86b7dea7bdfdd80ab82abec5ab30
100mb,Dog,Dog/8661.jpg,65743,a370f5f43a36f95dcb8e8145a997461134bb49f3a678b3fb8c1a74fd19bc3f7b
100mb,Cat,Cat/12158.jpg,19856,b381810fa682b5d817be27169a02455de847bc5c54095a368d563b6ddfaf0912
100mb,Dog,Dog/520.jpg,30335,5a6aa3fac51c70ec1d15e3d373083c363d7299b970ef6c1d9f378d33ea1fabf0
100mb,Cat,Cat/1238.jpg,15390,2ccaeee7fa6072517693e3759823dd2fc2773cb981fe43900ea4ce80fafa7931
100mb,Dog,Dog/9119.jpg,26158,a251399e92b9cc7dabd7433cbd11bba8c434efaf37b66b1a5a79084d04fd731f
100mb,Cat,Cat/5200.jpg,14602,aba3703d8bc407ef7521a71c948c93c2cbf55d307f2c03cb3248acf4acc8ab76
100mb,Dog,Dog/6854.jpg,19556,0868707e9abd8ed3cb3e8e27e1483f0bec2ff8609f7d46f77eef1e4165e40af8
100mb,Cat,Cat/10363.jpg,35514,f087b8afffa20a7fd7e71fc0f52b533bd900498d635df70adbd5b32145348e9d
100mb,Dog,Dog/81.jpg,5062,245aedf9ba275aa532364c7691342c538f91efaf0f08aaf590d46a0c6cc45d0d
100mb,Cat,Cat/2587.jpg,22023,f6f83eb8cca358ff357b300704238c6cb91eb9a5a5cfa3abd16671fcd1c61889
100mb,Dog,Dog/8987.jpg,1568,cc422377eee7b9fef760ee89cf6061e0c970df163f0699f87bcb42005621bad0
100mb,Cat,Cat/10569.jpg,31711,dcc37d11aa8ad798ad92a3d20836b1c6854fd864a53e28c3dd2c3f6b617c1ac4
100mb,Dog,Dog/9306.jpg,29731,e60a0d56f4f8cb70b9a2d5ea1ac97e9b7f0ed0d1c279e72b1dafdc5f94cb6830
100mb,Cat,Cat/11785.jpg,145764,1fd26172283e3de85cff07c15969e81235c85c96e6445936a274c3d10ee61bfa
100mb,Dog,Dog/5281.jpg,35692,4b8738ba8b8007959c497be2d9237bb40874c77f008a78cfa42cf491b151fe7e
100mb,Cat,Cat/2019.jpg,23639,9b55144a33de538cd9745d6f651ae3779b8be91c6b627718bbe24536efe287aa
100mb,Dog,Dog/1193.jpg,21068,8111a5743555fc9efb4c94487f0e48248fea7f4ce5e879a71ae75fc5749e336f
100mb,Cat,Cat/9325.jpg,37080,cfeb1b61cbac0a91281bee1a71f207aabe59c43063d5913d74e6c511d3471418
100mb,Dog,Dog/1036.jpg,47081,b01b8c0851473c1e275f34ab24edec15975dbbc64e0c2f11e784ef82f5142db0
100mb,Cat,Cat/8030.jpg,21457,5410f9ca8d4fb8eb6fa31e467b9808dbc3328a9c89dd24094be60dbb23b16b2d
100mb,Dog,Dog/2258.jpg,33528,e9d82529d35335ccf28f417aa0b063c62ed95721855af19be88acbcde63544e7
100mb,Cat,Cat/6357.jpg,30484,786e2846bfb25de521a4ecc1d367d57ac2b7684a5fd6b6db1cfe010f261fa289
100mb,Dog,Dog/710.jpg,43479,157dff4b09b29c4619c64dc3de191e82db42a02ea7c0d5f2df668725875fd175
100mb,Cat,Cat/10313.jpg,32320,15ddaaea5175e3a86a1c83926d5543d5ebb073181ecffb381b5aa7ed6d95f127
100mb,Dog,Dog/10229.jpg,28863,cca3d3593fb24a6f380be901061f0380cb2782e1b402e35beeccbc3c22b2e4e5
100mb,Cat,Cat/8591.jpg,36383,4e7e76f13b6eac4049670bc97e7a7f261f9d0308413610889a9d37f246bd10ef
100mb,Dog,Dog/6829.jpg,28103,bf98b3407fa5161f8dada7ac6ccf59f718b329f72e3dbd248780bf68d5a56563
100mb,Cat,Cat/6932.jpg,9209,f0f6a13e42b358e553f28bb7ff5654c4406228fc2c05b602026b662d228f5a40
100mb,Dog,Dog/3419.jpg,23514,681a44561eb332410cf7e50e3ac8c83c612b1e1cb6f40da76c86d4af6e29ad04
100mb,Cat,Cat/599.jpg,8050,650aa84fc0ca966ddba2e326384d540f58c0090dc8359a0b509915414dc9825a
100mb,Dog,Dog/4300.jpg,18121,b6f00c8beb917791e7157cae4162a5f71d51f22b12794d2e155917252a0f06a0
100mb,Cat,Cat/3113.jpg,24164,51afa193e06e074adf5c7060a38d5dcf3950349daa00398363696ebc77ebb249
100mb,Dog,Dog/3066.jpg,23380,c9267a2048cd2fabadd5d73690c6b0cc1cd5ddf01658c10204a6b4ff6ad1ba4f
100mb,Cat,Cat/7780.jpg,30221,e8b268a7670aa1fa0da13b703ca5d9ba2428dfc4e9f99185788e460ea5f7c448
100mb,Dog,Dog/1843.jpg,29064,5cc136d9132871c5d0c6abe07f4a103ec28f801c0cbd00761f6d93ec0cb87daa
100mb,Cat,Cat/7068.jpg,6160,948a0b8d9fef873ea996289ca5d81ff6fc7af66e274351adaf354890a72c0314
100mb,Dog,Dog/11114.jpg,22277,f01cdd593a32dff7ea2a67cf6ebe7653b26279df327c914472d16fdf8018caea
100mb,Cat,Cat/11539.jpg,19380,2f93e884390459ef24668df47dbc4ee43a7b542897a6ee1667db83c294fbd317
100mb,Dog,Dog/9785.jpg,58170,6e1fed05a31b44ebc6a4e7b102451a1af67076b137416105a714475dabdb4e83
100mb,Cat,Cat/6342.jpg,33477,d173b617f05653c619bfaa8e3532a9d660083f186da9fecbc9881cdf4f54792e
100mb,Dog,Dog/1808.jpg,30020,f42495df87db1cfa1659294899f5c8e2381f1a67f9fc5aac83b393ebb81d2c11
100mb,Cat,Cat/10803.jpg,33095,3afeede1724acb5ecc221271782af27072f19c7b5d2f9573aedd00e8b5a7f487
100mb,Dog,Dog/12402.jpg,15217,c3d3321d0594dfcbf63461d8bef69a80201adf9ce7e2aaeffb380f16a2b9ee91
100mb,Cat,Cat/2626.jpg,15055,aeb6b25642a9063807c2d880c90c277d9a8d7c642117a3d6ff89d365a4731f08
100mb,Dog,Dog/9452.jpg,83280,1dc809d9bca6a2bdc0dd36ecb263880e20be33377fa51b0ea14c998b48e13f1c
100mb,Cat,Cat/9215.jpg,31288,1b72c34a845a3b6388c5b2627a7d0b73116795975f8d35a4e45ae115ba208407
100mb,Dog,Dog/136.jpg,39071,c5ef42da4c95fb669195e2dad3e20e9e32afa4eabe9d1ca912c2bbffaad43bbe
100mb,Cat,Cat/1757.jpg,108954,986e8a379141a00da76f64f486500b192d868e01c6e1aee891cfe654d262bf90
100mb,Dog,Dog/10539.jpg,17704,c58d78d7839dcdfbbb1c935d3148ca09295857f858fd5aeff9e73e9ead738ca8
100mb,Cat,Cat/9094.jpg,40241,3c0266958a34c0d6971b3de95057299978bdd8347fe2a92a667ef226f9146d8f
100mb,Dog,Dog/5726.jpg,20443,5fd3338839f4f2177e2e485fbf446f0996cc3f0c73fb605596bde167bdc1c89f
100mb,Cat,Cat/560.jpg,34461,252eba11a0638222982fb83bc49e7f9211660a0cb9108f4148891aa35a483b04
100mb,Dog,Dog/736.jpg,58865,b44639ff66603d2678945df18a6e101a54c1b3dc7363f579c8bb6a573588521e
100mb,Cat,Cat/2485.jpg,33621,60bd76240e3205d10d4d326706b15e5285a6536d5c70cd7f9505d4bd246c7132
100mb,Dog,Dog/4086.jpg,616374,d5bf91bb4be7e0e56c99974ce2f598b21bcabdba3412c3bc78fe14fb51602674
100mb,Cat,Cat/7687.jpg,8844,e94877f12f9d2a5b0f7ff04f8232a57c4f55ba31ebfd9b5d1e37b00fe193b41e
100mb,Dog,Dog/12112.jpg,29977,e2dd588b7b00da87a1e68c62c25126c52e8753e5a766768144a96fad9dabceb8
100mb,Cat,Cat/10628.jpg,28719,1532f87d807dafa9fd7ea2f4236d226927bdb68e477cea137b1490470d828c89
100mb,Dog,Dog/7744.jpg,23181,007f918c85d660d5d859646ff8be099dbb1b5663a752db566bce03661a6ec3a6
100mb,Cat,Cat/799.jpg,29372,cb7d2f4c056feb1db4a88a309fa74e7e420a8fbc589d305c97d66cf5419b39fd
100mb,Dog,Dog/9861.jpg,27247,a81e621a233ea851929a688976c891267df34898b5c8deb1fabfcb82e01a5696
100mb,Cat,Cat/5568.jpg,25147,c63c0b0e896a30de39371ee398c2394adbf37856fbee8a4ff77944e8fd41fd8e
100mb,Dog,Dog/1256.jpg,44921,ece9472e00fb104b26a8bc007ab982f888d0626f67bb3c45cfee56fba0868f5b
100mb,Cat,Cat/1575.jpg,41386,cf8c6ccb41c6fd7bda91a691726f3b927ad0213f54b349d07bc8fdf4a65d7ef9
100mb,Dog,Dog/2342.jpg,18719,0d780a509279056ae2c638cf79276d2e396fa28b016e70f79fb2158c3de7fda4
100mb,Cat,Cat/635.jpg,32125,b31208fd19ad036b0f99f1ac0ed2cd185966d318c9b6c76ece7db84a14235ad7
100mb,Dog,Dog/9708.jpg,42230,9afa51fbbcd103569a32dd483edee3b728beab339875803885f58baee1b1c925
100mb,Cat,Cat/10164.jpg,6538,c509b3af61f8e2abd823e31518178c789b587719d99e8724661fbe89760d6131
100mb,Dog,Dog/1671.jpg,41747,5fafc7441b0c1401e12f0705ea2d514575ec257bed5c4999279e86955a6a4b22
100mb,Cat,Cat/7290.jpg,21544,9649954270f4a61285d150f9df8776a527fc143d44b3c1dcc3431c9d1e36b190
100mb,Dog,Dog/10278.jpg,14252,751115b92c1c79af45ad11fcb0eaf2bda1475be63e63b7224501aff547dbe6b3
100mb,Cat,Cat/2944.jpg,18275,4a465bd721a806a57f5aeb2bb6cb7849c9709438e0b6d387dba708ab6a068eaf
100mb,Dog,Dog/1254.jpg,29038,c6010ee2767628eaf1676e8d275d0fd8147a65503b36ac43644231c30ca3f492
100mb,Cat,Cat/12299.jpg,24811,94fb0f2096295da9bf765a6f476dde94f12ba4c4f4e96eaa6c789a07b2d7d7ee
100mb,Dog,Dog/3667.jpg,33669,0f1dfc6a4c316ad2fb4ad17c5249387a27a160a2f0c79d5526882639853575de
100mb,Cat,Cat/1038.jpg,23967,b867d1acb2fa0ba44f48f71936a5c68111280a4ece2f5dab8760353a0a8b4114
100mb,Dog,Dog/8842.jpg,21047,365ad0a149664a7eb68d9872af24da87e58e20bf9379c201ad01f4898d23ad3b
100mb,Cat,Cat/7629.jpg,8766,bf1c5c6cf7f2ba0c444bd8767f2d631875fa44ee608e922aab0c9fcf450555df
100mb,Dog,Dog/8118.jpg,22328,9a7578e789b91ca4a8fb6e41e94bf81b0c9e134fd0284e842a6bef9739d173d5
100mb,Cat,Cat/1595.jpg,33103,c81c0b80fc86dd04a481c1ac2941b53d1b0e426af7f981da0b74668a67e5fff5
100mb,Dog,Dog/1932.jpg,67070,ed0add401368c5402cb0eb4b5b01d32a6afece2ab995c00f267f1d9f1ae73768
100mb,Cat,Cat/10978.jpg,17644,d1b0238f1cd88f9bb457f6c528dd5b6f7bb9057ffa4a8b40c8e63af2a3415cb4
100mb,Dog,Dog/3075.jpg,19750,27156d759c309c6fa94ef49463dce613c309fe16c89fa5c22968c1dc5a721357
100mb,Cat,Cat/2589.jpg,27882,b9cab87f1b2c15242ad7f1046f8d02f007798d45d6142b679eb1acee2b1b6794
100mb,Dog,Dog/4212.jpg,33434,5481ab120af5b9a3559c8df46959da3f6e135af93cbb0fe35a99a6ec71137969
100mb,Cat,Cat/3383.jpg,39062,1a87edea3f1c7825c182ef124003ca4075c1541793867ef08517d925be6cc504
100mb,Dog,Dog/3027.jpg,64007,5c0fe8c4454245ec375677c63accc7c79fc06485820e15b3d9b1c0b74c916e87
100mb,Cat,Cat/3309.jpg,24620,8f3dc09e731d3e6e65f033314b7d6e7bc6097452b475a22df3b65f6752e260a9
100mb,Dog,Dog/9294.jpg,17793,a871c7bd3bb5bb78019c5d174383f3de607f331a0ab0b9e7def55c676389cae8
100mb,Cat,Cat/5378.jpg,11536,9c1c7adb55537a7c2eb3b6ef7396183502cd62db582f538c06505fb6abd310d6
100mb,Dog,Dog/4292.jpg,79203,43e21b33a6953fd154f10981d374cb1517bacb0499936454d58e3038cef2aa9c
100mb,Cat,Cat/5791.jpg,32789,c5dde0480d8b48f9ee0dddd471b08eed54885f18a696bc9884cfa0a3dc4ec364
100mb,Dog,Dog/11462.jpg,26409,750787fa5d5750fcd0fa720f48975ab06801026d87119232200601b447f8fa25
100mb,Cat,Cat/8258.jpg,31524,634d0eaa78e93e39cc30acd4b1f11c4d617dd407b573732d0b072bd285f387c9
100mb,Dog,Dog/4203.jpg,52758,a07043ff3bc45a6d05743c7b853d06058db9fb9804f004b9cfa26df5b1d2296f
100mb,Cat,Cat/4494.jpg,16115,102fe2b8b539cee7159f7d996637d9e437ea5a88c42843dc4fc189ea5b824d1e
100mb,Dog,Dog/2318.jpg,32902,7c49cdfd977621ca39d9e625471456d5e2c720e57e92dfb1da933743edd8e919
100mb,Cat,Cat/12432.jpg,31842,dd43bc66af95392d59a5cd76639b10de9636381e397d8023ad0ac4b5e40f5bf6
100mb,Dog,Dog/2462.jpg,21288,a4b4391b06449050e3c683e1453530a1213a7d5e058ab99dba16875be7417e5f
100mb,Cat,Cat/6278.jpg,11155,3a0049c9523bcef8e32d0653309e6438d48636b5dcc380dc5fec9a986bad28a1
100mb,Dog,Dog/4585.jpg,88503,065b35fe25e1187c2ce2955f08425e1e7bf00ffd339074370f5f97936c8fb0c0
100mb,Cat,Cat/6667.jpg,25749,6d7a25e43ee967d639007ecb37c706e785239f5b2166feb1eb494df66d879c4f
100mb,Dog,Dog/1493.jpg,51154,518310be3a281d880c76edbdd04fd557131c2e35f38fa259f9d49a94a0c6b771
100mb,Cat,Cat/1614.jpg,3157,74ebef4a395338ea888859b8e960e91fe89a3679d58c9cb081ded37166806be6
100mb,Dog,Dog/513.jpg,26050,18055348cc7226d060c2ca0d3bf0cc0d70ddf58f236a6745797158353a0232f8
100mb,Cat,Cat/2234.jpg,19284,7f40b657284b3868d605de7ff1ddde9d873a33fd450ea8a81ef6e299cae22cdd
100mb,Dog,Dog/7280.jpg,42501,57b4e9ffa30df99b2092cac4fcf1f7d9ae9280d3671e4c0714bd7b633e9671bc
100mb,Cat,Cat/9474.jpg,29031,994a951f7fd7f30e7d4278f59c5feddb320380a19cecded6a60793649e483380
100mb,Dog,Dog/6065.jpg,31006,96bd72c5ff331dc71dba4550fb5fc9c098040a878fffe18e7379bb85147bde9e
100mb,Cat,Cat/8603.jpg,10602,e2a7f4f3912741b8cbac3d4849a44fc8a9c99501e874f4659768291cadf2a53e
100mb,Dog,Dog/11224.jpg,35663,cc7f8040f3d99188d7cd85f365817a713e6dd228d702a80bffb74f8685aeb1d2
100mb,Cat,Cat/810.jpg,35718,edff8bfb10d597f7436ccdcd6c3396387cb0a6d2410e92e4ee347257234451c6
100mb,Dog,Dog/4080.jpg,32056,a2137dc300dd38ce1c2860d439a7e7f6e00843378d48d19e42d2161676be0ef9
100mb,Cat,Cat/843.jpg,24309,09be29b958c6e777bc8643af10c68ed358faec9e8a64285c158a14f0bf2696be
100mb,Dog,Dog/11788.jpg,25882,759768cdafabf294939fb5232e18225ef161e4acbb33496daf3656fa16f13fa4
100mb,Cat,Cat/8666.jpg,9465,3c50b6301861d4f138d5e92b61153e5422ff6b97493c79a41a16a1cf07555756
100mb,Dog,Dog/4663.jpg,19064,c381445ce48efd112d5b0805b07af28ca124b4723f43337c93e6982f59c47772
100mb,Cat,Cat/10445.jpg,14723,27c10487a16ee2b35be8c7c5273a3aafdcaaab53b538821911a25ade470442a2
100mb,Dog,Dog/1032.jpg,20925,445546c0ada91b6e6a42db2f47e668cf587c06208f731e850592820b5d7a7c8b
100mb,Cat,Cat/71.jpg,22670,377d2ffd9a6fce5d5c4ac89bc6a60e65ff0b76b4c2ead81fd06f01ebb3753b18
100mb,Dog,Dog/8519.jpg,134389,52dbc05c37774f29f506652b42feedba3fdffb3a9aba8460e79cfab7f7ad3273
100mb,Cat,Cat/12038.jpg,28209,9e3ca7466aaf3fbfd439165315df09b63dea74d7b436d97eed261f58322816c8
100mb,Dog,Dog/3944.jpg,45019,7bb9203be2785a103a05c4b44557e6d6298543ad33fbc991853bff678a85e8f3
100mb,Cat,Cat/2183.jpg,20602,8f0c72a46f49160666ba57ea10b3ddac8f1d529d7697d964823d3581d7112591
100mb,Dog,Dog/11494.jpg,30377,eaf33ef502b83132e6218f49668e75abb1e0709838db5aa85a2f61c2961cbe99
100mb,Cat,Cat/9613.jpg,42212,d6257e5d16153065d53bb4b2db45b9ca7bf290a5519363ce20b82a39f0109628
100mb,Dog,Dog/11284.jpg,26584,e2fffc183f1ad58fc3f4ce284cafe1c06ca39dfb9733dce6e02b1a1fabf55e5d
100mb,Cat,Cat/12424.jpg,6529,fe32a45d1823b4ad0930e1fccbae83684dcb84005ba4d4cf73dd116fc3f543b7
100mb,Dog,Dog/840.jpg,44874,8d08bc72227721abc409a1fa1eab1e897bb430c89de6d1e4774acfd3a8f1e343
100mb,Cat,Cat/9175.jpg,24876,6df4a461ed707ae2b95e20b964d66cada3768c0f7eeb30d2bd9ee7d2dd1416f7
100mb,Dog,Dog/8960.jpg,21096,7c55f1404ae5530d831c02ab0c5dadd578859670028ca448534af6d4a9f9dd8a
100mb,Cat,Cat/9431.jpg,13549,8119f3f353ecdf3855cb93e2853ffea2e69ba5ce809b4e848b67e6c085c23704
100mb,Dog,Dog/3499.jpg,20401,89368a979c3ac0addec58dc834c28b290a6843d71ead901e70b954caa8eebdf0
100mb,Cat,Cat/2542.jpg,10080,79f3cd0de29179196253cf1712a497715edd0dc218fa8bf508d8bd8536f4738a
100mb,Dog,Dog/4507.jpg,10362,6b7fa733b6a5ea73753fbd7c76677e3e51f28632ac8169932a2d7bb9724496f6
100mb,Cat,Cat/6873.jpg,17447,6053b2173b21bbbd1bc8311efee07d100c1b3230f7c8f05a1ab11ddddd4cf650
100mb,Dog,Dog/11606.jpg,35567,075d34608748d59c808e36bfe4d37263b0208a6312c7c6b04d8b12da902a112c
100mb,Cat,Cat/495.jpg,25908,95596ebdac7a5d004b33f42077846356d2b3232d33cef7037a76af2545e8d3f8
100mb,Dog,Dog/10063.jpg,46491,a85205ae8c44b7191cf92b92ba3dd59d2f68e73902bb8905c3efebc34895e93d
100mb,Cat,Cat/11348.jpg,42714,0ff252b49bac430f370a95662aaa0d8f93be23da717fda858aac8919e7aba040
100mb,Dog,Dog/5727.jpg,90621,93c6e55764674efb857782097c1f6e19bd999078e8bce15e4f39463e4eb710a4
100mb,Cat,Cat/10200.jpg,23689,1e474491fbc63ccea036635edca5bb34f2d2b78004cb545cab12f517a20a1f1e
100mb,Dog,Dog/2275.jpg,46500,5e1a0fea627d9a68dea8053eb828e5fd966d4aad567311d2b72970e3f4860d5a
100mb,Cat,Cat/503.jpg,41292,b411b49b10ecc0ade50c7be40bbf64feb7f7055910e9899b0987283f92de9049
100mb,Dog,Dog/6638.jpg,16540,1dbc2bb29265a3bd7605c78c40e8c8869a33777cba868bf646352c24fa9502b9
100mb,Cat,Cat/3256.jpg,23891,f6577d662ea1f4069e6b901e3628dd2340387d4af753ec6e75aa53d5743784b5
100mb,Dog,Dog/12269.jpg,13529,fa1be5d0d27154c77f53d8f3d535fe86227fcf14294e43076ba78e540b429383
100mb,Cat,Cat/10838.jpg,50766,5569d9a5aec64fb9075e126a971f28d7822a60eceedc292122b9cb4cbdf79fbc
100mb,Dog,Dog/578.jpg,29549,602ead5eb4e225b5e99742af71ec8f4e1f94257e15ba8a75606016067fc981fd
100mb,Cat,Cat/8788.jpg,19469,f4e37dec3964454ea951741287a4d3d4084993790eedc7f3e9d7774fc383878c
100mb,Dog,Dog/2343.jpg,53023,12e73880c297fdb0d4efa507275f8b8fd9cb7db7255f958f33578071d80410ca
100mb,Cat,Cat/12131.jpg,10021,37c51e12e14ae4b2dc9d37762457736e63f2a602e3679593bd8983269f406f94
100mb,Dog,Dog/4916.jpg,78345,dc9656c64f22e386a1710e9d814157a3db29f6fa2003c975f3717b18b597f701
100mb,Cat,Cat/9194.jpg,14638,2ce7c11b0a9e8a3bea98902095eca7606aad08298de850a92198bcd1aade2419
100mb,Dog,Dog/8643.jpg,31239,815edcbdb63ab6555daaabe0f998d4e4a194c8aaf0e67a499792131bcaff57f8
100mb,Cat,Cat/1281.jpg,24569,aeb9bb529172f3ebe8486839590d77e8b58ecdd1c02754eebab4491a0c8b99a6
100mb,Dog,Dog/2250.jpg,15671,a7df881746a95f5d8866c42d9b3af2bf653f63e977637500bb402174236171d2
100mb,Cat,Cat/8671.jpg,25300,cb437e126240bb1f8e98bfd6f999d718c3c4cf7477c6998ade41e74d8d6f4373
100mb,Dog,Dog/3021.jpg,26021,90586289296eff173c3c1aa60c453d0c7997d29ba5ed5c13bde07c7a4108cd61
100mb,Cat,Cat/3189.jpg,28039,b3705219ab1728be69bf1b2c55cf3ac8b28c22091dc1d0bc35b88c5bb6546c8e
100mb,Dog,Dog/6417.jpg,48172,5c486f456bc315c78579393549474538b3ccce2378a4481f3035bd8826d99a6d
100mb,Cat,Cat/5163.jpg,29635,71b1a9bcbc8dc165cba560131d7ad14ea181b01af7d4d224c635f99a43974639
100mb,Dog,Dog/6666.jpg,28110,3bb14b4d27a5752919a6f65bf34bbf4d0a3550c5ff35da4f8d3a49f89dca1efc
100mb,Cat,Cat/10920.jpg,15972,8876574e3d61bcde4acd282267873afc55756e6de48c4825708788b2590ff232
100mb,Dog,Dog/4012.jpg,81948,77e24b94199f2cfeb5c6329eb8f4d7595c75e81d775fcda0031f2c510678d6a2
100mb,Cat,Cat/5751.jpg,31876,87975b20569dc5bdd85f780c184a041d15f21391efb8d082d8bbca8a961731ab
100mb,Dog,Dog/2942.jpg,28275,9f014763c4c37047a65991bd37dc78a7af34b4cb1280d935f7d5781b0bd92220
100mb,Cat,Cat/9673.jpg,26580,cc42e7a1b3d81190028b3d0a1fa482d59a5f1ee2fd1037de146ac018938c1f97
100mb,Dog,Dog/6975.jpg,21385,c245f2d1a9398e9a8080a12a80839128aa20cf731b5cf0ba6c78395342c34451
100mb,Cat,Cat/6797.jpg,30843,ec10619de1c064c67e74ccdc569c1dcddbb2093a71fe7f8641684b0ddbe58e99
100mb,Dog,Dog/6391.jpg,43380,bc0b72211316f94fc83d35949a7c7ccc04b7000741978fdcaab02b6c4ea82d0e
100mb,Cat,Cat/2155.jpg,29565,cf995dd0565aa3204bac60a9de627cb8881e3ad06a9b7187fd857f911cdc4628
100mb,Dog,Dog/2339.jpg,6083,ee8f126301f659a945f8a4527440f51fd404ac4e49c6b2bdb88e957e5e41630c
100mb,Cat,Cat/3145.jpg,20321,76cdad6c0e287c65c37dfdb7815ad5f4a4545f18a6d7be0a91eb5206a8a7242b
100mb,Dog,Dog/12077.jpg,38440,93080776e1e20a8a00f95185ec85b638a5828437c20e7d670281b90f09efb73d
100mb,Cat,Cat/9552.jpg,12566,f45036d5a86347540e462e15f7233316519d6518e6e99a6532cc335438f51859
100mb,Dog,Dog/936.jpg,9361,6b19025d16837a02b511a03161e22338ebe6fbdda7669985dfa71c6e3918e510
100mb,Cat,Cat/3505.jpg,27418,746c07a23c62efcbaf394555c8e91ef852ab52d92b2d4e36986503228ff8062f
100mb,Dog,Dog/1632.jpg,20158,c2fce39c75ae1005f4d10a80073517655505f096d531b7f3df7ad96391e7d512
100mb,Cat,Cat/8544.jpg,31934,630bcdec9d4b1de8756ffab3b81601811d54ad5bdb619c7c229c30c410bb77d8
100mb,Dog,Dog/1393.jpg,18009,452604db05fe15b398c9a27cd8bfa9a7e2d78cee490dd314e7898cbd33fbbf9e
100mb,Cat,Cat/807.jpg,50372,93450f2e45b260eafde0c44ebd62496ac360da4f3bfe0746e5bdee970ef39b99
100mb,Dog,Dog/9816.jpg,27216,52a8c1aef11cf8da3dfac0ed8117334de403db121f092b73b7624b7ac9ef0c63
100mb,Cat,Cat/6626.jpg,16256,c9124507b2115e6c61611280a86b9f67e0ace98dee8d70abfd03f5fd46a349f6
100mb,Dog,Dog/5031.jpg,7844,f634fd996e45d56062751ab7d2381eedfadae2eef133257459e643cf901ab9b9
100mb,Cat,Cat/6072.jpg,27861,67747e09863180c29dec6f1e932df47ad46521fc78a2c263da9bc3c1e13e7c2c
100mb,Dog,Dog/9356.jpg,18123,caac98fccb374decc7aa0e610251195196f62f53ee5c3eb8d8bc9f7774925177
100mb,Cat,Cat/1152.jpg,49057,eee28f11ee05587152e2ef2d9ea9dcffb5e08ae4a771c3763babc65905684712
100mb,Dog,Dog/6503.jpg,144630,17800417542307348ad7c2dc63d30af30589106b5913c8f1b58e88dda2324811
100mb,Cat,Cat/3440.jpg,27004,d981cdee779ea1b65b22f305b7ed49fc9f65444768bb321d5d6d4fb4159c4645
100mb,Dog,Dog/148.jpg,29676,8461da5adbd7753633d3d61022c33551c11e7c18447604fd0d712f167c706533
100mb,Cat,Cat/6890.jpg,29684,8e6e5c829763483ee3fdc0c92cf2d0117d502d4206473102d48019ce25e37323
100mb,Dog,Dog/3292.jpg,63989,b28f4abd8f002acc59708a730873d30f5223defe61c3359141b8d833a9cc4a57
100mb,Cat,Cat/7161.jpg,23157,704a3c7e733ae16257b707e9cd429ffab332d8a6481862395bc5aa48cdbcfe77
100mb,Dog,Dog/11641.jpg,31561,766139f43f2c11b633caf24d170c8dca6ab552d85fd57f2b3e671d3d9f369586
100mb,Cat,Cat/6201.jpg,29486,3013dd46c83cea33e5b26c496f44fc32ae5b4716a1ef0b368320c30a7aa91a16
100mb,Dog,Dog/11028.jpg,32282,ddab4d3b3bc11c2e5067b169560d30a3314f24270a2b8f525c79ea28cb4418e1
100mb,Cat,Cat/2392.jpg,24826,3b210fedf9e6a1fd64eb67fdb693304967542517fcd589d36ad805bbb2f1ce08
100mb,Dog,Dog/4151.jpg,15074,af2aa7ebd7df2867bf81f149da838542c7140d4a0649227be420d6e2edb1f59a
100mb,Cat,Cat/9546.jpg,27860,f9fdfcc5d129b878f0e999bf406830de84b2c9803ec60645f2d509e78ac41847
100mb,Dog,Dog/7407.jpg,27345,5b534c4fc4da6b08c9935bfbf10ee18665b0d3ed0a4b11a5a913c4bfaa64724a
100mb,Cat,Cat/11644.jpg,30069,f18054f238c9ebc0eb517b694a4b54fa01e2e48d379751b4971bad7a6ec8b826
100mb,Dog,Dog/4007.jpg,37119,516f5404356642d396471778e0d874cfc182feb7b7d28d2f1baff993173f1d54
100mb,Cat,Cat/5406.jpg,16541,5dcbea036735848451899e358aab8a9a0bf86678de2ca72a5b85139e4f2d1a9e
100mb,Dog,Dog/2119.jpg,12006,09c1ff3980e7eafe9914cbf46e557f9064fac3c245ad1b12afffbfff29172c97
100mb,Cat,Cat/6868.jpg,12533,1209a320b6c7f8e3f105ffbab6f96aba62990f7b5bf08a62ad74218707482dfc
100mb,Dog,Dog/12268.jpg,47516,80d97e19145f4367254da8a79c6656e18ad310b7a64da1c5f5bd33e9aa919eda
100mb,Cat,Cat/9572.jpg,36041,f63af4ee977b7388a1914ad7628a084e523ba09974273f3ef86cbf990c735464
100mb,Dog,Dog/3050.jpg,25701,2c903dc483bb9db0743ff4b3e51fb5ec5a3cbffe9ad3a478db3285394aad77d6
100mb,Cat,Cat/10693.jpg,20716,587e93e7b480eb95b23fa8c2744f9b9a5ad9f71940a24c057341880d3e096de6
100mb,Dog,Dog/11898.jpg,12062,c973ee8cc4e0185795b276bac6e0c2e1ea2bae65f4bcc2db666f43c84417208e
100mb,Cat,Cat/12492.jpg,22022,05f4607fb006c2bf325535b281ad9e1217c24d317e94f99e78d563352532c211
100mb,Dog,Dog/12005.jpg,22374,e7be1eef9cf82dc27868907f15d21593f6b9b80168b4175595e0ce9dcab17243
100mb,Cat,Cat/8426.jpg,29641,d6a25265e61d4814f09380f1fa01a44b4cfbbbfeb3632e1981131eeb7640af1a
100mb,Dog,Dog/9274.jpg,30166,8a925e02ed784d89623047edf137c220fa740186fcb49f829001d8bd4f79cecd
100mb,Cat,Cat/7998.jpg,11329,7697e22b4fd2d9e5c41f2bb80db3837f7d026b8130c802b910714e4c74da4986
100mb,Dog,Dog/9916.jpg,35036,28d6e88c12ef7bba0fb00bf6b2e1ba83a5cbe148845f8f3be071c6e3a4135212
100mb,Cat,Cat/866.jpg,44120,9bf26508fd90c03bfc616a9320afe86978ede935eee6c92e30683bea50efe83d
100mb,Dog,Dog/3889.jpg,13949,dedd3c25cfcae4ae05816d508431d28f16d2af66e937d68a0dff0c88a6803bf5
100mb,Cat,Cat/5448.jpg,26341,ff44c90bf9e2a5fffe2155c9cef966092de840c1585c770921fd0edcd412d479
100mb,Dog,Dog/12027.jpg,29018,892ec6562d1b7dbcb3add8adc1fc68f70e1f5cbdcac85bed4d8c0166b6ba182b
100mb,Cat,Cat/6740.jpg,19955,986898ac78c76ba584241938ab789242772473e012011a0ffb65f1941db020c0
100mb,Dog,Dog/125.jpg,45566,603ad0dd08f67223f7e20ea521dbce8fb552ee2508f09c75153dfcccf6709682
100mb,Cat,Cat/3862.jpg,20946,b15b093bfb27e8ef5cf0e593a3d8a176bf2935b5013a30a85b96009e276d3d33
100mb,Dog,Dog/11009.jpg,18987,a2f9c0f8e305176b1799c7e1fc99462549e30aa94de1c6cab9bcd2e3768311d0
100mb,Cat,Cat/359.jpg,20941,642db3c1dc239ac70c06c2ff18ce750ab267e2cab8415f879056ffaeb88cffc5
100mb,Dog,Dog/3429.jpg,2882,59aa51169f303a5e5d1075d0f806394eaed8e6a1b7635361036455ae24c9dd19
100mb,Cat,Cat/5020.jpg,14223,cc747efbd49bcb6dd5856bff9ed135f9024d46a17610dde067fa9de4ab60baa8
100mb,Dog,Dog/93.jpg,18436,3f68c33e4cd41ca7e8e3236367a240304f6efdaac643ac6139a4deec777bb217
100mb,Cat,Cat/3211.jpg,64606,ea6e6fbe6c18840b802a6cb4a9b5d3c6ca0fd1598ab992f39ecc080baedd40b8
100mb,Dog,Dog/718.jpg,17729,8b53e43795859c50d9cad14e7f28ffeb410121975f65828861b9c57945386e07
100mb,Cat,Cat/7163.jpg,5484,b02b5b0cb88ba44d813bf6f63bf0bc4ecb43b590bc7ff89f015cca8698167dd5
100mb,Dog,Dog/10230.jpg,38350,6b26c6906f583e94d31505ea53ac8071e07e7621c31343f8d82e5a813b40cb04
100mb,Cat,Cat/10152.jpg,16030,95c25e6ce67509fec8bfc2b24dec2f1e53e6e230497a56b537684cbf34ec20fe
100mb,Dog,Dog/5322.jpg,25401,14ad34e8f252454daf3a888f30db356affe0648d76868e650567e5155c63c196
100mb,Cat,Cat/10517.jpg,21559,f5b7802861247a21e687c4e7e21f9731acc631031e205432ea794a57355e8464
100mb,Dog,Dog/3540.jpg,34662,018983d90b817ee29380cc2d9c639a36962c42433b52de1a4a802eea2bf60d6e
100mb,Cat,Cat/2706.jpg,17939,88142d0dab35f119fc1abb4b9a5eea17fd53a7127c1307a57f39b23b31a6d5a3
100mb,Dog,Dog/3228.jpg,48216,dbfe4f25ce901261e28d07f8c6abacd221487123fa23327dc0be9b513a081105
100mb,Cat,Cat/2965.jpg,12357,494f6441a1c7fae1547c8805c795ee9c3d3018ca5a20b294427fe3491a16c37d
100mb,Dog,Dog/9182.jpg,44085,aba32aff3cc66a923a61e62bd561642b2a43bcee43a997b51ae126275f258408
100mb,Cat,Cat/10404.jpg,980328,f2acf3c71163a021a4eaf2e9ed099907b78723861000c19c88ffe9a058f8fb4b
100mb,Dog,Dog/1782.jpg,60890,b9d820ce79ffb3c011cd9298a47598e06b08c03ae239669a23f11b8a70f1f053
100mb,Cat,Cat/8933.jpg,43182,923be845280fdebde9f19a1c7b357e430b0051edad1789f0fb760f9d1ace84cc
100mb,Dog,Dog/3641.jpg,23423,67af5e532df728bdbd2be3b36a40185be28f0692c6a6b22e60d4cfcbd5826d71
100mb,Cat,Cat/9693.jpg,28369,4ca7b431258b25ed4d1dd52f9266298ba3078f45d2a40fa2aef4b342d06b7cc8
100mb,Dog,Dog/4350.jpg,32334,daa9172e89d1f0252c07b08e16310c8babf12852133104c93c1cbb3922057b78
100mb,Cat,Cat/1513.jpg,46523,683d44c9b061fc2a21cddb754dba5748319f64630e09be55b03fe624f476dcf5
100mb,Dog,Dog/9070.jpg,27930,06c533cc4adca9c54100018bbb927784aff4bfc4391952f5ad048021553ab6a0
100mb,Cat,Cat/3074.jpg,15021,9a0a4a4b09d319c60378f29fcf73f8ec646abf29e1ae3716771bdfd3c1f96f17
100mb,Dog,Dog/8144.jpg,53748,f752ac3ab857e0a2d3e89a6c75670f966f477a543c5100d8f8720a5b135a7272
100mb,Cat,Cat/9287.jpg,24688,1b1e7e66eda8820b6bc8ffc740c137be042a224ccfa8e45b53cc85705ee1d603
100mb,Dog,Dog/1416.jpg,31425,554cd758e2cdb5b5c626f16c85047f3085e93e7dd9bfe115d73db6ce722c532f
100mb,Cat,Cat/10603.jpg,32951,9ada6551726953917c6006f753031a42b0835c60b9149b481a95c4a6b79161e1
100mb,Dog,Dog/5886.jpg,8072,06812e9dcfc3a46964b11f5535a835ee82e6f5b343b6ddaa74d18c00c992038c
100mb,Cat,Cat/523.jpg,15455,82f9e53b6e512f895f885023e3e3899c793f45c7f0f8dd012de76ac38960801c
100mb,Dog,Dog/3594.jpg,32659,716b69504e3737b1cfeb74c04f932cc4afaed7b569a358f73be3c2fe1ecb28eb
100mb,Cat,Cat/2635.jpg,22074,794219ce973e87abc309c9bc7d44672ca072c116154b467a4a0591e536941fb7
100mb,Dog,Dog/4630.jpg,43620,1527db5c1fdd4cf9e6c9b27c7b7a21b008cdf81d9e9cc5971258d0fbe261852e
100mb,Cat,Cat/3815.jpg,17653,2cb67c17ad3eb14285028e19641e4485834f22a533a824e8229e9270287b0ab2
100mb,Dog,Dog/11987.jpg,156043,6184a2b82e5236458d01e52ae1cf4738fd5a4e08accdd182c48fa3ad353c2d4a
100mb,Cat,Cat/4678.jpg,12920,6b1d355c06251f3b16f7525fb94208a0c2b80c63d2c37f1955018894ea345e28
100mb,Dog,Dog/9882.jpg,62576,7ab992c916a909e290b9b55bc7e52d7061f4604cffb4c86696959744c124c6e8
100mb,Cat,Cat/5868.jpg,28247,e365d3fffd76dd3c8285a9a758f918ca3631cb5439084231c1d6afbd477d5cd3
100mb,Dog,Dog/7624.jpg,25163,5468cbfd9d1274df3fda0306f2412bf2b909c86da091169979ae4d166fd25c83
100mb,Cat,Cat/3949.jpg,29692,27453ced0218b2e2fa36e130823d05ff6ae923a84e89cf0ef7ed5b4016ce0855
100mb,Dog,Dog/10867.jpg,28986,b981c422999a7181e26fcdf23453325ffca912b190b3bb74fc2accdee3d711d2
100mb,Cat,Cat/2173.jpg,36768,d8a206168d5a487f0dc6d03fe47b61e9b4a00f1c34d88265f9e581313a2a2bf9
100mb,Dog,Dog/5469.jpg,44308,a784bd4a879796adba16c0947bd05f7a355b104ba763e2e656f1a134ca9734fb
100mb,Cat,Cat/8711.jpg,103473,1fc6da565b4a7d6b94aacfc3a8c0754d01b17e257970e15a7a184e72251f45d8
100mb,Dog,Dog/3758.jpg,20558,8db15e56b91ee0654b099f85f52c7854b9950c73a54389a42fd917bdee19c38a
100mb,Cat,Cat/8486.jpg,19283,07980ea3bd13bb5ce4c2f892059ede6db50483f564a04c141ddfacb750ae22b2
100mb,Dog,Dog/5574.jpg,49178,c1a898cdab0fc23fd3158ce0b159f2f996c54d71bc87578d132e9e8125ee4f0a
100mb,Cat,Cat/12021.jpg,22769,36bb8e74cd4804a895f9710983821b29f16c29cc0c3788916f21e26848224ab3
100mb,Dog,Dog/6344.jpg,55493,bc08228ae573b95174732ad770c05742072d28ad6bf5773282338f19b90c9e9e
100mb,Cat,Cat/9525.jpg,24223,8b383d1f6b651d5b95b5b6f3fb03f53cd27e6bc571c58e888d9c7a6640e26b26
100mb,Dog,Dog/2181.jpg,24341,0c9dcfb5c924efb90811d26bd604bb3cbbffe230e3aa7466896ddf5bf5c548ca
100mb,Cat,Cat/5592.jpg,32875,a271fcc17d0e27c7c795a57352ccbd59dc1be98eee70d7a6422abb0b3bb9f9e0
100mb,Dog,Dog/1914.jpg,27850,c8141d1305f18d5bb04aa67bcabf8744713ec16c04fb2659fdf465bf5b0badb5
100mb,Cat,Cat/6821.jpg,34148,9b29faccd4c441ba9867154d1e0e40c2d3adc0632b17f796668a824824883108
100mb,Dog,Dog/12461.jpg,25086,4d70b09ae44ac7ea6e20c15139b29e9b419b259dc3cc85cdfa73b22e3bbec296
100mb,Cat,Cat/567.jpg,41597,9d077a22ca13934ebc8045f0d2ef38f03e84c4aa489d7b9412cea0ab2bc700aa
100mb,Dog,Dog/2704.jpg,23101,307b1b56f8311078083bd8fd2ac71228045793f602c291801052119688c51bbb
100mb,Cat,Cat/1336.jpg,22382,22a657b5f9ec630edefb9edfe029fd4147f8c0ed045fb757e59312ca0a57b96f
100mb,Dog,Dog/10215.jpg,55510,aa6fb5468be007d266cbf0f1259baf4c81a5e2e408b3ce7a1ef7a0e91705c507
100mb,Cat,Cat/5107.jpg,29874,8ff84bfcaf3cac2a2f76c6c8684f34d14356acac6e988a5de38c60a2ada53455
100mb,Dog,Dog/1661.jpg,38365,d49dfb88e02f417c3c242b5487fd534a6f7f41f7c251fdbb182fa4d2742025cc
100mb,Cat,Cat/5435.jpg,29678,cf9a7b3a9be652cbe0448a07782e77838b33777c36e91adcf281dbd65eac5d9d
100mb,Dog,Dog/9331.jpg,27981,b7f8b2d5e01ddc58398b5a40d748a27338e27cca101405dc628430840aa72025
100mb,Cat,Cat/1120.jpg,40915,47b286b7b88a0d6317a0435052516bfc81060f3772d6448f4e5989d763122c19
100mb,Dog,Dog/1414.jpg,148289,653999f9380f038d35e08d6a0723890c9bc0bf46026117d4f41e06fbb996d47d
100mb,Cat,Cat/7257.jpg,14209,a78ecae0c7d96df462cb519673efa871dffc109dd114d0fca7cf165858cc7ec0
100mb,Dog,Dog/2882.jpg,17735,5cc74035ad61c08815a151a3fb47f77098b7f12afe83f1ad18c25eaa709839a0
100mb,Cat,Cat/10202.jpg,22657,d109b76268a6ba37e0273327b235c4c3c30ebee01431a28868c2458253271852
100mb,Dog,Dog/6526.jpg,29749,26521a2de93067a54a2fad8b6e4854df956fffe81d26d735518a4a4337caf7e9
100mb,Cat,Cat/446.jpg,17801,ad90374ec32afe61c492cd7d82591be5cea9c5c867c54a165bc1c20284a4d56d
100mb,Dog,Dog/843.jpg,30719,be90939e754932f2625220543eec37c0cbffe0ba84291cdd2b288397ec2c2c35
100mb,Cat,Cat/10553.jpg,22756,69e215034fff19507e262b5c30c3b6721afeafbd7387b8e50b488f528052a868
100mb,Dog,Dog/1629.jpg,53041,7662f83a7ab4dc2980a27e6dd3ea8c1df1d2ec0b18a3f70794f823a9cfd3d7b9
100mb,Cat,Cat/10193.jpg,24366,d7dc9bacc485f4cddca664fcb1f33a9e41cf9be52bb84c6c9114b33f767154af
100mb,Dog,Dog/6518.jpg,13139,4274446e79359ced9265ac6284c855adcc7d02989046ea7cbbaf8e208d6d1ff0
100mb,Cat,Cat/6124.jpg,29110,6a86cc29a6f55d2b35cf7ce5e434e3bada6fd03180cbd7aaf10d891008e5612a
100mb,Dog,Dog/6345.jpg,52850,40b6966a7b33ab7dc5ae309c9519e7f7786888c08fc74d64f374e723933c4859
100mb,Cat,Cat/4038.jpg,18409,3953d9f137ad0b0de0f2ef055e5cd941a4cffc4a7b6f0338f84bb21c4df889e0
100mb,Dog,Dog/7889.jpg,28135,ad49b9363b914a530c020b28987a888a7281a1fa4ea9803e3c24aedec99ba850
100mb,Cat,Cat/201.jpg,22737,bc12976b7feaa7e3556f9bd5f835a954139673f1d6f50c32d30af804bcf965a7
100mb,Dog,Dog/267.jpg,26679,6d78b0b3bbd5a16618294c7d9cfaf3b1da4bc0613b96b69fb189f74af3c1fc6e
100mb,Cat,Cat/11216.jpg,39095,a2b7431ef3117f76d7f9159974f5cdc6455db21dfbecde21bd4d531c186f2681
100mb,Dog,Dog/8537.jpg,41293,a1ad88e8fe9d3d8966c4bc3c23400a6c348310cce4605857417a2298c5a59dde
100mb,Cat,Cat/4004.jpg,31158,3dba3bc5bac0bede3d38587c9b126b4d3e4330ebb307d77a300e70648fec8a02
100mb,Dog,Dog/7038.jpg,17875,c0e3d7003f6725637f958557bb1428343afeb7a0977da4a4041a5c690310cea0
100mb,Cat,Cat/10733.jpg,42562,1a8daac418fd48311c7f8aedc81cee70a21e7513c65862cec583525864f10062
100mb,Dog,Dog/1506.jpg,27305,4a94a32b35a22a37dde61986ef0f1b83b4a4f948022b12c1157e6e168f73f1e8
100mb,Cat,Cat/2745.jpg,33360,9732c755a500dd006fcad1f9befc10430ee25e33642498ae16036821901c469a
100mb,Dog,Dog/6430.jpg,404550,62e93161679b473d3d339622b29a92ba0e314299365b5c313a16449e383c074d
100mb,Cat,Cat/7193.jpg,19600,4c312f61b0b5b73a5af3ca0dfb70a0103fa14615dbb8e66668acc3e76d34af44
100mb,Dog,Dog/8101.jpg,19769,c1b8006f3ab54b66d73eded2aac491e4dbc261b7ab9292ab7d177f6cf949a578
100mb,Cat,Cat/11880.jpg,22902,461762435b8230f1a2c3d1f111a99b158adf01ed4baf639cfec59340ece02e3b
100mb,Dog,Dog/2506.jpg,23847,66e3e030480cebc556868f1f975d2d46de5f342f7f1ca5cde06e192fd69ca974
100mb,Cat,Cat/12196.jpg,27592,9a1bcf5082c7b16363b2316035d6f661a02bd5f29f9a0e1c3b2cd3f65069be5e
100mb,Dog,Dog/4839.jpg,22271,26ae3ca11c528790a39d5928762c5088106c2bdc7bd1a8515b0e68d92ed759ff
100mb,Cat,Cat/10597.jpg,18772,ff6dcce63d6a62c493f1b3152e9065f1ab2a7181459cd724ddfb4e6a922c93d8
100mb,Dog,Dog/9954.jpg,73914,60028884816b7c8ba0e6e188d37d5455442fc2d7944373769de40525dfac1cd7
100mb,Cat,Cat/3670.jpg,21344,ea41a656cc5850d3291c6366fb77b306d055910d3ed060202baf911e08147bc2
100mb,Dog,Dog/2082.jpg,28674,2e8a672fa1fe372ad55cab1f1898ed20e766201450ed401592ab0c404f273b7f
100mb,Cat,Cat/2846.jpg,21157,a56334e8256c472c3aae44a7cb2fd2ba6bd5df73de53d1a1b28dc5cf9ab47c4c
100mb,Dog,Dog/1599.jpg,23364,e9e7739abdee66120bff78b8a740a3084a84fd779053d2fc66e923abe02d8c49
100mb,Cat,Cat/10125.jpg,72974,145767dce36928841dd8a9571f2742f429e12743c70c36f7b3d49d4513dc4e97
100mb,Dog,Dog/7084.jpg,29069,9b235a4c72746aeacbccf22ebc56daac4565e581689f2ce75341eae7ead361ff
100mb,Cat,Cat/7296.jpg,27191,3c6c0652dc835cf3574d238c77bb615c8ece49d9c3f86be79e85d9d3cf422a04
100mb,Dog,Dog/3022.jpg,18435,aa6781f5a85281f150cdda0d582af8031b1e868dc95a91738a7932237e5789f2
100mb,Cat,Cat/5504.jpg,19055,aff53c3e166d5e68d10bd6c597708a60cedce0a0d57a3fb0f0f26cf4f0ddacd1
100mb,Dog,Dog/2887.jpg,19309,1407ba938f4ade923bc422a2589050a940263b47bd1660ec8727abff01cc5289
100mb,Cat,Cat/11178.jpg,12772,76aa37b1adc93687e82573a05cd9fbf8b3605f98f9e96d8b62544b8903a0cf5c
100mb,Dog,Dog/257.jpg,42548,4b5e2419f96163e5934b2b846f2f716c77a65da3fe67fd144dae63fee41eaaaa
100mb,Cat,Cat/2752.jpg,24667,6c21cead826dcf78a69c2df3dd2342b68e5615db1b42cd73f3f93736e90cfd84
100mb,Dog,Dog/7249.jpg,43818,2bab7efa026f59da8b314ee146312ebb39e6e804d0f9583a0bbed1703267b301
100mb,Cat,Cat/2479.jpg,29831,f94aa7df76825f313f51a6df7a01e669c7a4ddc32e2ce8dc1a56f90c67e27b29
100mb,Dog,Dog/3037.jpg,6966,c35e3f2a8604fc1e17e5c57e351383849954576edaa9b426299044fc6577fa7c
100mb,Cat,Cat/11769.jpg,34849,2a57534d9f97060672f0ffa7aa5d46189e630bf3ded395a3f3a8c103ae06f496
100mb,Dog,Dog/12164.jpg,26761,0c2130dc724ff3970d6e2d336a80331630fa1284a3a4e65c7a047d0053053f84
100mb,Cat,Cat/9726.jpg,29382,aec627d628d7ddab562ef5abf523243af8b3eb180160c88922daedb4b5f92454
100mb,Dog,Dog/4645.jpg,19304,8dc275543ca10c460bf39993c0cb35d851e5abfa31ea73841810a416d4c8f701
100mb,Cat,Cat/1637.jpg,23420,cac002c5bd74837e76efe9c34688d5c421a8f88add17321aa7641bf2b6398160
100mb,Dog,Dog/7347.jpg,17028,1b57fa252cf56d957ee97e60648d7f88fbab5809e33b962577b108f1588036a0
100mb,Cat,Cat/3327.jpg,48326,3072b0a761b1dcdb2ef7bf1c267d3396ad32427f9db576eebdeb28fb5d2b4323
100mb,Dog,Dog/964.jpg,21028,8eb6f4d2ed51491e829883cd7272eb1aae3c29883b97e4bac20539ccc15fd87c
100mb,Cat,Cat/3149.jpg,23164,10000c2c72ecd11e13276b1ad4150fde3fbf874e384dbc7ca5d80b0c1ec5207f
100mb,Dog,Dog/544.jpg,107740,808dc753b2757c2d10c70d2d3f04a266ed68021206858718ef826420146335cb
100mb,Cat,Cat/7617.jpg,26611,199c495379c63b2a8cbb249f93924bfebd2bc40fc719ccadf37608cf1550afe8
100mb,Dog,Dog/5132.jpg,7526,ff0cbda584c81cdb1e0df2924f0e3efab21987eeb6bea04e3473d713a46b497b
100mb,Cat,Cat/10827.jpg,25916,7404c728ef16266d59f566a7ee4e38fecae07a264052dac58cc1bc4f1e5870e7
100mb,Dog,Dog/1332.jpg,54593,4dbb84c414abfa9a427b514e08fb09975df6e20df42576796d037060af525790
100mb,Cat,Cat/11312.jpg,11581,baf4ea6ec34ed573c4dc14da44995bb01b081137160b483630d7c9456120c8da
100mb,Dog,Dog/652.jpg,23963,01f4278b31f4d312fa4355d73ed6f4eb6bf873c4203a0cd98ae2136d7fbf1608
100mb,Cat,Cat/1314.jpg,29334,51635e9b6b2599f46314d51a9a5d86fab27580c84eadfa3396df410fcb1e01b0
100mb,Dog,Dog/9627.jpg,16236,3640eb8f5c202ea01404295467f356bdfdf011985a1229042176f3f670018f1c
100mb,Cat,Cat/5326.jpg,30508,9fd8dcdd1415fc750e47636593897c1ca6923dd6d8823a960f197d97f8119ff5
100mb,Dog,Dog/12183.jpg,36311,5839abe3f557a67dd852f07517f968e1f18bffb59c0ca563f013a98ca801fdd7
100mb,Cat,Cat/8484.jpg,12875,cf784e2400c197a52337242fe081bc2f1188fa5d5e0b8e80e690a2f6f0248769
100mb,Dog,Dog/1003.jpg,8290,3da87e581eddb95bbb39af3fd3ad5a8c3e74704d31b96a7bcc0fe4040918ac93
100mb,Cat,Cat/5959.jpg,19538,0eac8268cb83739ae88b84cd5c26d400093a5bd132db793de891f7079cadac45
100mb,Dog,Dog/5600.jpg,19572,ee74e322f2f6db90b420d989fae75fe5a8e22432fc6ba7e654286922d8247922
100mb,Cat,Cat/10874.jpg,146582,a48083880e003e72071f2e863a5394eed7671c2bad557464b3845841dcbb3832
100mb,Dog,Dog/2027.jpg,51777,70618a588c47b4e0604395ff92bfb4aba5e8393de55005968fad6a0373cbbde2
100mb,Cat,Cat/8964.jpg,37291,14521719cf462b4a3ca29cbf436ee40220e8ce5b1364aacdc451341ac44e3711
100mb,Dog,Dog/3001.jpg,29253,83c858b209cfbf903944e270afec936a7896dfcdd1d4fe08e16b8ac8a210074f
100mb,Cat,Cat/113.jpg,23687,260d2b8cc18965839478b74b8fa7e7fac3a4c05f62a03eccf1f71d379ff03197
100mb,Dog,Dog/5775.jpg,53590,c1d1fb139cf0c7fdaea10d11233971ef7d74e25bd455d103522ca710bea73ff2
100mb,Cat,Cat/9360.jpg,26072,ea3968718cedf8eb301815f8f5d5527a7adeec0ca28ea60ef287a33797a119a5
100mb,Dog,Dog/11270.jpg,26860,a3216ab29f90512c657b38b088ceda71c593d61f89a2bc16db1903a0c9dbd92f
100mb,Cat,Cat/3924.jpg,19982,3aead019dfbe9d9db2d191f45e5ab027e26d931ada14a1a77f0d94e18345a32f
100mb,Dog,Dog/10949.jpg,37517,71f3d7fc046b0e07c849e17ffa9a67b7f2b0078e67c1ae111435950cf47492a4
100mb,Cat,Cat/70.jpg,30341,75dd3a78a29557338e6362f4c719a51a36046f1e2edf659f33f865598e342fe8
100mb,Dog,Dog/9704.jpg,18648,3ff12b29139902a0412e7faf8b2c4d0346db790e05bc0516362a63159e975b93
100mb,Cat,Cat/8054.jpg,14811,f0496bec4b271bab5ac26ba2a369e4a7441b14b72ca5d8eb15e9ed429e422cfa
100mb,Dog,Dog/9780.jpg,40520,81d9d7ee63260145fe3da25f0642330f2d1d1b7698b96627de96572db399e1ce
100mb,Cat,Cat/6833.jpg,19393,b49519ae22c1f180813e6ce2589e956898c37b23ea8801d49767c6c00fb9d774
100mb,Dog,Dog/10568.jpg,34652,bc5a6d05ad0438cb43e83554cbb5abe7f27b4ee579c08b2c1cfa64d318966093
100mb,Cat,Cat/1900.jpg,25524,92b2f7e34b109b9b431b5caa2cfa6e2ba3050261e667980a1bae0264f2b7b136
100mb,Dog,Dog/901.jpg,31557,a506e2598e329e7866dd7099b9c2979317c666d754c4ee8f6146d004875567f1
100mb,Cat,Cat/10237.jpg,20137,b3d770a70adc1abe13994badc8a8f50ec8c2965b3244f6992dbd3ff286240a73
100mb,Dog,Dog/4764.jpg,28722,5c25fc470ec7ed87c5b861a6ddee239c0f41fc2a1b68e449ae1328f48b5ab5d9
100mb,Cat,Cat/2297.jpg,47124,b8aa59e1ee46e3597860252708da8914443ea355af6b48d25f082fab358b56f0
100mb,Dog,Dog/11679.jpg,19374,da7f2f6fe78ddbd2548f8f1dc8c303a8496ab1580f60103c3de6f07504399c82
100mb,Cat,Cat/1000.jpg,26344,b11f50044b93c17678c9018ed37f1d0b04c2b4096f8c37b1ffe68b88da3aad88
100mb,Dog,Dog/1896.jpg,22908,652d11facc4596dba843e43d35cd5a83c0c8be5e8649525ab3b6468f6e84c021
100mb,Cat,Cat/473.jpg,15798,c7472d36dcb31e458a7ee151305b0fae87ae819d818aa93e2bef7734da0053db
100mb,Dog,Dog/5339.jpg,65213,aed779e14d4e192cb445e853aa3a7bc2b93406df711e87b5f2b409c24f1a9efb
100mb,Cat,Cat/2366.jpg,22262,b9e97cdaab22f89732e22bb705a34e42af77b6b36c7803439886f387c1165c5d
100mb,Dog,Dog/9745.jpg,22106,8cf19fec3ff95c332e8ce4693325debef4ca1089ff3da3de879647594c4a7da8
100mb,Cat,Cat/9386.jpg,31027,b93a113b199a03b29bb5f368f546f5785fff69c58578aed90bcca39fbd26a235
100mb,Dog,Dog/8425.jpg,146073,a132f2ab4437f172b53698f3ca56a278e43057048093f6571ad5c52350415adf
100mb,Cat,Cat/6874.jpg,19825,6e80c6bdeabcc665c0d80d39ed7252b5ae6494b0f192b8cf8adde3cae395ac6c
100mb,Dog,Dog/5336.jpg,28380,867a80cb11e23035dfaa2f81f874af807640a9c32c08892f1ea3f9fb6bd2a21f
100mb,Cat,Cat/10556.jpg,25546,da62f05e5a6ea2f4a560fe46e89768032cb1cfb98cff7746baf7eef7cb061a28
100mb,Dog,Dog/4259.jpg,41392,74830be38e992e7f421a2824fe91b4771d3e55dabca7a91bf87a5f53f59c2c6b
100mb,Cat,Cat/5951.jpg,16101,ea28f39da02abb7fa488503f0c5db1dbc9a89279e4295b2f1fcbfcfccd063044
100mb,Dog,Dog/4504.jpg,48214,24b48cba81f14ea5dcdd105acbcd1a44e89aeac74c7ab58dfd4a31e77b2abc66
100mb,Cat,Cat/6231.jpg,19231,1c8e9d392a738fe90805afd8f0225e606ef208962c5fdd82eaa04a4fe80df99f
100mb,Dog,Dog/2855.jpg,28914,2084ef994c263204a6963d235b452750a677da74845fd05931586da87f28a1a4
100mb,Cat,Cat/7381.jpg,17865,cd73310535999eae20ecae258cb58aec6c35a11eb766afe34ff454e238cc3ed4
100mb,Dog,Dog/4560.jpg,39186,e7fc187967570dd9d510fbd72ba8c62b8e78228768c3c20bab72a2abe928a556
100mb,Cat,Cat/7305.jpg,6447,9d842e349b50f2df067b0a1a5b91bdec376961f445114852ebfb2cfe753a9229
100mb,Dog,Dog/3320.jpg,43734,5b53e93239c894c4abc6fef6d5da2504b58f817fe989702a94224d9b59fe2bc5
100mb,Cat,Cat/7807.jpg,26607,25efc77bbcff882865ed131b7f15ee72a22b1ed6f7ffc4657c65c1ea27b8b08b
100mb,Dog,Dog/11001.jpg,50577,cabde7a7e6f676ac48324fec7a04927f7e1c644e6cf6c8cde2b5ca91328d7fe0
100mb,Cat,Cat/5306.jpg,47092,738b2eeac509db6ee313c85b3a1e7fac9d36defef5ff6a08532d8eb80cebb6ec
100mb,Dog,Dog/6932.jpg,35012,0177f86b1a4a6d542d29e92a2d292a3c0b04fb44300913445ba402b8d0985861
100mb,Cat,Cat/6862.jpg,30702,9755831de0b6ff73cfae4af48f046fa58aafea342601dd68ff51f3b882c50d73
100mb,Dog,Dog/4979.jpg,41161,fe74e86a7d35f3c1e82531f175f3566ece49fcdece6da83869719fa81568a393
100mb,Cat,Cat/2928.jpg,11441,088d5745dfba4caefc27c65436cde1f43d4714b2b06d85e0c7b30cd6eff711a4
100mb,Dog,Dog/11321.jpg,27285,86cb481c3cf6206fb944f8cce32bf1842f2d225b1e7bc7ad89e838643f37b37c
100mb,Cat,Cat/9186.jpg,112601,7df273dd6c89b95752c131b66f590c2350721e7d5e9012be31dda21098348b92
100mb,Dog,Dog/4492.jpg,39216,645c6c969d837812fa8fb9edd08f0922c0831d3e22f42a81f123b818690d7f40
100mb,Cat,Cat/9482.jpg,29698,66c3a44d303000da33421ed51eb2321b90411a07f42ef76e519b67de8bef51fe
100mb,Dog,Dog/9254.jpg,130029,e3dac89b0d11cb545a9090386036d03e75df46d1d369738495b03c1511d4c111
100mb,Cat,Cat/7457.jpg,21004,889ab188dbf0f1c951f93889b6d0d8cd1240a71abf9da025d458701d1005e206
100mb,Dog,Dog/11992.jpg,26695,3bc66dc2be9c8d1f34cdc552286c9ad3796d7f720f9d5c5df85d9d9b10ea889a
100mb,Cat,Cat/2610.jpg,26025,1e654483544f4232e51378b4e3eaae7cae5259567cd3ad6869e165fbae35b4ed
100mb,Dog,Dog/9744.jpg,47202,e0237c8fdfe4147a43d68c71e2a9d806696fcc4675e9fb5d108a498c8738e2a0
100mb,Cat,Cat/4633.jpg,23660,96ca2faad27339e768c9621d4a54272cbfd6bc7c48e839740778ac306133636a
100mb,Dog,Dog/10782.jpg,43147,656873b86fd17efdc3fd165be09d2b8c5981435b7ae7caed97ceb0dd561e8b1d
100mb,Cat,Cat/10219.jpg,48878,fdae7abdea3c53a29dc671e9930b8b1a0ce810cc432f3403e7d83bc8819d5216
100mb,Dog,Dog/11916.jpg,27475,946b36e41595bd0a24440c0e06379804ae02ff0fa6046ee5314c43d5bc87ef8f
100mb,Cat,Cat/6315.jpg,30677,c9df5b3233287a3e7121b2b475a5fb5ee2a32fdf3b3fac6dd8ed32d1a58d5183
100mb,Dog,Dog/815.jpg,69873,ba1a108e4089ed2eb55c9ab584bcde3ac9812481b1de035f86d6e63266a64df2
100mb,Cat,Cat/5465.jpg,33143,362cd388d4af50fc1c0af2446a3af16103ba7ddeba9ee4606433416d58c4845f
100mb,Dog,Dog/8400.jpg,67392,0cc65d7182b4501f276db348702c38a1df93aee79032d4ee2c60be1955568e28
100mb,Cat,Cat/9345.jpg,23410,dfa1a33d1e86bfe7945f18d675134694da9fd5281b8a20995f21c126ba351833
100mb,Dog,Dog/7495.jpg,55905,0e3368913716004d7324c370df1c694ef46c5df464fb093b71bf4ec5a5b91cc1
100mb,Cat,Cat/5362.jpg,28926,0ec02d8a05ceaef85cf91a0a2ced1fc08eabb7b03af99a85d93687031519e012
100mb,Dog,Dog/1919.jpg,43847,b3ff7b299f9ba7b71708c2e68b044d3efb113a3a5ff6e99e2e9216c7a355ac94
100mb,Cat,Cat/2075.jpg,21314,bbbcec9f79c949a867fbb06374003874876999c2cb290cebdd5d44338ceee143
100mb,Dog,Dog/8516.jpg,29278,a37ded047402ff8d46d34fa6d1afec7edd8f8aeb4f0d42e3bba140ca3ccd8032
100mb,Cat,Cat/1901.jpg,30135,a7b09006ee41fcbafab029ce1b136f1856ab3b55b5419d3a6b8e304be6dd2715
100mb,Dog,Dog/152.jpg,21519,880db13cb0affdd1c361846c407124e38d567c5451dde2ed6399b811af6d543a
100mb,Cat,Cat/12315.jpg,47592,99086c15bec994b87b9ad0a63e9bb276f3450170c56fd786458af0913c2bc029
100mb,Dog,Dog/1980.jpg,5002,dab587f8fd1de21c82d345c9a16d6e585982e87606cb46d074beb59a1bef84b9
100mb,Cat,Cat/9836.jpg,47563,8cd61c69c38cb7966644cba6d8571f56d0134759a2814044ad869d42a9342ac9
100mb,Dog,Dog/7333.jpg,21753,9eaf362434893e93970bc3b5fa3f4c8a7a89b95a6e801867214bbdc750a6d9d7
100mb,Cat,Cat/7903.jpg,108594,a45ed958e4df78047cf093ef884bcc4a91a3368902d24a08784ca9bbd899a07a
100mb,Dog,Dog/11209.jpg,20145,120bc356bc3c94e28f2e338717ad385fa5b72a8d7892d2c825b5151e4cac4549
100mb,Cat,Cat/133.jpg,12466,20e3de7a605324d6620f3dd30ecd19dd0cee54d0bc8867fa65e5e6b62b2401b2
100mb,Dog,Dog/1296.jpg,44695,075fa037639c8104bb942d9e9e6386b81e41d6265ee9e18661392dce0dc5fd86
100mb,Cat,Cat/8007.jpg,3945,ad66a0bf62ed3417ed837b3004771c31244298c51ba7bb20ac755254c38e5471
100mb,Dog,Dog/2814.jpg,20786,0226aadef6096d97a1b0d9567d13ee374c18c3ec73a662c1c1806edfb1792779
100mb,Cat,Cat/6676.jpg,21891,39df13dc4e683b2abafca28becaef6008224ba0086c99850b77180ea6b60cb5c
100mb,Dog,Dog/11748.jpg,15346,f76996df5dda170269518d58ec4f486e73e9bc17c03de630bd184b89abde1462
100mb,Cat,Cat/4900.jpg,65171,f5e8d7a345c74b9f6b8b2f5626aad1efe1418db848166fb2c189fb23e997f4ad
100mb,Dog,Dog/3322.jpg,18394,cccd15aa5763a0a456ecd00131055ff184e2f656cff876e57635f39ab5df9f5a
100mb,Cat,Cat/6477.jpg,47578,e2a931b9f9d85266f2a4e5cb5b6ddadda1d0af5d97039692f3372a525c5f6431
100mb,Dog,Dog/5722.jpg,66603,5cda46c6816605fa1662db1aaec7ca9643dde995fa9f1e542ddddc7d09bb6a6d
100mb,Cat,Cat/11396.jpg,17246,f7a38999a2e3958cc2b5147b553cd00f074f08fba8dba607d51a412795e913a7
100mb,Dog,Dog/1834.jpg,17492,bc5dd6593215e0c7c7f74fade574810aa0465a5d5a217032161eb8e0783adb60
100mb,Cat,Cat/400.jpg,28806,e891ea6c8d404aacb1d7eb6d466b672133379ac2b045bc9f0ae037d674cc0f93
100mb,Dog,Dog/9376.jpg,30459,bea99748d0789baa8cd17afeb432a5c1afd3aa10d7fad30927bcd57e69f042b0
100mb,Cat,Cat/12124.jpg,18347,262a245f95e6e0b3ed0a74a0e0a7a828386afd224c07cc994fa8fdef8bc89750
100mb,Dog,Dog/12467.jpg,55574,5380758127400799ca13819bbf70e8f57af9c256c3d64880107835b67b64f424
100mb,Cat,Cat/6537.jpg,53683,d4da2c880b7acef54d038a39544b7cd328ed2285132bad11761523430a7da2bf
100mb,Dog,Dog/9367.jpg,518454,70da00094cdd1942f31312aed3f496ed1b77c95f2c0162f3c2b8e9b916d68ff8
100mb,Cat,Cat/3754.jpg,17354,88cc52235cb93d4cdf2a3d0404dddfbf08e295cd0dc25971d0a0e894a64825a0
100mb,Dog,Dog/9555.jpg,27334,d37f9cb71b4580ac5c2fe07f851712df9990a3397d5f8bed6e6875138a1192aa
100mb,Cat,Cat/232.jpg,20878,7cf90b2491430f77ccd67ee23de26f526d92045a7ee62c4b284f589ead1afe58
100mb,Dog,Dog/8911.jpg,25781,0edf4c344be88553192708993cf0e6c376caa0c8fa1454e85e3bea56146c2c79
100mb,Cat,Cat/9689.jpg,54039,dd0dc9f0c5e67f3170d875a533dc7564564da191538b694174b04874199003af
100mb,Dog,Dog/43.jpg,31150,7fffb55a3b1736100c3e141887aa6039e27f022164be2a7a4b1ec734de687c3e
100mb,Cat,Cat/10832.jpg,19512,3122f217d96ae132959b21b828cc645a6ef591eb6ccdcf18b467ef9b741f6cff
100mb,Dog,Dog/1593.jpg,54304,5ca22fc0c4b74645579667708338b7e1c4b3ad183a03b9d13131f857f435ef5f
100mb,Cat,Cat/8353.jpg,26293,66b6290d0cf5d791d7d80eb3e709f9c6a25cfb650353693e7985c83b290c10ea
100mb,Dog,Dog/5081.jpg,30951,74934e2b0abed2bb426f1293b18f58b3d9bd39ade2abc69cebc2c7da90c58760
100mb,Cat,Cat/11676.jpg,23965,163d86e5210c84623310b1f43bde8139e51eb6efbff58d2dec7021d216598893
100mb,Dog,Dog/10133.jpg,26092,641d46912efeca8503373be6da5ed24c88c4d0f7a4fcb83dc25c9e4a949d0230
100mb,Cat,Cat/10399.jpg,29322,9651b60f42b7798503e8df671a39f137481b6fec1caed703002d91e7dcbf0f66
100mb,Dog,Dog/7001.jpg,25321,8aa2da1c558852363972bebf2eaa762fd07e2c8885672d236ca2659d1484a272
100mb,Cat,Cat/1579.jpg,22436,b0d49df4c7d4aeda604f0b0f952507e38e139f93833cdfc4e5d59ef9e4b1d06e
100mb,Dog,Dog/11071.jpg,40153,5c25621b4853b135541a12e811824f2a5fc92da9f874bd58f5c610b0d98addf3
100mb,Cat,Cat/14.jpg,16642,ff4ed5362683f8e290f6ba5abcd911e8823a79e37789e5c277558d10e0c8d3e2
100mb,Dog,Dog/5045.jpg,16580,a913f3ec7125742bb703e84bd028ee0e2f5d71391664326ecb111fa94b307c62
100mb,Cat,Cat/7868.jpg,18779,37620dca293dc9071ebacf928118f4e9bd7e37172589129ed8e405d2206737f5
100mb,Dog,Dog/4091.jpg,9063,dc1f47783bdc53d7975fc1e1d338a9f6d60e22c2df1a24cea4fc0ee1676302db
100mb,Cat,Cat/1161.jpg,7146,a3a01b2e05803842bbc29698958c0058a1d1e1ac9d648af9c7b7a2b4374ee547
100mb,Dog,Dog/4343.jpg,18142,5a92570d4d7e7ab6e7d62239e9c91d9d0d0fcbb699839917596adc5de9180c71
100mb,Cat,Cat/11788.jpg,9875,3496ec92e0f54caa04c42c06bf004af597b739e82d72502e0c4cb1c2778f2175
100mb,Dog,Dog/11058.jpg,42094,3cffad282f7a91ae3baaebe225c5f45ff40eb181f58439f84a7d062f4eea3de6
100mb,Cat,Cat/9804.jpg,7001,5556e9c9c896ba4f24ec6edb2c0987908704b9a98f950a46f142d69e3814ddf3
100mb,Dog,Dog/12197.jpg,8470,61d2bfdf2e896d17f48af801bcaa0dc8407660f0b98af444170693824396a9e3
100mb,Cat,Cat/1426.jpg,16956,7660c6dc96a1a89df06a3dff8beca5b6867461144f5627e4ea48f678bbd24130
100mb,Dog,Dog/5112.jpg,34236,0e85a0705cd5a362f26e1077c73e4b8fc161a6b24d26ef0049472efc96df5b45
100mb,Cat,Cat/7495.jpg,39648,8635a6894afe62ba7f5b45afbe14a904a03c54d93826c55b6258b4038d592b9b
100mb,Dog,Dog/5958.jpg,26220,632e22c9b2b945d714515b6fd2f1af33d49697798763c5064044139d5abf6e84
100mb,Cat,Cat/4603.jpg,22166,79fb4169e1f8383449d24c13876d9dc6cfc3bfee0a942f016c29838a0455359e
100mb,Dog,Dog/983.jpg,8257,caa4283ab62f003fef7ee171707839c320b82247c6eb056b88cb0e955930dbe6
100mb,Cat,Cat/4797.jpg,24350,66610d63df8649458a62b98dc96969da3b3139b68b884782fc8ce4a03fb875ab
100mb,Dog,Dog/1152.jpg,18667,8ecfc33022a2a892054923be23ffdf1de39b9ecece9bf653b1d2c50bbbaada53
100mb,Cat,Cat/9394.jpg,37506,5a92e3c04a58d2a2a0962af6bd8f06acfd471361a13b4e48ff52535d395b90e5
100mb,Dog,Dog/6492.jpg,30325,4217512b38bb5ea89a56a6cdd37d888c0a36e64cb0bb173d4f79c68b2ce7d8f2
100mb,Cat,Cat/1671.jpg,14921,355eec8f531ca03d83f12c1c05ab86dc6325154c84967b184573b3309f059329
100mb,Dog,Dog/3273.jpg,13473,798650b259b915339c43682bb0d71ead63350c44da16c596a815b0506659eeed
100mb,Cat,Cat/12463.jpg,16214,0c3a81701520f43e29d7bfd95e0ef249886e177a5cf562250ffb41d10377894a
100mb,Dog,Dog/451.jpg,41028,ebf034ec2008decd70f8c7785026bcf19368f3b77a60511dbc8a5b161d16bbd3
100mb,Cat,Cat/3333.jpg,23473,1f54c4423eb0dae05e14093d341416e40d94872ec2cef7158c5a89c69b60f7c2
100mb,Dog,Dog/8099.jpg,11649,40203572771ab3af56fedb174ddd165acc2c5493cf5716cc08ea171b72916278
100mb,Cat,Cat/1384.jpg,24553,88442c33ec0318f8b078d6b7240fb076857395b75345a48ae457b640238abd67
100mb,Dog,Dog/5544.jpg,51525,44cda8269610a8af2b391fb192473568fd4d29211274f30d615e9fed79359bf6
100mb,Cat,Cat/7755.jpg,18539,66fd1be3e83e90f0125b0ff970f301f7ccaf18918443946395eec3cebdf689c4
100mb,Dog,Dog/8318.jpg,43514,1a4e58cb4ef3d0414d49ca1cf3e8cbf5b88721b7c49caca80122aed3d00c6828
100mb,Cat,Cat/6721.jpg,12438,dea0f30ab0ac1bfc4c14ed85ab720b99b430076977e941c908963f0c7fd296a9
100mb,Dog,Dog/11774.jpg,30146,38fd7440e9ac878cc0e56a8c0fb8dd438f2a834c6be70f73442889eac7172191
100mb,Cat,Cat/5352.jpg,72799,b2894f04e26634859b8ea54aa26a806f7b7c3af96f25f0e7c65b338d76082579
100mb,Dog,Dog/5885.jpg,36749,a7d9de51f4f2660b1696c38828e323528b50c869794d5624b56faee3be245070
100mb,Cat,Cat/3405.jpg,15410,d24fc206d066b10dd466bba35955c22b0f62d6e336a39bdc2a35ae69496356cd
100mb,Dog,Dog/10873.jpg,14368,71a829181bf471d0135f3f1581a7e753ce0d122751d1291640ede4463a03ca16
100mb,Cat,Cat/7771.jpg,30096,11240bb9bfc7850f792b5a826aef3b5a9f13625ef21967a131d95f6532e5a9bf
100mb,Dog,Dog/5194.jpg,44887,45714ba4bbebc91fec97aa35051aa811ab2bc0f400aef80f6835a6ae100f3ae3
100mb,Cat,Cat/6027.jpg,26632,602d21710495bd238bf9f8d2749447c3f457363d460015ee913429222bc72668
100mb,Dog,Dog/8002.jpg,15427,870e3ed1c313d7373ed0345c885364be095b138f8374a398fbc13fc784c23c29
100mb,Cat,Cat/5348.jpg,27255,84c8437a4570c12ed4820383be9e11a021bbe37b4273ef6bb45e384b8b772d56
100mb,Dog,Dog/10238.jpg,22995,c4489d698e7714abe50f3d9dbc7fa8573e570b35fe86680146980a51a766f959
100mb,Cat,Cat/2289.jpg,14685,4a508337f9d7f6eea0879be82ead2178230f064e983040fb651087a5a12a7ffc
100mb,Dog,Dog/3395.jpg,20245,4bc5400c0850c0f8bad51fe5fc8f0a862b3ba652877e9b4ffc91f07711aa0fd6
100mb,Cat,Cat/9990.jpg,33962,9616bf5f8ce670eb57a08011e7aa75e405edac72d9bb76880c1b951e24059aea
100mb,Dog,Dog/8914.jpg,33791,75604aa43e8b36ccc06587daf58cd0f054b6e9653d77bcf4e349c31d6c60fdf5
100mb,Cat,Cat/1058.jpg,26286,74859d4c6d2d080ce105a2319efb99e5018760f2a69f576cb7e21d223f98bb0e
100mb,Dog,Dog/6403.jpg,38227,8ab328a51aba6f79051df9a81be3ce326900407b48885600e159d3b62164d7d2
100mb,Cat,Cat/6655.jpg,17070,46eaff7c93d42f5a61875a7f27fbf32926efc25eaa2dec7ae3be9547c89e069d
100mb,Dog,Dog/5975.jpg,16445,9c1d28e7c3792e0db5bb965f53440cc8d22565e4d319faa863d5820161d20dcf
100mb,Cat,Cat/10957.jpg,52710,9d9e77609517053b043b340e4e87d41b5e2b65858b96fdde82d976726da37e4c
100mb,Dog,Dog/7433.jpg,44786,a19fe1a1b4fec1b4f8ab0907e1926f363f65db869cc207bc73085115a6f371a6
100mb,Cat,Cat/11061.jpg,15928,9ed3976f9833d7b54cf43886d307dc7f9eb913dfa02a71c9caa62ce72a069735
100mb,Dog,Dog/8963.jpg,31843,d362485781a943f5c551abe5e165020c17e79b771752b30a79d339ce12b13ba4
100mb,Cat,Cat/2458.jpg,13530,d7895a4cc5f4757deb7bc2e207456d799f9d0edaac9cbd41ffc6d9b0b1a0b104
100mb,Dog,Dog/1881.jpg,101719,15818772ab6bcb0e5f1cf4a3f47077215828f788ffa84bfad9244a24de343416
100mb,Cat,Cat/617.jpg,45874,6c42038ab81fd64667d6ec2800cd539b4d694424924942ad4ca4d7125e44fb66
100mb,Dog,Dog/1404.jpg,43708,eaf45bb55d2442fc331dd9f2306bc6964c1692c2c3b7ef6b4a7ae6ec458a35ab
100mb,Cat,Cat/1982.jpg,16518,ce4570a549ecd7353e3d27a26e11d0edfe2730ca361fe747bd979f222898d5d8
100mb,Dog,Dog/12398.jpg,36369,b511c4fa82d689018512bd7650faa5dfcc686764068cd21035e533317c325767
100mb,Cat,Cat/10456.jpg,19663,856556cbc073e226ef70b9f7062d623fa46f1bde8de63b0e706e5d511efd7344
100mb,Dog,Dog/7184.jpg,26756,827f6f536896c9f8492a0d4cd6c1bc2d51da3d1a87b94a71f82f45f165fa9348
100mb,Cat,Cat/11225.jpg,29297,3893303a104cef33786a3833253eb222360ea8c77566e9d4110f46e7324e8d56
100mb,Dog,Dog/10468.jpg,46439,659f623021c30476b47c5168aac128b22121976a3a7deb855825ea5e7a25b241
100mb,Cat,Cat/4763.jpg,23981,91dda711ab6c29b7ba832fbbeceb00c1598f19b54fb2c988daa9e10054ac4f2d
100mb,Dog,Dog/8890.jpg,33846,4c6407ed189fe88be6a3b66e952a3cd8020f43665d7e2d2e90c490d355323106
100mb,Cat,Cat/585.jpg,24845,be9ba3ad2009879256031e8b45eabbbdb95a93d1327204155f4271ff774a1275
100mb,Dog,Dog/9379.jpg,16275,9a8c3028a1d863ecf9ea449625a0b564631e357a4aad66fad901f1cbad6dc79b
100mb,Cat,Cat/1205.jpg,30749,44c547a0a76813b3c9e87ba136e05ebb0349feb231ca1426397ff605442bef35
100mb,Dog,Dog/1418.jpg,28192,137839ca5b67a4b3e9115aae37bbf4038a34d2fd0bb6a5a74a5f60bffa6674a0
100mb,Cat,Cat/1421.jpg,22285,28ca6dd4b6062cab626e7fc77c16072fd9e2e31016019115f9e6d9f124a9bff5
100mb,Dog,Dog/12392.jpg,25692,b4ad21444ebeb31874b5c9396a8dd8d9d9e911107db7c2f6ec9621375766242c
100mb,Cat,Cat/3775.jpg,38104,167faf81ccdb0864ca7dd3c3b880360767121f78fee41f3d4fbe6f496546d9ce
100mb,Dog,Dog/8502.jpg,7642,d421015000af7909d15abc1faa504bf36367619742b24de7ca013c3654d03e32
100mb,Cat,Cat/717.jpg,25779,0823763cab5f949b0f618f11384f7179dd012ea4b4b7f3c50a3abfb5101fee28
100mb,Dog,Dog/12084.jpg,16129,1d4a88c563c7ef6dfb4ac7f0a2e0a73c2446076d90aaafe9c7fd7be5caa45593
100mb,Cat,Cat/10160.jpg,46662,f2248f94be1c4f8e67413ff8a2d67130422e45cf6f065fb0d5f923ffac208e66
100mb,Dog,Dog/7789.jpg,36544,6c8678e7d205963e10ab2116c4bedca264e4bc51d4553791681e6596ebf1ce65
100mb,Cat,Cat/557.jpg,6123,06ac2d67a4a4ba4528e20c6d1c7f62a1c7a2afb34c657e4e30ce0d7ff416fed6
100mb,Dog,Dog/7641.jpg,40383,7b1137086cd9c8512b6ccb9e934faa06fedb65c14685047a17134a14be732c1f
100mb,Cat,Cat/373.jpg,67020,26e8788c8c6eae741664189eb49e522b1e3292680d2c1b5edbe9e7a6c856399f
100mb,Dog,Dog/3114.jpg,36892,4f3065c627b6c2c066f540881a4ffe72e650d398641231d7dcc5d6b668e5db09
100mb,Cat,Cat/4598.jpg,38131,03c5ca6a1e72939360678109c9a3cbe506a0dc24d0df1dfa7fcac2eb1ac27545
100mb,Dog,Dog/5771.jpg,39667,e6742b956dbdaae4caca2ab56d47698d5390790d863857abc57308fdeb1e732c
100mb,Cat,Cat/5357.jpg,21433,03daac0b40ae35d209694eba52be2ac5f6ac783c3b373853826477eb4db905c1
100mb,Dog,Dog/8948.jpg,30259,dc5e951bff2f948c4fb7921a52c3b6d6ba866d02e617de5394e88bacea94e7dd
100mb,Cat,Cat/7645.jpg,11170,7fe60813761c9e5a7e6d579e588d258da3001a6a5da86cbb237a4e085f928d73
100mb,Dog,Dog/9741.jpg,28252,e31357d4eb6ef13e1d8a040895a31b4d2b18519d13c38d7d9db3c84e225d2573
100mb,Cat,Cat/1276.jpg,34659,e70e05658ccb629857d4dfd9ab954001396a792360196b30b6760ba5f2ddfbc0
100mb,Dog,Dog/8686.jpg,33332,09b12705293d70f0ea1bf0bf5e985c07e1c3a2d93679882e20720b43cb7e26cb
100mb,Cat,Cat/1382.jpg,29212,7640a1611fb4dee6adea784c4baa2b8931363c965c1dcd654a144f96f768f0f4
100mb,Dog,Dog/9798.jpg,6773,cca2d8ffc2bc894cafd0076cfcd5f7ebc90612c6403ea18ca9986c7af391ee4a
100mb,Cat,Cat/3588.jpg,25606,d854b80ffb05624291aa0bf1f11880e4716c89edf904562bf3b559ae3c5a5967
100mb,Dog,Dog/11502.jpg,45914,4f692674a725dc1ee07655c8d686be33a03b5269b61444be3403387a8df25552
100mb,Cat,Cat/8507.jpg,4347,df0ed915369d1bcb52178257efb59aa06983bc117b0bfd718fa1cf43d7254177
100mb,Dog,Dog/7504.jpg,8345,7988699165e764e8e04a3135a6fa7e7a4e02df56e36a8114d247851219608138
100mb,Cat,Cat/6358.jpg,32159,741046973b25a4fb562db40d1d3926c13e51ad9062d16a4b892008e5df8a61fb
100mb,Dog,Dog/3931.jpg,27520,92c714dc37ffcaa996fbc7e54014b6e1a08da15aac4adc15c834fe6af969befa
100mb,Cat,Cat/11527.jpg,24188,7f9f43e2a24d8f14dc623f1e4f74fa4075f54166022f5b7071e9583890acd622
100mb,Dog,Dog/3590.jpg,16364,e2fafb7cad3b5c4e9e5622c71dcded004d28fb93e59107c95f251c66e9eb2ed2
100mb,Cat,Cat/3345.jpg,29875,0cfaba83586cf34d41dc316df0a81c2808bdc3a7c511dd469ffedda9d7e0138e
100mb,Dog,Dog/4288.jpg,40284,b06d577d0f73b07659d380c6ea43df2f7fb80cdfa205c2374468f0d7fef64a78
100mb,Cat,Cat/5328.jpg,49550,841b62a6807f661b824fb546026251ea8f18acda77efcb3b7637d2bc0ecd9c4d
100mb,Dog,Dog/6399.jpg,55532,d9eff3915eac6d9bf4950bdca2a2e26cdcd4536f10e8d501291f9dc798f11fe5
100mb,Cat,Cat/9618.jpg,24874,f64a920bf6f904bcb0bc195199532312a61d685c8d62790888c7b54ca5a0eeef
100mb,Dog,Dog/3078.jpg,41478,66079ed17fe5468881a7a2711a786c1ce23cd11cd416319dfb01a0f5d76bdbfb
100mb,Cat,Cat/9878.jpg,32208,7e2e9a2c1a337087b17058a28f738c08b55cf6970c1d1355a325a17577ea331d
100mb,Dog,Dog/2826.jpg,44492,815c33aa559ddf619ea19edfe8c5b3eea09d0136d3ffb70b88c77414efbe5f04
100mb,Cat,Cat/10805.jpg,5746,e914ec027298ddfa68bb0a03303c1b69ec482de5c2b1d1088333ce4ab107421a
100mb,Dog,Dog/5058.jpg,25224,a5dc062406b4112e54d9f78a311627eef15c3e89ecbe21e623d8d0785d659f1d
100mb,Cat,Cat/2991.jpg,18894,025edfb02cb391e7a20ec3bce7d8d49759365dc54215d07b51beaa1ae9dad0b9
100mb,Dog,Dog/10752.jpg,36388,d38ec3ad033a41cac684a7ba7afa0817a83c3920bd0c997d02516b8ba91e17af
100mb,Cat,Cat/11439.jpg,30382,6e8711d620801ab71e9f6a8bdefcfb38850a652ae8872bb1f2ba43feb6e0aca9
100mb,Dog,Dog/2052.jpg,21125,47b059a6a7c0a51e8bb7eb2c9376be634dd1b7c2dd978444611f6f1219fe2cbd
100mb,Cat,Cat/8104.jpg,19650,2b7a4814b4e652447c2f904c778d0591a26dbd62a6ff632263304e3757575a9e
100mb,Dog,Dog/9651.jpg,29045,7e0c62ed3bc40cddde7039321683466a8c415a162bb210a6ceedf436aa3bcc02
100mb,Cat,Cat/7110.jpg,13900,e8a77dda5c5d71542a1537624468b6e7eb442794abb9470c3173c3098e8d81db
100mb,Dog,Dog/2678.jpg,25866,8ffd0d9891cb71595dd31c898d5031bfd5a93e998e2ddb396cc029a817589978
100mb,Cat,Cat/11385.jpg,28145,d31f8c5974cdcfe4014ec35f7a3c4608a7df288944f2a086dc6120c7266d24b8
100mb,Dog,Dog/4113.jpg,5536,fa85fefcf8e07e73e4841b2e9ed701a687e5780fc192b2b16e6bce445ac13373
100mb,Cat,Cat/2529.jpg,16327,9c20ab61ff3b5e9dd92a1290fb95eada2e7bc831fd24829642e3a011377e2db6
100mb,Dog,Dog/9822.jpg,40807,747d65fb3d804cc417bffd12f1c39eda63413362da111e4ead145de733026684
100mb,Cat,Cat/1717.jpg,24664,7a80303ddf92e8faee6a9f2412d9a794a7c41f791cb811663bb15294fc41bbe1
100mb,Dog,Dog/4701.jpg,26880,7e7c9f9369254e4d66c133f2bec4276353fa31411ad46ae5a4cbca53a4e38658
100mb,Cat,Cat/4793.jpg,49211,8519ccf550bf43833a840a611b90bfa5e847baef2815e2a44837d4ea44287727
100mb,Dog,Dog/603.jpg,16186,889c47cb2bc0b7b36a8e8b6888e6c997f12e6eabd12a1b74715fb8b25060699d
100mb,Cat,Cat/8875.jpg,22054,4a872c2bf24308e11542c4d36198558c89eb8a6d86e3e9e798939a75dea8a299
100mb,Dog,Dog/7536.jpg,23364,9ea42ad270a3ea76b47c6785f8614e84db0570d1db64b56b14f87e22436beb06
100mb,Cat,Cat/1356.jpg,38334,54ff2b276c3847c4a8a59a40fcd4ee6935f5ada41817afd2a5cc5152769463c2
100mb,Dog,Dog/7450.jpg,48966,0926d9715a5ff24ee1e2953cc2926ca9512dcc804b538aad0515f5a1e2de3d40
100mb,Cat,Cat/3136.jpg,36664,713d84a488bef27e7c6aefa7227e82d2adb830e0cdd6868b9147acf8e58e0649
100mb,Dog,Dog/9180.jpg,66510,5376638f898940e7f97d0794e7424f98741a700482fd09a961b5d6ad60d5ab64
100mb,Cat,Cat/12423.jpg,40295,6ad78dad70bfda1055bd511cf90673730c8e21bddb67fc6f03f39311c9cf915b
100mb,Dog,Dog/5584.jpg,26386,db7f80aae0eaa383ed866b01738cab6024fa34b7bf5a4df64619c05ac32884e8
100mb,Cat,Cat/1545.jpg,12643,aab78fa1da5aa6ba755958199913dd0ae656054a1f432fc598d459f95790a16e
100mb,Dog,Dog/6241.jpg,21314,c3a09cbac2b754c04d2e0a6bc22b635f79a6c67b873b3db2965de37100b04e8e
100mb,Cat,Cat/9436.jpg,33439,e64674d2cc6c55c1efdf025e6933c14079de9fee1fbe043cd5fe88a6995d1488
100mb,Dog,Dog/4929.jpg,35072,53a46f035caed297c4c7453d2a01811a984499b9e932d049f85015d17959daaa
100mb,Cat,Cat/5240.jpg,40532,170cb31773fcd4d7ce18c07aee3dd6b121d6d48e35d76647ae8a75c617a9a03c
100mb,Dog,Dog/2715.jpg,49394,72f64a8666322189f9b9231708c9ba1c826f7bdea41ae56b0c92f99d9eacd1fd
100mb,Cat,Cat/12101.jpg,69361,9fe7c0ab1ed368a067d4157fc73160fdf12439080814f82baa16572ce9692993
100mb,Dog,Dog/12498.jpg,16636,9e530c0c849c073e62926f337393d8fbc772cd6faef19c57eee2e26009e1a547
100mb,Cat,Cat/4033.jpg,33388,6380058bccb906b1e081961690c4f5836bcf3a6edc91751ef40b57cfb3160428
100mb,Dog,Dog/3731.jpg,10823,8532ddedf77bf5d95abb6a628db144170b50e76c07e4bcd8c8b2685716da36e3
100mb,Cat,Cat/9883.jpg,20884,9c1a02887f614374f3f1f6280197f02ecd5f5f9651dd6b32aa6f286619d55a86
100mb,Dog,Dog/9464.jpg,24618,f73ad5d06abbe78d8cfa0def756345f5abb2ce6e56d6a4b8f4bd3f378d8c0824
100mb,Cat,Cat/11307.jpg,24826,b44dc03e7c4fcbe1023c335c67c0d7f74b64e6beba9d7f952212d2354ded8aec
100mb,Dog,Dog/3420.jpg,104847,4b40010337fec196d5916d210eceaca103c5a54ef44a16ea58350b7bb91251a2
100mb,Cat,Cat/7710.jpg,97610,b12f830ae401d3df034247054843e8ff564605000c1357b9a448a0df8b8a6e1c
100mb,Dog,Dog/10155.jpg,1831,8da31271dafa06bcc66faffd68af7c95bc38b830349e12a6fb2c3cf13ee568cf
100mb,Cat,Cat/1539.jpg,12558,0466e62c0908d7c5b660d686c8401d61629fc89140a0c3e1e60a38bdb0d6df08
100mb,Dog,Dog/1116.jpg,6543,09bef32ace63d8e472a6031610cb8f0d7cd64e2742b07661bdf0687f37b59e7b
100mb,Cat,Cat/12434.jpg,20524,558aacd13a6a25f19624035b939ce1ade3fb622f8c9820aa3916639eb531d491
100mb,Dog,Dog/11524.jpg,27868,63ad1b17739b65894fdbae37c93bbf11cb5a9884bb540468b2fdf66c78e114d9
100mb,Cat,Cat/7510.jpg,325491,b3fd7dba9d9723f4fdbcb7698ee53d9c7e41ee8d69754c47ba31428f9628bdae
100mb,Dog,Dog/9313.jpg,79488,56f6e9a86cb84091c6eacef22a0a3389c1ec72134facc6a399dcabe2fd6de812
100mb,Cat,Cat/9950.jpg,13725,fe1e966b666b540f2bb9d84fe9970f9e1a42cb5a2d2a06493531f4ed3c9c0c67
100mb,Dog,Dog/9636.jpg,18460,ff389df563772b7100e8f0be83fa5f37f65a4d22640039171caca37118afe87c
100mb,Cat,Cat/9730.jpg,33601,1da4af4a8462d28465b162dca1e0c5920d2e01b497619abe2290e3b98e1da927
100mb,Dog,Dog/2488.jpg,19375,96c24799ba9d9f75bca6a5faf81dca3abbe9bb6f33f6f9dcaede8228fdf4ee42
100mb,Cat,Cat/12108.jpg,32217,71e7516cdd59c1edd513619fa2ce196e899e33e8b49555f2be0ba2c41d167984
100mb,Dog,Dog/239.jpg,31277,f0aa0c60c27b1b101525245f1df608971caa292900a09770edff77074c306a49
100mb,Cat,Cat/3065.jpg,36282,3abf6c924740586654df8347fb175ed458bddabe7b3b5ee0ae71e1243fe529e4
100mb,Dog,Dog/2125.jpg,82542,fa61c4079dc1d2be82143af2d64ec35f2916d7cead544ebdd53a1a2c50b4be77
100mb,Cat,Cat/6273.jpg,20066,425524f5e7350a8290b386cbc4ff3bf06c1428280a27c931f4d4f66e431801a5
100mb,Dog,Dog/1441.jpg,15295,8d6d1092b4c84b979594cb3ae63f51fdca62d893ee5e372d61a52469d36790ef
100mb,Cat,Cat/2664.jpg,26665,a8b24cdc77208b1324aaa6d7e177e12acda2cd7817f3c86d8ef141bd3481eb28
100mb,Dog,Dog/1085.jpg,44859,5fa9a6f96dcbdfaa077d7f39df20ced7ed64cb3ad80166c92f397e899229387f
100mb,Cat,Cat/959.jpg,25083,6580fcf12e2d8cacc30cc1618cfb0dc1484336df1384bbebaa294fcb08d706b5
100mb,Dog,Dog/4598.jpg,7745,7191278cb7f72d1897872ca8186ee1a0f930e769c8cd73fe139c1a364bb54352
100mb,Cat,Cat/11995.jpg,30674,55dbbd6191cdaf5ef4bd8fc78f52099eadbf406edc1305ca1a2d7ce4a0c27594
100mb,Dog,Dog/11260.jpg,35778,47c9495e6429198d531d7291468569d38513e9d3789fafdd1c4fe0bb1c6b1d3a
100mb,Cat,Cat/664.jpg,2765,465d6ce18ae241804b724e9672b0ba44efe510576b48a375ff0220d4912b0b2a
100mb,Dog,Dog/3225.jpg,32687,f743e1647c319a77cb9d7c144acf82661f9ede300b758893edcf8641d4460eb4
100mb,Cat,Cat/2831.jpg,23747,0dad474dfe1533b91844d02097ac3a8364db1a43d558c3b954933a16622ad2b8
100mb,Dog,Dog/3903.jpg,45184,58f44dca00281b46ed55ca46978c31e999a1dee5e021c21fb87cbcddbe03a457
100mb,Cat,Cat/9427.jpg,51402,0853a0f58d59d40ec083c39d0348938e78b1a45f6a0e628917f7cd7b68d0ee92
100mb,Dog,Dog/8869.jpg,31204,5f9d9edfc87afa4db112472a95cf9dd6bb52f98f09d6973e0bacb88cf1e417b1
100mb,Cat,Cat/11384.jpg,18240,5c9130cad13ac25efec0096559068e5b10a82f35cf4bdb55033ae38a0f5f9a15
100mb,Dog,Dog/9076.jpg,11268,4888958edb4f3c6efb7bfb62248009710030dc5f7d0294f654de9524c6101e3f
100mb,Cat,Cat/7690.jpg,7867,8d1f14f5ca6c2106f5594b2b47df7a635b915d69abb0f9f08649f69112aefe16
100mb,Dog,Dog/911.jpg,23911,8fe595f860ae6ac2e352970efeac72726c7826b1d6ddb11b264c861a283fdf58
100mb,Cat,Cat/8352.jpg,18240,b900f5adbc9d725a4f23d4d6ad9f732fcdb2964bf7043b85cdaa087be461361c
100mb,Dog,Dog/12344.jpg,25094,3182e8f2e549159dbf32bf7ca35f6c9919cc83484c35d018f82ef4e93ce44f72
100mb,Cat,Cat/4844.jpg,58875,671825601341af60296403bddb7ca70f936430725095e6fe9ccce3799d43ebbd
100mb,Dog,Dog/11370.jpg,27223,c47fd24afd7077ea838f0ea9ddb047d94352340d55fc37723d5de0b4b551f1fd
100mb,Cat,Cat/2617.jpg,49361,95e26908b8f14de103dd532d03da348d7518da7b4eb23addd5eeba9e957b6c27
100mb,Dog,Dog/4376.jpg,20725,6183e499d48973471b9fafdbb4ee2390b8050d79d55a291503becfc9e2fa2a2a
100mb,Cat,Cat/48.jpg,3931,8c4a3ae68cb9e92e20e7b5cb047b7e48e0031e1ed71c77182ae677fa577402f1
100mb,Dog,Dog/8585.jpg,19941,e469d300a25e7f66526342f64b9623d0cc141c9b1b3c5dc233843f3368ae7f20
100mb,Cat,Cat/11807.jpg,25515,79e5a72bff8070a059b09ef61ba7767b53757b7c6cb25aeca5666772e7c0d0f3
100mb,Dog,Dog/12270.jpg,20356,c4f66900a5c90a4b9700305d41ed64588d7f2becbb7fc1c11c35799759d3bab9
100mb,Cat,Cat/466.jpg,29596,578c558560262e3e2c63ce0656bee6b1251aeafbb7f42d58ed2176d43ad6b893
100mb,Dog,Dog/4847.jpg,24983,8e6fc6361a3bc4adfa0715adb73a11bb5619320cf91600e36015b69bb52b22a9
100mb,Cat,Cat/6825.jpg,27998,1369acad7506a0135aa1f73675aa9a06292d24149de0ce2f17a35893bdd78a78
100mb,Dog,Dog/923.jpg,17773,567ac5cfc38cf3c6312355c62bd5b73391d2e9dbe215de467dc2df8e41eb51df
100mb,Cat,Cat/11284.jpg,22166,4865bdf7c586f2cda531aa093b65cb6d30c9daf641ed3f298b06bec9c47a677d
100mb,Dog,Dog/2376.jpg,21791,d5291c58ed1195f65e857075de61e01be4f4510500096d3e289eed1bcc716d23
100mb,Cat,Cat/2809.jpg,18380,cbe877ac3137187edc6993f09032895110ab71237559f44a3bab398057b6d953
100mb,Dog,Dog/6606.jpg,18847,6fd16e5544cca21a8097ce60a1f74f90efa6d0f300da4ab5f9372d4574651c78
100mb,Cat,Cat/10441.jpg,43874,cb9191c90e4051beda90d29bf7e2ee813f2f6cf682e7fc1867bce2b0f24d9f4f
100mb,Dog,Dog/6438.jpg,28069,5717e77ab1aca219bc1f76465692206c665803a93b3479d1866dc4fd73b892e3
100mb,Cat,Cat/4221.jpg,7682,706aacf74eccb6e26523914a256799d7c57c50767a4357e81817ee739608bcdc
100mb,Dog,Dog/10435.jpg,23174,aac52897d3cb58eaa219ca45b3029d4ed784d347388e9e7d19922396730919b0
100mb,Cat,Cat/6913.jpg,27631,a956c47a7b7f98176cdacc12d157465606a34a471d3ab79af89c731cc03c6ff7
100mb,Dog,Dog/3815.jpg,43374,16b3cc9bb7d6f2df3c77170bcf2062a236e909e5d6dfed95419d92bf98e06160
100mb,Cat,Cat/206.jpg,24980,312625752a23a9eebb60980659c3a444841819d1d481d67230b3c66c0856ec90
100mb,Dog,Dog/6176.jpg,35986,68e21f327e3950c1b656edc567cf9dbcffe45531e256a69f977773bf43066b93
100mb,Cat,Cat/1641.jpg,17537,9677867e2672ce89c3536638d57b0eda13917a79c2d52c0f2f662abfb865035e
100mb,Dog,Dog/6432.jpg,48554,18c92e01cc81f9f4b08209d5d5e7d96715935b4caf9bfae538c3e3d1331ec9d6
100mb,Cat,Cat/8552.jpg,25442,70e5de03243962b4d2aba509b3498404eecf88d9e848cbf3b2e276b1375ebedf
100mb,Dog,Dog/347.jpg,10835,c02d4ad91e9cf3a6578c0ae3371abbdd11ffebbb171a96374e120bc556d3ffeb
100mb,Cat,Cat/8660.jpg,20481,6191906e02b973b3ca88685e5d227ddad230204cceb5b1f0512926e17476fc3c
100mb,Dog,Dog/5485.jpg,20829,6722a5b926d0149c97ff982dc61ca601c2ebd5abd07a91a9b735c954213adcd3
100mb,Cat,Cat/10601.jpg,17296,e54b8c0edd716525127be46a503206680b29ea0a04c6a472103465649650e444
100mb,Dog,Dog/1525.jpg,28751,28a897ad7554bfa1ebe8864dde1f03c8ccfdb7b0a9d2a96a3f0bf4315dd69692
100mb,Cat,Cat/8052.jpg,5375,511d4ec17a1eab9f44261f6351ed66abdec5be7a3003466db66de69cb65470f0
100mb,Dog,Dog/11518.jpg,28641,b9e162b920607930cce5830056a645c69297d183d61e0d0829543bfafd9bfd91
100mb,Cat,Cat/8599.jpg,49536,aeb91b8ae8d3b617772ae193d57ed147a8a0fafdc47674afbbb7fb7a78434d66
100mb,Dog,Dog/10170.jpg,24383,49702a3d8e8920462f70e186cc4340cfbf72996add4cdb8fbc7334cf74bf727b
100mb,Cat,Cat/10130.jpg,27483,031c904f6df862b747a92c28d5915cdd6b18cc432c371c95d6c46d1a0f1a10f7
100mb,Dog,Dog/3369.jpg,30135,2779ecb96c661a5c10f9c97a7ca7f0f0014f962461c0ab37e728711bd11369d0
100mb,Cat,Cat/5412.jpg,26976,0112f016b23f8447de073ba714e3cd6897df21504c2fcd595353345a969a9b31
100mb,Dog,Dog/979.jpg,43299,b5422803dbae21d2ff8e3ca6be80db02c49b35a0647dafabf4fa85aed16c5ec7
100mb,Cat,Cat/5647.jpg,32990,2cc2e50c55cd3febedde2d2d10d71535b8709d782f7f1554c55599576e4e7d33
100mb,Dog,Dog/1154.jpg,22938,3a110ffb25bb632d27545f042eca7819b34b3c59f4da0a0109d20a7608b77cd6
100mb,Cat,Cat/1718.jpg,12122,aff6eee1a9869fcc548e43b962d4d2b3bb7d7123175e151c8832df3fb01e5ca6
100mb,Dog,Dog/8706.jpg,32844,0122cc3957ef7bb6cf581c2be0ea5e2efd0d1376519d931c2fc888c50a01e501
100mb,Cat,Cat/3972.jpg,23033,02df1f37c922f65c528d866667171cebe204da2362d2a4dc56019b7b4c38f584
100mb,Dog,Dog/9909.jpg,57124,95a8461456e1e304a49be9cfb403ec8d7ce0f549fc45823046d99d262197827c
100mb,Cat,Cat/11972.jpg,29986,619e3a4e4e0bf8e8cc97351f34c8693b8724b5478c03ea36e254661397a0eee9
100mb,Dog,Dog/5002.jpg,31277,d4736e6c2309706d5d4100ac2709d5fd6c6ae888a163f66f1fcd8cee5b9b3218
100mb,Cat,Cat/6523.jpg,34639,386c9ccdd15a02915a0581be3728c797c05878cb9b6128857a6e66e653ad87ba
100mb,Dog,Dog/7687.jpg,18056,7e48f64a4885ebd960f64b2ed3f6923d970a34806d6b1e1550ad86f2656dfee1
100mb,Cat,Cat/12477.jpg,53853,137fae2d0f35e4c9f7f868b2feac3142a2baaa5682edd744b13c1b25036b156d
100mb,Dog,Dog/11632.jpg,90612,be8064747ccc93ecc7886e8cdb66ba6c4ddf387c4730b99f6a0bf009353ffe62
100mb,Cat,Cat/12019.jpg,31472,8d962364177bd281ed2ca841f067e44792512c4f2d22bb3f027efe02d1c8c961
100mb,Dog,Dog/6866.jpg,112297,3fc6b5773467522ee6a035bf359c1d823a3cef9ca7e7171c7671e78f4346117e
100mb,Cat,Cat/2852.jpg,25306,1fa428ffeaa28c960f59fda0843ffa98976a8333baf5f6bd4aa6bd6363bf129d
100mb,Dog,Dog/3199.jpg,24510,7856578dac16e975d9744172d3e3e7ee7c074a9e2b8b9323e212af5daa3eca77
100mb,Cat,Cat/9859.jpg,21430,15ddc3ab0d4846f15a58ac789745fcf21f21f42cfe5c80a5f42649df7df597ce
100mb,Dog,Dog/3189.jpg,127314,d8fae0c42f6ce1213bdb86801628c7184049e12f0f93a0168946cb8122c2eb41
100mb,Cat,Cat/9363.jpg,20683,8c11c55ad487954972e3aadefb6bc627543ae4e9a315ebebc6e3e25cd9bf3999
100mb,Dog,Dog/834.jpg,44799,c5e84e2d7b9e2aa2f2ad9e64b9214f4caee8c760cffe8f67e85ee18cd9bce24e
100mb,Cat,Cat/5180.jpg,92688,9e1b00939878fc04fc3724782938fb2e7443dd855b8a0b3c962c846b52dff779
100mb,Dog,Dog/847.jpg,92210,7631d6453de258eb522c27b938ad5fe7454902ac0261f2dcdd075bc5e4059622
100mb,Cat,Cat/2118.jpg,19219,57de19ea59d816e8d1bab0691d1b979eb7c1b39b1f49d768bb617345a791cbb3
100mb,Dog,Dog/295.jpg,22608,b68d8f5f1020741fbc84a88819625b03e129f0b84ccbc320c2d7e3a4c40da65f
100mb,Cat,Cat/7403.jpg,35955,cb88c6eab588e4a9be674787191e1af860a3237984fb62b315dab60137eb9ca1
100mb,Dog,Dog/4432.jpg,38361,7a3d458268b87329fccc35b5f07345f9757e00fc9de95ab390434dfd9524d060
100mb,Cat,Cat/948.jpg,40436,a60cdf5585e2fed11ff1a84ae769143257334b9820e2f5cb5a07401ded264417
100mb,Dog,Dog/7464.jpg,14551,8ecf205bdf424bbfe17bf4b2198ccc1c1b2c9201e3c1a59c789a321f33851815
100mb,Cat,Cat/2429.jpg,35083,efd6f69a17ad1288d22f95dbfe860a0d3171f26f058f6c8886476d31c510b9da
100mb,Dog,Dog/11170.jpg,25637,6bcb3d9d5a78197b0a7b10228f6fe2a0480419646ae2a361437f9409ab3d4a8b
100mb,Cat,Cat/10892.jpg,28598,9cb7fb8e23e68f196d5a37079be684c451bba83dada20dc970edfeb6f3a56897
100mb,Dog,Dog/3430.jpg,19412,4835c306cec5516976fb259e64be621de8f8b89d7e58b9e7b4490b58a9e03879
100mb,Cat,Cat/5075.jpg,24929,90105ccddf68b34b2276352ed80e887d88caa0d17c46aa9b4207fc5d62d6e4d4
100mb,Dog,Dog/8722.jpg,13503,8e6fcf07285115cc9c0aa50022d3dd20784bff238e3d8cc2acac8c641d12db9b
100mb,Cat,Cat/9993.jpg,30049,893ccaac9991e5c9e5b921a81eb1a6956b8551a8a5b3846dba348325bf300b89
100mb,Dog,Dog/621.jpg,18130,40ceb4f77b35e80ab811bb5e581e99191c65e9d2ca3bbdd98236d78d78230202
100mb,Cat,Cat/5305.jpg,18122,4da30ac4b8a8b4c547833a5dfc3c6a9825e2cc5e174da49aa3d679a46a233d06
100mb,Dog,Dog/11472.jpg,119686,51ccd0fd0a35f4a4b9c6b9f8bdc0a2d5849a8a4c85493881d89e184ec411a05b
100mb,Cat,Cat/988.jpg,25004,ef3ab4776e47785351cc05fd08e317cc4f5adaa364348f16a42078b212653172
100mb,Dog,Dog/3857.jpg,53525,f17ddfc0857c70ee032772baa53cba8cdbf9e0747821f35e76c58abf834bc623
100mb,Cat,Cat/2799.jpg,20683,11ed30f0268262ad2c11289d590f7522c9ed4de0ab6f799a55d6d12c5826e584
100mb,Dog,Dog/11285.jpg,274995,29beacb07b0947addba5ad928e3c519f4265c2bf171bcc95ec61d73eb05f78d9
100mb,Cat,Cat/6915.jpg,34250,a86c77af555adfd37540eda778697dd9013ed037a528fa2edfc3f7a084910d06
100mb,Dog,Dog/2117.jpg,36122,d6f02c7d78403411ce8557502278d8af4128b76817ae31bdc50afeea249e7795
100mb,Cat,Cat/1887.jpg,23726,60a1b33d10c94a6163927b077bddc164b7551f04510b2d207a609a7bfd01fa6d
100mb,Dog,Dog/5655.jpg,33482,2959a606db1c65f3b4b798a9efb0c8f978d672c400dd8b14b7975b04e64d2b9e
100mb,Cat,Cat/3845.jpg,15069,b14814f41008b1d5481a9bad35d783d3ea201acdc0939e9e8c3e5ebcdef74534
100mb,Dog,Dog/1302.jpg,32470,7075adae2bdd5a1975cbe5fd1099ca9cb44097bce55f2bea019f0cf444c9cade
100mb,Cat,Cat/3655.jpg,18061,55c0b46772fde2aa793d81e0a96462748e735be977221baa74871ff5f527bf9a
100mb,Dog,Dog/6502.jpg,28347,663de489d2c83db3e43500150996eaa2062bf7aa24edbfb231ee70aa3b37ac20
100mb,Cat,Cat/8253.jpg,47891,988cd1f6e463cbe2c43850f9717b57aa65be619c5e31e1a1605a5815bf1c7e65
100mb,Dog,Dog/3337.jpg,36441,01f38eda8b7b0b81bd48f88ed9d7b085c05ec16f80309a557c84f37e0880babe
100mb,Cat,Cat/10683.jpg,14267,b50726c1a725a8bddcb759c4f095ae2de3bdcdc8c96bbe2e7989102dbeef65ce
100mb,Dog,Dog/7709.jpg,31410,8d34d6ada3a1dd24ff8c34c52a0561e628b6ab39250ad85ab8154b725344d9c4
100mb,Cat,Cat/3378.jpg,56173,f2af6b86dd53000a1d56202fc6aa03d1182c9ed8ae3e75a57c4e66baae6fc57c
100mb,Dog,Dog/5555.jpg,30412,776112c7a698635989ca42b412a68ee6912c88d766a2997f6be9c4bbe7b88544
100mb,Cat,Cat/10915.jpg,34681,0eecdf695d5b193195f7dd1a03ecf42cea3c9554db0ba77e0b73c917cc3e6dd1
100mb,Dog,Dog/7937.jpg,25191,e12e496bcef24e37b399af77c1c1458b956dd89937588a60bbea5d1b6574a57b
100mb,Cat,Cat/2258.jpg,16251,089a005404745a4c9d6e3dbc06156ef6a6cbc0c70064322bbd7b2fb1193663f8
100mb,Dog,Dog/9443.jpg,26236,f8f80c7df705ca1b3737195de9113cddaa05553f1c8c1e2e47666f2766622152
100mb,Cat,Cat/8110.jpg,12418,25f034e6b186bf5b6bc8e4c496c347253e3d4e997d09e230f53169ba858cb260
100mb,Dog,Dog/784.jpg,24963,4e7fac4a1e37c5edeb2337331d0ef01f372de29982a2ba27f8df0203fad27700
100mb,Cat,Cat/4199.jpg,16173,b8b531f7101ea16bfb45c50d667285333c2101c16c13a88e8ced8e1d03826907
100mb,Dog,Dog/4462.jpg,56148,2748ab8d474a1ea7788a0b268ba5f8fae059fd001c667bffed9ed16b8b1f79b3
100mb,Cat,Cat/6368.jpg,29426,9b21947682cbc3559f301d3fb7cf5b6b9acc673650ff3785e06a660e85b0e5ee
100mb,Dog,Dog/9638.jpg,38910,99fc84c31fb854250fd90a3dd82743047cf79d96d4e657a9a65b948c9c7c84ef
100mb,Cat,Cat/3756.jpg,27672,a8e134aaa5791d2176a7c2634943080f37969e2caab220b0918e6387194d56e8
100mb,Dog,Dog/3584.jpg,8651,8c6ce55b468abbb61a328a58d6a01e0b830f672b9d3f30d5b19360bebccf9907
100mb,Cat,Cat/2467.jpg,66788,d44678230fecf9b65de7541a728517ed951d0f863278ec7612bade256e2d7e8f
100mb,Dog,Dog/5961.jpg,20459,51345080d7bb861e358a58d327f642058fba15deffff35151be9605c2069ac5e
100mb,Cat,Cat/5252.jpg,25070,957454ef4638eb1295345468d3cc22e98b997a61bc704480b21e388453fa8a82
100mb,Dog,Dog/2862.jpg,14839,36ad887069e2ae26e5282a1f4a286ffc180b77dd40f40182940f9eb529777b57
100mb,Cat,Cat/641.jpg,31726,01a5a4cbf9b61af611bbe82d80e819d0c11c58107a6862743c8c27a9a7d72d8d
100mb,Dog,Dog/6449.jpg,33865,027f9ff3ce9a42e0242a151b7585b67194d022b6d59d97e4ba93b4a7eef6436c
100mb,Cat,Cat/1751.jpg,28455,f5b0098a85f455b1b0729b7762bca6546e1f26f24cda62a5e2f2b9a4cb91198a
100mb,Dog,Dog/4643.jpg,28833,d8936793fc9c4c85e785691c8f82593774896811d13fbb29b03f7e6ccfc9f7c8
100mb,Cat,Cat/11294.jpg,21247,2133dc901e1dbac3de281c2162d4c6d35f018c622a788a1dbceff5d8d36a76ea
100mb,Dog,Dog/2844.jpg,19994,48ed18e2efbf3235d5db2a73034c6177eed36f14c36d405d0f5dfe2971d46d08
100mb,Cat,Cat/8277.jpg,13114,ed9af85957539e9b7f2b00b610208b2753e36252fed20e7b48493b21efe14632
100mb,Dog,Dog/11856.jpg,14597,30440dbec2071d19390735b980f4b334d1d6ea32f6c6b1f3f62af7960acea1e7
100mb,Cat,Cat/10411.jpg,30752,c8a67c59bc633c27967e5fe3b5ca9175e475292aeb524644369cc7675fe97e8d
100mb,Dog,Dog/7104.jpg,54815,6096796ef6ccaad0b1ec52f602ad30c1dbdb4eb4bf7f4563c7f298dfb6d78726
100mb,Cat,Cat/2539.jpg,29207,376af73f7de0cbea6f523ed813f86e7f103e07b78c964a2f651665d4162c74ae
100mb,Dog,Dog/8333.jpg,81529,410f98293bbcbc4671febfef9c55c554bb36eeb8f57e2bcd07fb0efa9a870770
100mb,Cat,Cat/4020.jpg,30346,884717e43262de9fd0b3352dd5a5756dcce9502bd0e72e02730990a1b30ddcb9
100mb,Dog,Dog/10412.jpg,40283,955de229b2bd6782c70636351b6bfff574d9648363cb6feae4f6b1da68110ae3
100mb,Cat,Cat/12113.jpg,37615,01d2f318b1eb325a767928444acd89c541c826d76132c3113e7389a8c856e4b1
100mb,Dog,Dog/926.jpg,38291,f4ea41ca5186b476d363126dde4d01744b01b0726ebce8accc738d160ba29a4e
100mb,Cat,Cat/5382.jpg,19651,26096ff274ad6165baa8825e1198088318aff025becd8c1f47aedc3bc930b558
100mb,Dog,Dog/10641.jpg,38612,5b5739635c170a452b13d6ae4aeabcd99ec314db218550ac09ba10295e178848
100mb,Cat,Cat/11926.jpg,22456,5389ea667c0506c13fe569dc3a4851c1248aad89efc6432c558cfc87dfa2a69c
100mb,Dog,Dog/429.jpg,51675,c312a67bcb30c021e9554a8d5fd6f89dd633f2e3529e3accdd46a3c3fe1a7a91
100mb,Cat,Cat/5785.jpg,19128,3acb6b385d9e472ac01e3c03e37d0fc1d607592abfd4ffff7ceada6f11ce78ad
100mb,Dog,Dog/2569.jpg,21330,df6151ff85f051a8df8ad7b7cf6dd763e1470efcb518d50f2f58cff371e8fa2d
100mb,Cat,Cat/3844.jpg,31155,8bbbb34c235243211aa681aa4af11b668e802f5eff3892c885d928872daadd19
100mb,Dog,Dog/6018.jpg,21755,ba530414b79d55e3c42258511de4fe20ff92d20b87b6a4af04e39d7f286e62ca
100mb,Cat,Cat/1949.jpg,18598,44f3b6132c75e8a1b979650f44f94b0fd1c619f5235c1eaf88e82e241f1392d8
100mb,Dog,Dog/1419.jpg,33053,7168e9ccfd110a523c95de43f935ee2c89d9bb91fc9c9b707e1a01816d21e991
100mb,Cat,Cat/7720.jpg,21877,adf43974c34fdf7c903703b6624566ddd887d782c43be12bc7b38e5db4bd6842
100mb,Dog,Dog/1002.jpg,6713,eea8720400c43c1a78cedf36e7ff61f02aaff9f05ce17389db7a2f39201c38c7
100mb,Cat,Cat/10759.jpg,3638,53f08666617b0f41a67cd8b0d915eac830561518359f0af3641948d83944d5b3
100mb,Dog,Dog/4541.jpg,16855,14d30ad410dbfe8b3ac40911960fa8fab64d3aafc82b5fe2955802649d9e8c74
100mb,Cat,Cat/2044.jpg,21317,fd6e9f9a5d4a981f193a21fc987bf7e38acf63636e316aeeab9da59ecb0d5ac4
100mb,Dog,Dog/7113.jpg,14320,7e8090f7f27b26a3161b8924598c0ef07f9774a87f0285dd3fa820828a8264ca
100mb,Cat,Cat/11015.jpg,20163,9af71bed1c0191f37106579fc862b4d0003fa21f7308e673cfb10478bc2701eb
100mb,Dog,Dog/5424.jpg,18655,441b644f6d67ea17b06aae9e4f894903fc34ecc9ca3c902e105b3366b818e6c9
100mb,Cat,Cat/4981.jpg,22476,62baab9e31c10abbd1233abfc7b8c638507bef8ce660b4e5be30213de1b58904
100mb,Dog,Dog/5412.jpg,27054,8fb55447dfeb9e53dd368f67cf7f5f71698699c2785639dbd29a9039af06bdd6
100mb,Cat,Cat/1299.jpg,47679,f4bf62dede3b2ec9583fa2d0285e5226c4c3250ce03bb3350b4033da50c1e564
100mb,Dog,Dog/4838.jpg,30026,d1a7476180824e515b50181d61081941114f684f135f9b9411c5f4c3145a8f31
100mb,Cat,Cat/386.jpg,41846,fb07fa646eb937ec658b934aa8adc6c62ad9f7c736b17e08eedd57b45d0a7a76
100mb,Dog,Dog/7015.jpg,28600,baf354faa8000d271dc0260616c6a7c44b5decd3766c50f9429f47ca61e3a466
100mb,Cat,Cat/2682.jpg,8391,c6138c5da612f0c8f8c033a1d47ae15cf05fae411425da6a123f996e6e59a686
100mb,Dog,Dog/2669.jpg,44788,27ecbdd553941a117232408aec9b0dd305e631d6612e3e490e31dee4f254f4ce
100mb,Cat,Cat/6880.jpg,34846,bdfe57d4574bf0f485aa2c31a5fc1dda783e93e2bcffde4e6b3475e3934d80d7
100mb,Dog,Dog/2804.jpg,45711,04d021f1108d500a0c6c9e260604d319d47ffb772f3519224cebb6e11ef285bf
100mb,Cat,Cat/3632.jpg,21175,631dbc985cd1b91d717caec8c2452e843ba67ac4c060bc4ba7d37830f6edfb96
100mb,Dog,Dog/2374.jpg,11830,e2208912fd0db73820803f01ec7b6fee12e1fccc99ac027c78cbc0fde7307dc4
100mb,Cat,Cat/11945.jpg,29771,db83c0d7a6393411e5ae271353feef5d94e6a71fc0dd04f46cbd73e2aa6fd3a3
100mb,Dog,Dog/11789.jpg,28112,8ead6e7d3445d85ff441a45234af5dedc2af422e3b3d71044f0b6f65e0f747fa
100mb,Cat,Cat/2526.jpg,27622,47ae9983351eac858bb6978f406d84e11b22c37107e32f21471e24ae4bdbc7b4
100mb,Dog,Dog/11008.jpg,44279,596e5dc976190c0c442e755ca51c8744b11ed86fd5a4879effa9eed6390bbb31
100mb,Cat,Cat/2929.jpg,21569,d324133e1b6e755dd5cad0bdbc147951a9f223ffab4d9c8d4eb5cdc892403762
100mb,Dog,Dog/11912.jpg,240066,934516dee8a7b704877bbeedc92b4de1e77a916a196f707f321dbf80a6fba231
100mb,Cat,Cat/8118.jpg,22698,3e7e64308fbe14067fbb27c614fb56d5097c80409a37623272a9d5b92332e281
100mb,Dog,Dog/11896.jpg,35349,af7c6acf1bcbeaa3bf177fc5bbe7753bb0e90ad6a1c2b5b8e1cac21ae66e1328
100mb,Cat,Cat/6439.jpg,33785,deb9639a991a1c3f7cd9aae7c06a00a97445743173a9c20a2fdf97d86fe7173d
100mb,Dog,Dog/11520.jpg,30103,c9778e54e1a568641b8733b67ea8a6745ec79d4216e1a977af5c1504c08b1308
100mb,Cat,Cat/699.jpg,38822,89fb2da15922234611d453db7fcbc0522606f02d44647e61af026426a160d632
100mb,Dog,Dog/2190.jpg,16585,17da64cb963e7bd36192817a2b00a51149569bc3983f06f0e871744db1ba1841
100mb,Cat,Cat/9176.jpg,110841,ede93e47f54c5fa40960a79a989c7827cc8161cff503a666485b1a7c880f2068
100mb,Dog,Dog/5038.jpg,47196,0ed4fdf745e57994dc3cf103ca4b0c15ba064ad96248eac0f4662bcf6985cc5e
100mb,Cat,Cat/5814.jpg,16527,017839e8797c44f57df7d65e5b5386f49f55379e964b2337e81e351895cb55fd
100mb,Dog,Dog/9876.jpg,34703,8ed6835fc4b66058d6702efa6d4ef18517fef8fc88993db88cdab6a4b36b9eba
100mb,Cat,Cat/4856.jpg,35779,fef23cab2b027267a52ca56845bc5525e0ab883649e064b35ecd98be027e382b
100mb,Dog,Dog/8315.jpg,4031,b498fa30adc35418c48522aee0812d4d7c137107f88bdd4b7dce7f23635db78d
100mb,Cat,Cat/4286.jpg,40400,439657ab01f9a93feb3fd2efa964008e847441997f930dff6716440812b05555
100mb,Dog,Dog/9538.jpg,30818,e5c2a703239e8844d01b42f40afd7111af466fbd4dc7dd2ce74d2cbcff57dcf3
100mb,Cat,Cat/12455.jpg,29762,711ddc3066492ae48cf64aae91540e6210f363b40064e4c97ad20edfdcb628d3
100mb,Dog,Dog/5639.jpg,37696,e6d8268556a512e843d26c2e0dd518b66044c7c4256ab3e38b18ced8e4316e06
100mb,Cat,Cat/7664.jpg,29664,6cd6577ca36e51565ff67a10a4dce49515937b011c4255d531b6822a46bb449a
100mb,Dog,Dog/1185.jpg,25636,f40321dc0adfbb4d0ba54037b5446b5afcd8e38e1598531325e5fecabf4a52a3
100mb,Cat,Cat/9102.jpg,29048,3098b4080de8a7c0985c279403a7f3b986d8686c435870de237387560a85ee5a
100mb,Dog,Dog/871.jpg,85869,269873b1c74c66fe6296438187a42b92cbe28b0ac7448fc638d547181184d59b
100mb,Cat,Cat/9447.jpg,15870,5974bc8c80dfae0a57ffde3dd337a5f4eb5104018da827dc0cee3226cba012fb
100mb,Dog,Dog/4134.jpg,21942,053c394b61f1a6979ca9daea60db7ce6ec599656a0b528beb3343e71afda5dbd
100mb,Cat,Cat/3230.jpg,37725,d9c395bf249b8c33bb8c44942199addb4b69eb8ef3bd118c4fb5849bb93ea26f
100mb,Dog,Dog/1329.jpg,27835,32f3c883d4fc7fc3ee6550b399798da5e93ee87ef4a73c5749443f298cab5506
100mb,Cat,Cat/11565.jpg,5532,a640a1af929477cff207c037097a6289f1493b40bbdb581b0508cb4d7e4616e7
100mb,Dog,Dog/10094.jpg,22917,de9649cfa9b8700e86f0796bb47ca206d05bd86b63de46f1a2ef98416334672e
100mb,Cat,Cat/11667.jpg,19958,979e0b5f2cface12f278b9786cf6867d2a40edc6cad1540bb47aa029b780a926
100mb,Dog,Dog/1346.jpg,11412,0cb50d1458f3ce7fbfa4051d05d7606c40fc52bff841625b19317afd4d8b4c77
100mb,Cat,Cat/4403.jpg,102417,9fb4a8cb90f5f9eca0f0ec237cd275a7c006c56caeb6d5db67c0edf579291083
100mb,Dog,Dog/3161.jpg,33571,6245f183ba0f29b57e58668efe2be097b7644440ff5f4b562c392846790f1bab
100mb,Cat,Cat/11186.jpg,42192,4930b171a18c9e2233fc816fb3fe7197837b5788a6d98535819766e449d44fbb
100mb,Dog,Dog/4574.jpg,25517,d7d2f183a8bc812b673536015e9909076972671ec5cba023efb091b7b3b92e64
100mb,Cat,Cat/10281.jpg,8569,0c38fd48c89480a25d3d1433dc0b40273e3033db3525d9aaad08e85830b770dc
100mb,Dog,Dog/965.jpg,24826,9d992fd750b98cdb407f41f1244c04f907870a0a752cdf463c4c833aeaf005a5
100mb,Cat,Cat/2659.jpg,67627,32a6e2b588bccc05f8e4f43f57c5b7b92a799557fe7944ba384d130845d61502
100mb,Dog,Dog/4394.jpg,2970,56cd35acffd3f6651d54024875d29ada1038d50dffb9dee88606de343af4c529
100mb,Cat,Cat/12169.jpg,31090,91b27aa31d20cc8d03f02d0236d80b136e82ad6e743eb4c4cd08f51da52588df
100mb,Dog,Dog/371.jpg,31241,059712983cce86d316ba2e2db14c1930372cb9c026c08f19bd86d77663b10029
100mb,Cat,Cat/11589.jpg,24273,dfa8b1d9fcf53c215377a31fd8660448656659377b7f848d6679ffa7c9d2fb83
100mb,Dog,Dog/1921.jpg,19685,51d54081d33730f2b411ff65b1939c6bc35fdb49b5de2350a85067d9c0d653d9
100mb,Cat,Cat/11361.jpg,31072,a129958e4973f21aa7414df5bbd8faeee4a36ca1bbc79e20944a8997b42932be
100mb,Dog,Dog/8067.jpg,24926,4d64cbf7a31af7e5a8fd556683a9dcedda10c1b3e77cc363dcc1571e54bc01e9
100mb,Cat,Cat/1275.jpg,10500,252ed5a6ba7ba80b7f0d1ec4b205e02de27edeee4c94680df696240eee5cc4f7
100mb,Dog,Dog/11434.jpg,47003,18b8b136e8736a09a8f81b733f77f3f798a120a98ac10ab9c0918fb078b61a44
100mb,Cat,Cat/10097.jpg,24525,475167b953ff9c5837d6935904dba1097a75464110e521efe26ab6a2c4dc3cae
100mb,Dog,Dog/9426.jpg,20439,39c56f764dbb806a3d6488765cb43115b15bc507e81b2fdf093a5e0395d4c252
100mb,Cat,Cat/11922.jpg,21679,92055a724dd3e0da8f99295e1482ce95ed1ec75714e70ff87939088635fd16b3
100mb,Dog,Dog/434.jpg,20732,c6f1a4041d74b9f5bbb52299b29773cfd9c2c148d946b5d6b4cee641a3901174
100mb,Cat,Cat/7723.jpg,22002,f4b3b1c68f3863151dedab34ef9888936e00e543872817b9763b850404958edb
100mb,Dog,Dog/6574.jpg,48445,a620563ca84ba33696567dce3f5d3520afa260aa82d4f97ba2992dce59ec998b
100mb,Cat,Cat/5942.jpg,24825,be4d5008c4f5cb47c80627f1b49efd89a80c3b09e8824c2c2dd35bbab586fe93
100mb,Dog,Dog/10121.jpg,31483,b5f1d5140601859fe2d0cc7d9b96b224dadb4a85367026e2db406f51b1cb43b2
100mb,Cat,Cat/1406.jpg,10220,731d5f157ab40b4bfaee98a92d0ccaf4b842b8749936413ae8a8369b17606800
100mb,Dog,Dog/11451.jpg,20489,500d873713297c38852d52945dd68642cd27d64e95617fa34cdc04af52569c4a
100mb,Cat,Cat/5924.jpg,23791,726aea8190c2a8c079975b53831f58e2236bb6b8d6e11813c92639846f4e65d2
100mb,Dog,Dog/7647.jpg,27232,2c0bb29931b86d66a4803303ba8d918d5986562eade99d1a9e29bd1616f2a0e2
100mb,Cat,Cat/1868.jpg,29262,e491ce824a38868535622eb2de542d315abe248d5a502e6f7da92cff9f3fa3e2
100mb,Dog,Dog/10826.jpg,31892,9482a440b108f59c9ffcdf9f5686712310b1c36a3bc40da2adcd48d614f20cd5
100mb,Cat,Cat/9211.jpg,22383,170e74c8a5b75e84b157095d03f334ff31ee84efa7e80a58a741985722407ace
100mb,Dog,Dog/12295.jpg,43055,04b49221b6f7f7144aa812f7adb56843d790378d286e389a0e45621c198c1e97
100mb,Cat,Cat/12012.jpg,15690,1da1e585ee160731921c6786529982f8dd790796dd43c9e873ec2b4a1922cb0b
100mb,Dog,Dog/8299.jpg,20628,a8b07a6276c067fe1af72df237a44203ae597f0816b24f61472b350e1daaca78
100mb,Cat,Cat/11452.jpg,31039,6b12b5b4da08a147b2e89f3012f3fbc0cd6cdc0085da85b48119408f67c2ff36
100mb,Dog,Dog/8281.jpg,9807,b39bd910cd72463e57801ee63b6bd19ca7150b250e36ce9ed174f30339e4cc74
100mb,Cat,Cat/1312.jpg,46320,8a64776c70b24dbf84b7151ada1c67adea52531bfb2614b2361af81859cb70dd
100mb,Dog,Dog/6397.jpg,21271,1c709913d8329d3312ddc29a865ad0125227840c754601adb801ab95754407a6
100mb,Cat,Cat/8942.jpg,4384,3e5e3027cfb45e460fa38903ba8ba1e653874e275e504ea6b3269a75ae3df444
100mb,Dog,Dog/3568.jpg,52471,654210a5b37fbc1e03797e87bac8b050ea402cd963e62d81ec362711d6388284
100mb,Cat,Cat/9942.jpg,25034,c3219a7f4af3102dbb1abcde9c7f5091a9907f7375d7479c30f61f428580942c
100mb,Dog,Dog/580.jpg,44789,6de6819257e075022384e46720b85a16a9488f68b3e4927e65b5298ac34efbf3
100mb,Cat,Cat/9045.jpg,28547,b7c8f32932a0b1327d1177500bdf98ac14201b88b965df0e59ed4664ec752ddf
100mb,Dog,Dog/9670.jpg,14923,9ce91258645542b58b4a38917d8155b82660e9355fe51b29eb4068de07927daf
100mb,Cat,Cat/530.jpg,21600,5348959f7a37caf9b2aa793a47e22a2429a39fb2583a32f31b6d65eb93d29eef
100mb,Dog,Dog/11580.jpg,32342,eda163f6a0fdd38d921b089734c23fbd626c36dc5b0e3400361a988e9d5c152f
100mb,Cat,Cat/10088.jpg,30606,08215b903c4535b31c528cc57771fe1b4f1dbe56eba3e26c9fa25a440ceb3864
100mb,Dog,Dog/4674.jpg,24144,b2fbf6f5f09883152d434107a66f9d5e12b95b62bc6cebaaf72ac9c5f0d05085
100mb,Cat,Cat/3316.jpg,21839,b21c4821af75f947ef03fa7a95dc50ab9f87dd28820277e2aa1c94d1d78124cb
100mb,Dog,Dog/10736.jpg,46866,42fe8bee298cf9a51485612346989e631c187ac038e778d8db0282f89d00a61c
100mb,Cat,Cat/185.jpg,32858,8d42ec80da21ea52a3a5eae58ad6cac4636a2b323a9d922bfd72b977b1b2d5cb
100mb,Dog,Dog/12274.jpg,24316,3ad059a30de25d3642e13f5324c50a0d5d339a8f3f02508d33a61dc475bbdc06
100mb,Cat,Cat/10984.jpg,31840,b033ecabc16a4e7903871cf7f5ae12a1c2b5036297d52983949bb695a06883af
100mb,Dog,Dog/9584.jpg,48824,477a92806b7b7bda2672895ea1b555c3d9839018ede4eb4b091149d85976dcf0
100mb,Cat,Cat/892.jpg,33100,aef495be8ee5710173e55efef58dfa13f7060a8b3065a8828a4a9c42d464c37f
100mb,Dog,Dog/10668.jpg,29071,b28c9a7b660a5f24501b328a61813add62cfd78d652da2605723dc5860431f4c
100mb,Cat,Cat/10883.jpg,27409,887f1165f2e7292c5d5a2c57a0e82832786bfdcf6c8520f0588289c2d842a67a
100mb,Dog,Dog/11752.jpg,34447,c852c9fc0df955560d67e3031b603d293178bb354ec3391eb3f01d8ec35dd033
100mb,Cat,Cat/10268.jpg,35738,4436bd84822943bb86456340c8fe532456f35995717d8f1872f46b1d898f410e
100mb,Dog,Dog/3460.jpg,22684,2cc511aa61dded15f898db7215428f6a28c9c74cf8de6b2628f7744b267bbe8d
100mb,Cat,Cat/5021.jpg,25140,a830fa9fde5da8443ebb228b9fe95c89621c3eaba92f47d18bdd7a11dfe41de0
100mb,Dog,Dog/3969.jpg,28440,d8247fdf558163789c437c555b2f8ddda5ba5dd8faba065aca557e31113571e6
100mb,Cat,Cat/5444.jpg,28935,646130fd97f68043b64c7ee3ba4752bb29ee6822ed2e40ac4c61e9152e8d14b6
100mb,Dog,Dog/3527.jpg,24144,cfd882b28092437c960e0b51ad474e19e259949ba50dfc0d2a5a0926c3783e69
100mb,Cat,Cat/3056.jpg,98430,ae0b38ad081e534c63268f45fadba100a769a5610a3792acb18c57b0507f6a89
100mb,Dog,Dog/10662.jpg,33535,7ce727026bab97b825b856b3659cfb201e084c68f550f9444173636a9dba6c47
100mb,Cat,Cat/5966.jpg,16727,b347aaf9c5ef4288a05c24067320db893297323b1ebc2c8d04be2dc797264426
100mb,Dog,Dog/9370.jpg,46486,c675b3451e4471226d4e4edfd4c935a1c193bffdee25630f92991c8ed6d6d245
100mb,Cat,Cat/7344.jpg,31787,5d52028f0665828deddac7a065c6d4211853030397a73ff97a0b248e73bb4b2d
100mb,Dog,Dog/1983.jpg,48867,95c72408900f572667a79cb9c350fabda5ff1f4b75ab2defcda7f57f57c3d528
100mb,Cat,Cat/5184.jpg,13219,9208f98103818483e92575b1d0195f1a9e80bbe53a57e821b373f2795fe10bcd
100mb,Dog,Dog/12016.jpg,39672,23edffb07826663721f3a41a194ae4bf029bf9f4a8e08df39a77a4c24e9c67fd
100mb,Cat,Cat/11980.jpg,6763,fa66d70159910566952865e011df254f61a8d41f3de416ab6adae00a9eea0e59
100mb,Dog,Dog/4363.jpg,28086,d485d611fbe8153e551f04b0bc5404da5d666ac3be6ab0d5e3e2d2bbc87e684b
100mb,Cat,Cat/1686.jpg,21875,add77c751a330aa86a13ace0769cc97852f5dc2a5ddb2800de2f4add313b4c88
100mb,Dog,Dog/7396.jpg,11834,ac9c9be9aaf8b197b538864e50a8d9264a0f4c3e32d28d1c2aaa7073903439ce
100mb,Cat,Cat/2935.jpg,37547,02de274777d37df8a38e23b4ec6b162f1ccbf934e9468362b7f9ffa576d16777
100mb,Dog,Dog/9572.jpg,84310,8cf07e5b1a1c813db8bc88495aab48032384473a5fd9a29ba0e66ead6175130b
100mb,Cat,Cat/7311.jpg,26286,1ce8e06abd6b22a754cecb537b16516513cf77f4abb04263a625e0c7f693fec3
100mb,Dog,Dog/4556.jpg,46281,adf78cbc4b830199d46723607581bfa749e76faacfadd984b3d446f1e4f7ae19
100mb,Cat,Cat/4380.jpg,56680,9f827ce56cda2afd84f692b87874cbb51565b6dc60bec47f80678d2b68f6daa6
100mb,Dog,Dog/10167.jpg,36715,35b302049d5618f7a18d45b052ff20cd96abd9253949eb6a84ad7949237798d9
100mb,Cat,Cat/11230.jpg,33559,e8d06b8f0cd51b605f13971f866f1f71688473f21f71c57877215185ac521b3e
100mb,Dog,Dog/5936.jpg,11871,a182215434350948629888e716c875cee9638624304a4251eb9497086fca3a88
100mb,Cat,Cat/8748.jpg,19974,53e57ec29df3f508af1123271e94e416cfd1b09a1620150d8c65e5da634b4a56
100mb,Dog,Dog/1562.jpg,106611,c9f22f6d92f0944c49e325e8a9fa2525388b68c606840abbe0c98ddedf22f92a
100mb,Cat,Cat/10242.jpg,25202,06589f049c35cbd59869bc82ac9b37aa1c07289f80ed5dea22d930f0bb9ad031
100mb,Dog,Dog/10097.jpg,77334,6e04db8f47f40e96063b51a68a5ddd3b8d052be7667200a9962bdd7899ef6995
100mb,Cat,Cat/3544.jpg,32956,2aabafeb2faf54b829b39db06eb8027d28f3422fb678f9cb986a797028b131fc
100mb,Dog,Dog/12111.jpg,28980,6e11dde767a63afb561c291bf8d07eced486ce9ac0e05f8f82016184ed327628
100mb,Cat,Cat/7345.jpg,63650,a4ded12ac8c877277813fc3a66f8f9f46c01a0f8d2e05fa5712ae5f5bd545f9b
100mb,Dog,Dog/10792.jpg,33185,e7b439a8b7d628017b0c5807c3268b7de15fbc628d7b4807eababd7646cb9acf
100mb,Cat,Cat/3598.jpg,23445,e34dc0ffb6d7e6f5a04a0bfd952039fa2318e81915d52494b72e72328db55c93
100mb,Dog,Dog/12175.jpg,37342,15e1ae5f7bf9011a7f1d731c019ff3fd3f543ce84beb14be1bfa9b461d0cd3b6
100mb,Cat,Cat/12265.jpg,29749,7bfdd914a2b2996a186017e5b781a2b3dea228dee21c09c19b910b5389d68abf
100mb,Dog,Dog/7656.jpg,25533,077052d206f92c4c4991e5de65418e5a28bb7b5bd5a36190b632a9a1e09c056a
100mb,Cat,Cat/4362.jpg,3077,352b2f9dd5f2ee6d0fa512cb36e61616f310ee4aed33218a66ceb5b7c2eab876
100mb,Dog,Dog/4210.jpg,31369,4e1aea0e7f939cec316da5a4305e482812b8ec9d62979955c86374f10a771b66
100mb,Cat,Cat/3325.jpg,33196,8e672c4add722fd07c8d7f8f757c008a143167ae1823ca726d660a2fe2d4fbaf
100mb,Dog,Dog/1667.jpg,47438,0e033ebe46df60329e387c7d1c84eb59e17bc5ecba9d279d3989c600ee5dfbfe
100mb,Cat,Cat/2373.jpg,19886,0a443980f822da13b372cf840c15e236359e3f16d3b3ce18f4c5d202c14d084f
100mb,Dog,Dog/5257.jpg,32055,11cba8b58971ba8c3741b4b87a3314a1c1e4650b4a8b6aebde73b264b5744f55
100mb,Cat,Cat/1050.jpg,47723,80986883c8657c2681a5fb49123c6be028cc5b8fdd3804c3499ff5270a73f4c1
100mb,Dog,Dog/7731.jpg,17649,d6207f31d341a166feb77bbde8224cc2e5f5a3aaa818ca6ab811d33e4ae0d6f1
100mb,Cat,Cat/12071.jpg,19151,c4393e4cc92d4429ab0a08108ac0b7edaac3ab6890730829d3c220acd1e7cf0b
100mb,Dog,Dog/8523.jpg,33142,5397755b0b24e81936edbbf9bb16a28668a108e668814c17759b2248c4bd0aa3
100mb,Cat,Cat/2293.jpg,17412,1357c5ec2a692c5242300a856fe12dba9850b70345a1ce5e7e9b18e30b2a9713
100mb,Dog,Dog/759.jpg,18074,e8be96e41c5563124c23f132359419aef4bca3c401b8292bc5ae86ace82de269
100mb,Cat,Cat/11708.jpg,24688,1544dd2df6a115d8e804fe420b5efe54c2144bad8461afa6814533157c9f0854
100mb,Dog,Dog/9826.jpg,34688,4b53ee6e4b6e3cdec3366a2d0b8f7eb6823d399814ed7e4b5463cf3b7be74503
100mb,Cat,Cat/7791.jpg,30514,a3a9ef992a15140d8cb9c06df3eb47779907f12993ab5737e7b1a0b21c652ad3
100mb,Dog,Dog/1668.jpg,27486,2a8ec17c045e2d3cf0578fe9b953b2feaff903e7419718ec9e0773ed7c5ecad5
100mb,Cat,Cat/10351.jpg,56389,f844a4069fdbd613eacd92002c3d3f5ab4f132f6891676732638aaf663b79afb
100mb,Dog,Dog/5977.jpg,35619,70cc75a2ceb5b4efb7c2af0d27b9fc79ea5601fb17c683fa2420ce0c48dd6530
100mb,Cat,Cat/9875.jpg,13430,15bf3f3cad58bd6e8d95f15118607997262221baae145f9fe16d0710637b7df9
100mb,Dog,Dog/8673.jpg,27449,3402fb40253c551ee35ea171e17e275d82f2a333d6af6b171d2b16ea0a0ce4dd
100mb,Cat,Cat/3717.jpg,41492,5ec47413840e0e1c57ccb47eeb510daaa7573918cf1b7ea62a4e416c249fb637
100mb,Dog,Dog/11399.jpg,32894,ba49cc858909a5d55f8a6f828959e2c3d5d23cbf18b2acb182bd7c76ad8481d2
100mb,Cat,Cat/1759.jpg,27529,23093a4df851d0e9761a00a8db40c68cf737d62eb1a98a19a70badbe0df55426
100mb,Dog,Dog/9264.jpg,27026,78ccc3a2ec907b0c6d3c1bcbabb497b126a6da538198992598aff4ee2f2ab9f9
100mb,Cat,Cat/8442.jpg,19741,ac8cdfe662d239454061bc1cafa3f46e2ff824bf1f936dee1ad28479f23ca37f
100mb,Dog,Dog/3623.jpg,22386,bc0e563fd8636cfeeb2d43fbaa2fd8170845a39791279e5b09c94c420e6e1869
100mb,Cat,Cat/12325.jpg,16622,5510b416c17c5047151495bf22e9d750e3bcaada142ee837ab709654053aae00
100mb,Dog,Dog/10493.jpg,16402,9ce970553a4d65a67be0cbfa378cffd40ac50f80ad88b420a77bd3ad5f15d4f6
100mb,Cat,Cat/7137.jpg,23453,eb82f541045fad6b116fb48c2fa5a3d180525f1b42317f3f08873a5869d0defd
100mb,Dog,Dog/3801.jpg,26740,dd7b4a1c1b3bcea33a8cfb528b0875a15ea7e4f848d5bbee0564175e88e075bf
100mb,Cat,Cat/894.jpg,39696,58bfbf2a0ea342b7d7cc65892156cfb31ca2f2d21e85a9b03087a5a4e6458d9b
100mb,Dog,Dog/9983.jpg,20666,6c8b06eb2bbcf84e0d2dd75f57159b332819fa97dea1972c1adf28c30396cf1e
100mb,Cat,Cat/3519.jpg,18022,4f4a391a4a42f23a646860c63b66fb9bc6184700971fd7be2e864258ca9d3766
100mb,Dog,Dog/12152.jpg,20607,da4795b46831414b310bf48b8252c4a254b1388a2476e84dcaed455030d5171b
100mb,Cat,Cat/5236.jpg,26127,579eb658faa4374c2173e2b0fa6fd1cfdcd750ebeb6f264ec767f00751957e0f
100mb,Dog,Dog/11730.jpg,55390,ee453ce46b622ebd83c925c467ff380dc24b7f7a83b1a2fa4c165e373e3efdf2
100mb,Cat,Cat/8192.jpg,24726,131f045943672a962eedcbf41dffcde78edca0cf764fa68d70076dc30d364664
100mb,Dog,Dog/8750.jpg,24466,4dc1ef8ab2ffeada42ba9c5d503e060d3de793a6838751682a9fe767b4b849f8
100mb,Cat,Cat/2290.jpg,69766,9881c9514c66370348bd6271451e8826c1758f9249e462fcfa641067c1e90295
100mb,Dog,Dog/3317.jpg,40919,144289827b7e191f16c0f8022c2d5c9896efd5cc4981c1bc63ce0f8d63d2f879
100mb,Cat,Cat/9843.jpg,38175,6f2a78650c3416e5d8ba46a37a14a6c9586887de53a8a51da357f19a0d9231c9
100mb,Dog,Dog/10299.jpg,61198,955c50c6edcbd149a1ddca56321c528787736ee2d14aeb62666996298f5dd472
100mb,Cat,Cat/3500.jpg,35574,6d6613a67bf087db4736d5281dc9952593bf24d38649d9e7fed8a109cbe765bb
100mb,Dog,Dog/10102.jpg,16353,0f7637585695d4b988f136812286b156529be7be654073606ee55d51cd4717a3
100mb,Cat,Cat/3734.jpg,24861,77dd3ba18c1096e9946dbac5270a8ba30743a7da12d4425b95091e88fd01eb52
100mb,Dog,Dog/4122.jpg,12035,5a2b57deae231f29c0b06bd4a0618d37dc60935de90e52b15a07a8fbdae908a3
100mb,Cat,Cat/9975.jpg,20329,ee0a20d798acd8aabc1216684d1eaa0173a1bd287c2c5ecbbfc36b4499e66ac3
100mb,Dog,Dog/8174.jpg,131255,bd7a5365d6f72f1311d78ccaa2d75f2addcecc91c6aff8f25cb5324df5cbfa1b
100mb,Cat,Cat/5035.jpg,26736,e358421b5a13d182748a0b58ec4fc62406862c661a63eec02c77d1e27aba772c
100mb,Dog,Dog/4886.jpg,5211,652f2b3a7509f766dc9324617bec3716b3d43c35d9754e41c9aaa08ad861ea06
100mb,Cat,Cat/7513.jpg,32375,f7103725c7e629697e7445bd851f53fd30371cd69d0f0c578eed8b2152f3a1d8
100mb,Dog,Dog/3412.jpg,53861,6e3584204b373b77a9132526de1cc5cd2bc0bb1c9b3bb63c8a1d9357fbb0a257
100mb,Cat,Cat/2294.jpg,30301,93ac1596e14485a2eca3596d8f2246ce92c35dcb4f8278d325805c6a605d47b5
100mb,Dog,Dog/5158.jpg,28708,f7f61c0f1381a50542237dc076773483f19dfede4ec9719f2897e17805b0b257
100mb,Cat,Cat/2543.jpg,15863,3fc5a7bc8c2f9a3414d95916fd0629a11065f4a4af29200f64adde73e3158d44
100mb,Dog,Dog/2642.jpg,21829,8febadfc14b6a3ddc59c7d7c901ca2be1d87e369ef2da5e6f0f81ef4e3b7a6e3
100mb,Cat,Cat/8016.jpg,16630,10aee230db24caacedf34a1085625902cf23aa853ec1cdd85e3fde87534e2d6a
100mb,Dog,Dog/4138.jpg,29827,958af65f79d4aa01d4d61061dabfd71f3ca1df8c3cb68864cd45d196f144baf4
100mb,Cat,Cat/5894.jpg,27791,9c12f238fe101975aeb1c6ec1c92cf51edc3f332e188dc5c1216ffd6000b5dbb
100mb,Dog,Dog/639.jpg,3173,62c0096cb428eb60a25c9568f9022226461fc7796815f520880f5fbc41e415b6
100mb,Cat,Cat/11126.jpg,22757,e0df0b1a16e0000e87f0ee5814afbe77ef2c3b2e99f26abe39278d75a31c0c06
100mb,Dog,Dog/5577.jpg,64285,5e919f92bf910879446ec449d82593608addecebbd973a38102d7998a4aac04a
100mb,Cat,Cat/5155.jpg,17803,694ccb72bca4f3834295094f5464c38cbac6a99235919c8875587ccf12bfe11b
100mb,Dog,Dog/8985.jpg,23595,0eda551bba3e449942da666d5a4f65637c275df753e2745fb72e232cbe7693b7
100mb,Cat,Cat/9101.jpg,22013,0994c4e617e3530b2a41a02a7ab57acd5e001173c9cc9fc14970309c10c78909
100mb,Dog,Dog/704.jpg,39086,5eeb670c05a690da34d776b6cf149fe7486f48d4055de1553dd1df5432134fb3
100mb,Cat,Cat/7470.jpg,19392,06feb62af65dca84fa9c0596f59acb297cefb957b79e1dd3788cb72cefa95076
100mb,Dog,Dog/11649.jpg,25816,ab20ca38c5e0052d6dc06fa27c1de4c26bf23b356f0be1892c3076119c7d8704
100mb,Cat,Cat/5094.jpg,20385,73b5579b0299b5ead357debf13a51ddec0973bfdd30d56b1278e242444d9394b
100mb,Dog,Dog/10517.jpg,28158,9c15d5cfa254fd3b7c02e2f0a79d84e38f93cc8dbcde9d0add2886c6f664dc27
100mb,Cat,Cat/4629.jpg,22554,72763c03593e529bd081dc17f975ec16a6f2d68dd3727978a8507fe3af4a042f
100mb,Dog,Dog/8979.jpg,124953,7f98c2205a723d5cc1164437c733900ab3885214ee45334fd89bd9f4e83d42d6
100mb,Cat,Cat/8859.jpg,48802,f704f773a798765d673e6ea94ae934ff16cb06e6094a90cb7c90501cd4da9a2e
100mb,Dog,Dog/7525.jpg,14208,38c05aae6e4068df02799b02dce9bda5cf03f62a2900d76b1e130a4de8b3853a
100mb,Cat,Cat/3572.jpg,45994,a030ceb74e0593ee3b732c27c6b2e6e1649ce0b879dd7ea1008079c4f39d1e92
100mb,Dog,Dog/4330.jpg,41801,3f946d7e35d7ff5735f87b3defa352e400849bb57414fd002522730efb91a8b0
100mb,Cat,Cat/11379.jpg,21928,62794c8d8c01e918b8bccc01166333d741648a37b87cd36c3f9bd79fc32e9c3d
100mb,Dog,Dog/3117.jpg,30877,62b0989a83a23ff4baa3aaa843bde737293696c58c90007d271b2d905831cacf
100mb,Cat,Cat/769.jpg,37963,e4bc65ed52ac37509eec7c47bd046ef71aee0fc494409abea0e5c446ff25a173
100mb,Dog,Dog/12118.jpg,48590,c896a7bebb9ad3639ae95a90d99bdd0cd88e871884f3d00a5d5ac8aeeadb1ecb
100mb,Cat,Cat/7549.jpg,26951,fbe30e60ed6b19c8ab48b67e804fd1342b3c6eba2eecbad56de97aa7927d56ef
100mb,Dog,Dog/2381.jpg,70331,39dcf0fe4325ba41e6205c082398aea72c5ac7422c2b7a673260627417b0d5f1
100mb,Cat,Cat/10798.jpg,20267,023479993419798a46971614dbb98740684061c0d768a0282af4506343edf2c0
100mb,Dog,Dog/2606.jpg,50945,1139aa42b2b109da6cab8ff83027015e316141276facc9497aa41cb322ff7b05
100mb,Cat,Cat/10594.jpg,36688,b779dc3642424e103660f72f2ef2ca679cc4af05b76e5189e528bf297f7da1ee
100mb,Dog,Dog/10262.jpg,49859,43ba6e753401850565974f7eef9871476c92096bcd5e1195f59a513b32c92992
100mb,Cat,Cat/2637.jpg,38512,fe74402c5e4943b0ee50f4b1e12a01bb442b099de45bf8817a03e0aba1548494
100mb,Dog,Dog/9052.jpg,34125,c98da0e0a29d94ab02f85042bacd04be1bf80a8a2ea18ae43a09cf95226812d7
100mb,Cat,Cat/12018.jpg,47950,66821ce4dafd6856431cbaedb2179ed7107767f273503ab92f7975ed8228ec0a
100mb,Dog,Dog/6519.jpg,44538,0d75b0cf6dfd9396ef298b378e873b589317c8ba0864f9631e4274e217e97026
100mb,Cat,Cat/7026.jpg,34694,257023eec30c253942b9701d2576d2133e81f28c6e557ab3e0c5dc525f5af5e1
100mb,Dog,Dog/11942.jpg,15493,273621b889ffa7c5e64acb3a2e20ac07a772672d9ad8b1aca3e1a2c0575d2a20
100mb,Cat,Cat/2559.jpg,30156,55ca5163d51777a06998ab91727f743c255197c6bbc2d5d4c5729a8ab32b3530
100mb,Dog,Dog/3768.jpg,68572,3b6b6bc40b44b237d1c40aa9abc127342fd7360ead2837c40a7da9ea970dba4b
100mb,Cat,Cat/1907.jpg,69055,145ba410e60c50cb2236a54093880058107b06a49b9d7970f891dfa012a33625
100mb,Dog,Dog/5128.jpg,2480,5046681e5699e6511cc6f5658c598a06b049594a6789c1f2c1f686022aa5978f
100mb,Cat,Cat/9442.jpg,7225,5bb0c73c74bc2e3b77d119be53fd9b9c5feecd539a4a97539676e52199001f1d
100mb,Dog,Dog/11651.jpg,6046,0215e50515ede5a69eab1759f897624ca96f8b01d5496baee359832900828683
100mb,Cat,Cat/3050.jpg,103529,f15f91115c5377f79e54129ab59afdb630030a65ee20fbf056da47306cd33f97
100mb,Dog,Dog/399.jpg,25245,2dd3b7592a6d843d1cdecff9914f08ea9d1de04e91757b456b64aa735e64374e
100mb,Cat,Cat/4577.jpg,2021,141dc3fa71fa6c8c3c6b1b68ef28233b2e2e2dcd365b3caac9120425d5e0bf01
100mb,Dog,Dog/10351.jpg,227294,0025f43988bc906b827e988f7858fe4d4022cae2fc1cbf0eb87675787c7b2295
100mb,Cat,Cat/12125.jpg,12838,79c0141f7e47992eed1ca6fed2d8d15b329d563f534daebc2f4f37e8252c51e2
100mb,Dog,Dog/4974.jpg,24041,572ab7917b929caf001fc76f386181ad2268c19810da4da0d07ca90d6166743c
100mb,Cat,Cat/10425.jpg,18577,28ef9b9beea5d328943556488327b307a085d2f5119b39d599e2280a5a450dfb
100mb,Dog,Dog/9296.jpg,20998,8e464baa07b497ca3b3f4d7d11f2d34e65c098b21e09d66e6900029ea2083c97
100mb,Cat,Cat/12177.jpg,15716,cdb76ed7f71790469d77dfe464663f1d0fb95a20bf7c135d61e15c7ce28c0891
100mb,Dog,Dog/11425.jpg,26132,8fde4c0ac655974f601d44758abca646108a0d837b13fa2b16f0905f1653d828
100mb,Cat,Cat/3953.jpg,21399,20dc0a8f369c2bdcdfa0494f81eb1b77e3e91571e01bb4b778ba0aa2627b85d9
100mb,Dog,Dog/9634.jpg,84832,ea35d7ef5460e8c8be85d684d00ceefc4f2fe9aa47484945641de4ef0d26ae19
100mb,Cat,Cat/1769.jpg,17711,94086e34156f96195ff913f506c1693eca1d646e6861494e36c9a315e31a30ef
100mb,Dog,Dog/11077.jpg,23467,96eb21d29ff4def5a3a57d1a5ef107562e4a5292a117901d110f9550e96e69fc
100mb,Cat,Cat/2796.jpg,13799,cd48b65e220245f679dae6614024478546f1197c4eda6f5929ab4fef9d8860db
100mb,Dog,Dog/5292.jpg,12115,06f04e8cf0c78ea4077a86cf0857b8f8c63b36ff53aab7231e14dce9598cf90b
100mb,Cat,Cat/8626.jpg,15951,20d624fc1b1c0c130a624a6d0ec21c0eced2aa7e20b9bc6d3a61678b245b4edf
100mb,Dog,Dog/7497.jpg,25842,2dba109d434f24ac371b748e8802d4513466c977d28efaa930e9ba2e652a84ad
100mb,Cat,Cat/4000.jpg,65334,9148bdccf032d41473bb1c8d177a682fceb55c5a29b2fa8c1a97965b35c50a41
100mb,Dog,Dog/106.jpg,22479,17c85a6829815c72132905c8bd44ff977ab37be89ccbe2f55d2036143ccda611
100mb,Cat,Cat/1303.jpg,27748,a8ff495585e3f306685f63cc05ac431707bd423c295c667e77d56926896ef7c4
100mb,Dog,Dog/1884.jpg,234090,e7b6a28692e9ea270184c9834a2b9b9a9c8700f0566fe4391fffcfc36edb73cb
100mb,Cat,Cat/2591.jpg,29447,f0741e2606db2cbf041c160182fe834fe2bd3b3d3b4d4af7059eb6babb420205
100mb,Dog,Dog/3319.jpg,57322,24d8c4edc4f175e64365b54283fdc064a88016ca5e07efbd95f8f36cd7f1d758
100mb,Cat,Cat/10460.jpg,21230,96acd1849ba561ca38daa3f34feba75b4969d0c9bb4fd3b97bf02832f9626c20
100mb,Dog,Dog/5341.jpg,6067,ea357ad6fe0e7b00d1b48b74e44b1e1d3a9605abceffa111086f10684cd26490
100mb,Cat,Cat/10577.jpg,24500,84c96082438bf38af8f832beeea40dc928074e479d57358446feb166d356daf4
100mb,Dog,Dog/1280.jpg,29477,772c5ffd3160af70b723954e310108dd4b588967eb0f492097314677d737816f
100mb,Cat,Cat/12491.jpg,28455,81da3df81be6b03d89bb9adb3b16283ec2c6ce8d5c339538a5914817935e2557
100mb,Dog,Dog/10078.jpg,27448,2ea6b561d04674b359bd885aa04438508e6ceb7e5c26c9b1e4dc80b1e71a4041
100mb,Cat,Cat/1369.jpg,10874,4e620871b1d1d966ad660b2856453d2348e8ebe4ef909b4c7434ae923d40e6d2
100mb,Dog,Dog/2898.jpg,23003,73120dcc8f54f479a7c1eaacca016e236fd6917a56c56553b4ca209cc840fb34
100mb,Cat,Cat/7191.jpg,29159,0d5190d4434ea68ce8f77773d83be63ed83fa8595af75ac1ca321cb1dbec2329
100mb,Dog,Dog/5723.jpg,34172,c4c7e8620f7e5f116b4dc21d6fa380cbec2549b5a22e8a45cb7e4035032637f7
100mb,Cat,Cat/5641.jpg,22605,8cd7a1770b4bec9ee2ab9d9ba47ae6cfe34be4a167c48cfa0d55a05e062a6b5d
100mb,Dog,Dog/11013.jpg,29743,262d5f9740ac2c79d0d93735fba9f4df3ce6cf1b2940c27e3e6a3b6823e224b7
100mb,Cat,Cat/6101.jpg,44991,f4caae3db6876f44132cacd6af8301b8979e4f14aadf1f1e62f5a5620786d620
100mb,Dog,Dog/2143.jpg,4200,4b29c9a8020973675edd031b4e116288cffe9e697fa6244a10621e6bf9dc4749
100mb,Cat,Cat/3576.jpg,34407,9307be6e40964b7df1f271eeb6ad300daf814c93ce45b22d2c9946ffb0000250
100mb,Dog,Dog/6573.jpg,32326,c567a173a01957002b94c1f8466f03d2a21eb24720a7940385370bf5e04f5d54
100mb,Cat,Cat/1018.jpg,21106,265e9edb514ac9e98dba22044f329b6d9433ae239f0d0d045781aef3886b74fc
100mb,Dog,Dog/8001.jpg,42971,c1ead4eaf63a2728da3bb8d9ea09e7597a6ab29e41bf92a760caa3d8544aafc1
100mb,Cat,Cat/1919.jpg,37440,6a5c24dc558c8e083dcef42c0ca655e85d47a840168909ad2e7dc508799d4520
100mb,Dog,Dog/3086.jpg,18604,bc0a914a2c3acb7585a4eafb55d81d65a34865e3bcf482b9ed8ce1aa5f877bb5
100mb,Cat,Cat/2207.jpg,20752,4062a41a71c6991e2f2f7374637f9e2b70f9b66859395fdd4a9a75f924d8422f
100mb,Dog,Dog/4334.jpg,55792,724bd0a2e9aa7426aa25cfab67261fb76aa05a3fdd95e2991b668f41cfafec48
100mb,Cat,Cat/9254.jpg,30175,f3c5f68b680ac92b713c1e62beb019f014247c4eb4d2c7fcbc13d73ad18b9441
100mb,Dog,Dog/1685.jpg,26916,2604abb9be74e24fb217bd03a5a6398c8bbea8e068761dd4565c8fdf2199f598
100mb,Cat,Cat/12118.jpg,14591,7628996d1660160634077072e14a4c1ba1d525e64c6f6b8c83fffe705959c3c9
100mb,Dog,Dog/10787.jpg,27600,a0f00af2e54380e030cdecf7cfff75a5a4952ec20d90991ff01acd434555ef8f
100mb,Cat,Cat/8560.jpg,70605,02e5d004bf773eadec4ac9b6b668354ac95a8418dc7073edc7a8dc610e45a5ab
100mb,Dog,Dog/8367.jpg,21736,8005856aafb8066a333dfa6b48b6ee9890f35b233993ac285cff6e0db1a3e6ab
100mb,Cat,Cat/12099.jpg,20976,41a22917c3cfe35fdf5ad52116489692837695b6c1cb04cba12f654b272b265e
100mb,Dog,Dog/10050.jpg,20124,dc6c64313ff7831ee82bb4370b227c8c74b77726812a5d916ee6db64ac3e8b63
100mb,Cat,Cat/8726.jpg,7251,6b162e6b3ad374ccf5f35c84dcb3abe1f0a8e4288b2c80290e291aede783fc56
100mb,Dog,Dog/8129.jpg,26035,1869137d866228f3c243e92116edff6cb18ded5877a00d0f52e2ff6b998c1d78
100mb,Cat,Cat/3260.jpg,26550,da1fe724ffb85ab9b08dcc14a03bef036ad92113653d055c66b20678d70ef0ec
100mb,Dog,Dog/5524.jpg,25732,382554084ccea1328b565fb97bf684c707d06407a3a9d935eeac865f153433b0
100mb,Cat,Cat/2116.jpg,18719,b234dd3be536fd139a86db5fc336af0c1b84db8e19020898f06c7e261c00be5d
100mb,Dog,Dog/7690.jpg,33320,aefa58c4f7f094d3bd713c88a0d54365c36b1a89c8956065905fc0e35ccc4b3e
100mb,Cat,Cat/1273.jpg,38495,cd357b323ccdeff44f04b1574459124ed195597a72ec18d9fa53591621f70057
100mb,Dog,Dog/4786.jpg,20222,2ff75cd0b77983c7471172a953ae56518b85de0232a1a96e78199c9263a5acdc
100mb,Cat,Cat/3960.jpg,24750,01e3cb1410182e668769a3d676938befeedb502e5bde10275f483736a0ac233d
100mb,Dog,Dog/5447.jpg,30060,2e135215d13dba7b6c82561b18b8dab35cf4009be246c36b5b8a92f64d678e97
100mb,Cat,Cat/1173.jpg,65000,abc251c972b638b884db138f7e8f62fdcc09f9d91d20a2ced19d7eb2cd3d3273
100mb,Dog,Dog/6460.jpg,21751,f9392139eb9098366f152e92827980ae2737094000a11c505c8d8d8e941cdb97
100mb,Cat,Cat/11089.jpg,43642,f821bba00ea834358171e4e7094563f2ba892003255a70741fec0a025b058fdf
100mb,Dog,Dog/957.jpg,24327,1fed67c7da23737f2e67c4f79d32aecaecbc9569381bdfa3da254b671ee3c208
100mb,Cat,Cat/6529.jpg,16965,141bae62afd8e6df63687c2c89f19d56ccb74d043cf1f95215eccc90e25b7531
100mb,Dog,Dog/3004.jpg,34022,7996089d35f8913c8cdaa3424d0f1c30e9f97bec8794f9cf5e1b9e8fe232c066
100mb,Cat,Cat/10634.jpg,25820,38b76d17a06fc09c57b7c836d83e0f32aba14c5ef71a1001fc5e830f8e04a41b
100mb,Dog,Dog/3918.jpg,20950,d718ba413a5e9ae066ad04b12aefa004c354dc6bf4c459b7cb7c20d8a0443021
100mb,Cat,Cat/16.jpg,22232,1aa8f2864a9f552511f4d617776ce2c929e5bad6dc616d916f37d55948dfe027
100mb,Dog,Dog/9846.jpg,25895,08d4c5102443a17a3c154c7ca03f06be747af095a9e248e7d7f9c510f41f4766
100mb,Cat,Cat/8490.jpg,18796,154c79803d9df0ab07da75243e04ec1c3fbdecf3acdc4aafd74c9b1768fb5fc6
100mb,Dog,Dog/4339.jpg,37293,4d9cd94932a9db19d786fbdca05558568b9ce1d07e6b94f05f4fe3cff77ac702
100mb,Cat,Cat/3338.jpg,15768,0f1749908f06cfb3260c0dd2e74ec557bfc0891a43c3051a9728bd94c32fc2c1
100mb,Dog,Dog/12161.jpg,17775,69a9c97e988ec3a228b4b05e8568bf0bab8e9b255d53657e96bfbfbbdb1a1333
100mb,Cat,Cat/8055.jpg,34633,6063252c269afbf7b2392ecb3c084803c105f122e0ffca38ff454c14c4117af0
100mb,Dog,Dog/9031.jpg,69251,64542dd58f10c142436c3bc01f1822c61c2cd0e48b31015abc45ba3112f289ff
100mb,Cat,Cat/9560.jpg,32350,c3f119e7d7a8260dbe39229383045697820d9591b4ac5bfc3a0680a01123f61c
100mb,Dog,Dog/11727.jpg,36918,0b0d5dfe583cb3f6bb1310c0a5dfbc17ccffdb09b0b0fc324666ea070e9e2150
100mb,Cat,Cat/394.jpg,21630,860cadadfb9a71fc601e12869c4e13bdc99a3ecda9e1001118d1f423bf70d027
100mb,Dog,Dog/8042.jpg,22957,829142732e407cd2a214a97b255e320e977bc875e6360b1dccec372699d952bb
100mb,Cat,Cat/9591.jpg,24779,a2c57732288e24351973611b47d42be0a504e82d7b35f313cf1f78c8e00d0b4e
100mb,Dog,Dog/2442.jpg,31658,19e432259bea15b0729dbfbd5e128f06dd84368cb3ed29ba2b2bba486ff95fd6
100mb,Cat,Cat/10793.jpg,36495,1cb1ad4793b05152e06704b83f7a7f733b4c4dc53ba30f54cf2c562aa3475f5d
100mb,Dog,Dog/2311.jpg,16660,35a8f619422535e9417143a3b0315abb4f834a6b2059408affd985d74b9c7508
100mb,Cat,Cat/5172.jpg,63858,1392c22ef6940b5514fb83cdc232cefb454ced7ec77b6e1508a965a4fa494e0c
100mb,Dog,Dog/5890.jpg,31245,0db29ba3be8898af18dfe92e92576ba463bb875cbeaf6b974c8ebe5312c26f8e
100mb,Cat,Cat/3518.jpg,21626,c92930e57723a456c8bd8f509a47f36fd4032748b5a4aa9d0ab33d8fe84149fa
100mb,Dog,Dog/12373.jpg,51084,99b0fa9e83b353a8ae74785dc91eba58f507b923aff12866c075bc12c103dfaf
100mb,Cat,Cat/2721.jpg,80552,6eb59144e6e4985e22f4e5a57e645955a03a995961d4ef9495b5909af4c3a674
100mb,Dog,Dog/12465.jpg,32574,599c22dd4051718f0baf75885fae57712ded98e04a89e920479b508f489aeb48
100mb,Cat,Cat/10679.jpg,15496,78b5a8302ba252dc3099f05f35e183ea748916a4746739dcadc703f0d86e4c98
100mb,Dog,Dog/11570.jpg,24160,58032752c29609b9e7819993117846b04682c5215f558677023b0f57fc9a6fd4
100mb,Cat,Cat/2027.jpg,31543,f8f9dfc4cf32d0c130cbbb6fb3ef2244283be6385fc723342c0832123cbdba41
100mb,Dog,Dog/5269.jpg,19186,88660d459beefc53c0dea52c2ea2b23fe9d40b24410c8abe5d31667bc3072b94
100mb,Cat,Cat/11641.jpg,19324,ef7af7fb2dde4350890dc2d3b5e8d5101d6c5034c2aa29e6aaaf757dc6fabc6d
100mb,Dog,Dog/6560.jpg,34136,33333b4c075bd8d6b38283264d9f120d3d21157b64ef9fd56919713ff491272c
100mb,Cat,Cat/7604.jpg,23274,65e85be282e587679831d254ac30f5731b360c1649c9408f1d56d0e83ce45480
100mb,Dog,Dog/6173.jpg,12108,964b0a0cab1ece121a53ff299c7151f229b8b1aa75627b349535fd408123e3dc
100mb,Cat,Cat/7741.jpg,19474,6278cd98d5ef81f6d51ca8e22eb7f65adb0a955442d606ee50634051ec68ab4d
100mb,Dog,Dog/7797.jpg,97968,6fd95ed14f77fb225e5e46bf4d6e7b70f2262af097a829c343bb2aa24a016b6a
100mb,Cat,Cat/10518.jpg,33667,153c9bc2d5fe2922794d9905b352c4aa59357dc3719ea54a1580d0f5cf17e9f5
100mb,Dog,Dog/5852.jpg,68672,bda6d504b00f1d2af1af9ae33e975fe72a049996cbeb87eadc44e5617fef3fa6
100mb,Cat,Cat/4704.jpg,24008,e9af606ed64251d91e4e5ef95dd07b0f744a6205749ade9740616df2a235de56
100mb,Dog,Dog/7663.jpg,33165,030bb97727c99441363194bcffa2602a59d81ab02b442878690089b2616a7448
100mb,Cat,Cat/7990.jpg,25290,abd5fbd13601127feffcb8a0177418d2472cc1cacab518d538809adbe6e461bd
100mb,Dog,Dog/2037.jpg,13194,9e943bcfd47196ce0b27f94f94dce08e697601343d5f07b26de347b8e1347232
100mb,Cat,Cat/7955.jpg,21015,2d043e4d5da9d38b1c70d699f6b8086d99740cf256880ecc1f8d004e2b9ba886
100mb,Dog,Dog/11204.jpg,30273,7f81b97ac80600e5791b8e3194f469e097e6180b237321be8deae0a719c6c26e
100mb,Cat,Cat/719.jpg,4173,bdfc824f7b2621fcb432484472381a400202faac534625ac8c7e9f0767b050f8
100mb,Dog,Dog/9870.jpg,18913,f6b92a0a16dd1f4334c5fed043cdabe920509aa7fde74ca8398f1f27b58ce9f9
100mb,Cat,Cat/124.jpg,14277,f30a17ed97fd329d9f33c55792cd2843cc7495cadb2f97d67f8b472b9d3cf45b
100mb,Dog,Dog/2279.jpg,158965,d9341a1b0fcbd8c5e7567f5425f33131d36e513533167d0db02be82c489d99fb
100mb,Cat,Cat/8327.jpg,15489,596e1d6a8f9234740ce33767f3e58be15bc98080abbd547deafd4165ad69bcfa
100mb,Dog,Dog/2355.jpg,54457,dc82c05492ba4e619fb23d051f2df69b4f2801274d714d6e038460117272c109
100mb,Cat,Cat/8207.jpg,33018,34e707cb06f19a7f8227180e4f7a18be10ec3d1d628a09a0a4124638e1e2c5ca
100mb,Dog,Dog/11140.jpg,39086,58bc919aea81be18f054a73f5d875bedc0b3489aa0ec31ad9c528589ebc32bbe
100mb,Cat,Cat/7220.jpg,36016,b33e57980289989e75c466d8f0e5977cec25a5159110993b17c8064ba75edb07
100mb,Dog,Dog/2764.jpg,45064,9eb7f75a58f3604e495a3450d2f8e7821ff4fe1d4dd6c870716eb2de883aed2e
100mb,Cat,Cat/12379.jpg,36251,167e287493c94e51397c4872957c661c7920f75ef1f5637a470afde3d6b340d6
100mb,Dog,Dog/3344.jpg,13995,d3f3dd0cf64c2027e7de26b2329a1894317727a58269468ec342ebce4a45b933
100mb,Cat,Cat/291.jpg,17085,dfb356eefeda386e4b1c9a7d27322dce86cd1ffb9d3c119263a70feba6da0ae4
100mb,Dog,Dog/12395.jpg,8095,eebd3b235aa49aa38f9f3afb4cea023aa86fd4bba58293608b8bd434c15633a8
100mb,Cat,Cat/8841.jpg,16900,ddf1bfc37bd9cb5343c3131cbad1f51d8941b717fdc41f8117795db082d124e9
100mb,Dog,Dog/1654.jpg,31977,2a0841a1099aa74a55e234c4143a5bce2433dc8dd86bc5916ba9b11c01129d06
100mb,Cat,Cat/2768.jpg,23620,aa81becb1e6ee43f6a250c79fc6a19a4d634edf6518855e05290a94d4d10d32f
100mb,Dog,Dog/8344.jpg,70672,ffeb9c0668ef0f1fbe0c497d25457a1fa4de1a7608aa03bb57686d11f06d057a
100mb,Cat,Cat/3241.jpg,20178,bf730ee74f13fe9d2b5142df1a0eb41b3286068959c66781dc1730e5347daebe
100mb,Dog,Dog/7689.jpg,47562,ca4ebeb52d17bad5de61681f24bd5af85556ca5fe41fef2b97bf82e658ae1475
100mb,Cat,Cat/2484.jpg,27664,2eab16390f4dc70d2d4bc487d1997d4b3a4ce346afabf863917cbe89e0cf7a65
100mb,Dog,Dog/6896.jpg,37199,e1a6451714d7d95cdae7c2541ef327373d754c2b26638669d4a17c1dc24a4847
100mb,Cat,Cat/11848.jpg,20880,9889285559df97d29f703ad78beb7956e8facf8578dbe69a79b857f0a527d2f6
100mb,Dog,Dog/11781.jpg,39781,62db327738569ab3eee0aec978075fd43fd6d350dbf5147ff2b3b1d0a3192c83
100mb,Cat,Cat/10541.jpg,67311,d246b756b5a5badc3ce22a2be8af89da97afa5b95d7229eeda86720d146009ea
100mb,Dog,Dog/9285.jpg,44991,48333c59e8f65369b706be8e55aa5a0794f79d3dc5e32fc6f39aa02f0330367b
100mb,Cat,Cat/5898.jpg,48372,83eae6cf2be9492c874cd69215495b69a786df675f8e9058b1f2308172a41c45
100mb,Dog,Dog/11380.jpg,45795,252f98a421913c0fa20279f4330e4b03f8f8ac80759067cbc47a4449e5cef1b4
100mb,Cat,Cat/11546.jpg,38241,35bd1dfa8fc12697e357f703ed48a66ba75d62eabc9e0cd14f36a72125cb298d
100mb,Dog,Dog/9609.jpg,17621,3d9e1c4490420e00de7b1e8016093eb5ef887c2fa7f7277d77df46b493da761c
100mb,Cat,Cat/8818.jpg,40832,79056f1b985458745f1e09d7ba497c14e6a1fcb3928d5731fe1b29f439d8b917
100mb,Dog,Dog/11105.jpg,53210,198fea022796040d0e948123b75e973b6d6d12537e50cc5f875041a4f66c91c2
100mb,Cat,Cat/1727.jpg,18921,8fd6c0686c5fec397d68b65eafb851c5f206bc635572c6e7f737cdba7455e37b
100mb,Dog,Dog/2188.jpg,1625,630d01bb5893d14f3ad6476b82c3f385c040e6479bb1915f29fdccbc30907ac2
100mb,Cat,Cat/3139.jpg,17365,709acd3b8f25fbdbf9e300dad536609194282aa46715a62e00b970068b150676
100mb,Dog,Dog/5218.jpg,28117,5fecbe097e4e13cf7bc9222d2102160b14acc131a2dc0f99dcb72f2c32bc0bb5
100mb,Cat,Cat/9385.jpg,39740,38d19e14680d99a41452b53fc2f7fb3d68a8ce9813feb2fea038f82e26e2a443
100mb,Dog,Dog/6413.jpg,40351,5c6f165b2984465749ab3c1f6bcbf863db24d8fe0f8f0fb78227f6fcfc949a0c
100mb,Cat,Cat/9004.jpg,10677,3b964b9c8ad796567aa2711ff77da4a2c9b8f3b1810744d369b03cde35bc3cbb
100mb,Dog,Dog/1219.jpg,19361,d667c7fdcae38544fe24af4d05ddff7f3f1deaaf54f07c8c176ed4326532bc4e
100mb,Cat,Cat/11722.jpg,18473,d8523f94f1a685fddbe7c37e291294c4fc03e8c2ef919e48fb8567e080c157db
100mb,Dog,Dog/9968.jpg,24566,a65f11a1f87dc0e0b6dd0a747a8c760b195308ec939a3fc9d2b441edc50135ea
100mb,Cat,Cat/970.jpg,20986,439c870ccb8ad327fb84d19f053a41990f195092d1a8b7c29c70a065ddf71faf
100mb,Dog,Dog/6339.jpg,41301,1d1b5a4679640032dbc302765517fcc52e9358e9a7efac8d4852b6589da7eee1
100mb,Cat,Cat/3126.jpg,17722,b2d0940894aa7cac5ce7dabc81480f1e64d7c263f635d233fea64284d52b3ddb
100mb,Dog,Dog/2364.jpg,27024,5707a8000951d2d0991a9eed21e3bb35ef60769e5b0534832c6d0adaa0e93c8d
100mb,Cat,Cat/4262.jpg,19406,ec8f8824a60a491c576bd1c308e825477f0535e29914d2c18d125d549e4062b7
100mb,Dog,Dog/5616.jpg,55174,1832059e768e9f0cf48c926f5e6805a66f137e801c6770883a406f5cfd956b2e
100mb,Cat,Cat/7411.jpg,17727,2861ea0aad8bcc2521797e25e3899772f3c8a46b7ea1e70453cc3a753e11068e
100mb,Dog,Dog/5077.jpg,30617,16560c473f60850299e21e4731fe82ee3bf13b4a465123c51e1a6c904f03f49a
100mb,Cat,Cat/4885.jpg,25119,38218f3c6649b133a62d044eef271be13e03f7aa685323c548ea58ad459c9b2a
100mb,Dog,Dog/10953.jpg,30958,711954c6c20345c52ed1e730fbc032986838487e278e5e3281bd75cd4f7a7a0b
100mb,Cat,Cat/7724.jpg,31092,745d57fd0bf8b4fa53a7f5ab3b558058904356efb72893c4998c6364f605d26b
100mb,Dog,Dog/6139.jpg,14925,c00972549326ca361688143c73e3130b0d9583dcb2921ca8c6d019c193c66f70
100mb,Cat,Cat/1034.jpg,34599,b98e2b7e4e1264a02b39f24ffe6211af51a41796ff68dda360b91d5a74cb80b5
100mb,Dog,Dog/4567.jpg,45723,16b873a720a3d1b60737d32714788bd2f5172d217535871ebc70728aaed802c5
100mb,Cat,Cat/2630.jpg,14620,081a4c3aaca0fe01475b3912174c81e389ebc01204643349713120f31c2918f9
100mb,Dog,Dog/5848.jpg,38183,3fdbdc1cbc83be3f771e2c22fe0b8404dc15027d3e73e3226f4e4a6409f84e4f
100mb,Cat,Cat/7599.jpg,25314,d994de0cf0ac1e557f0f5b9571fb8115e56af8af2ead07e2e010a20819756059
100mb,Dog,Dog/12049.jpg,19704,fbb4d701508da9d1812092e7d1af919c3f0a1d5bbd7fef4921516442736aa487
100mb,Cat,Cat/2669.jpg,32619,0ec4fb6e9585c6071511ca77fcc5bd783aa41a9506ecbb854be881a0418aa9f9
100mb,Dog,Dog/126.jpg,11470,61dc019c8d52519308413b7b4718f9b9dd8f32153c745199f222edf0a203f556
100mb,Cat,Cat/6040.jpg,18040,e77bdcdc5b54b64b54038fdc4d66a74e7fd673ac9edd9da2ee307e62caa30cd2
100mb,Dog,Dog/5760.jpg,22278,570b1e618f4b39f1379804565e1a0c2eb632df97a06ec7ade30865c9293b868f
100mb,Cat,Cat/11035.jpg,15495,2a6d598367d43e9ab77a81c85223aeecbbd14c56bd10c7b6c7508a430b70542d
100mb,Dog,Dog/6658.jpg,28399,f8a2e5db464c73bb314ca6adc541edcf741e05268354cd03a5624db589eb463e
100mb,Cat,Cat/10286.jpg,12790,30283d90218007904fe43b041172bc23c6e4fd2808e3e3c665a1ad7ee7c056a6
100mb,Dog,Dog/10842.jpg,51657,3d234ac59dcd5017bcebae3f498da3b052378a74d90bd740a64e90acf0104227
100mb,Cat,Cat/6044.jpg,12926,d23cd17249f453a6d2ed1289fca5f95244d21a4e2496a52c650e8c1034f30e26
100mb,Dog,Dog/12093.jpg,18891,aede898ac3660c853c39ba2f3e8acfad2eb482dc83c84ae9699a876dd5357645
100mb,Cat,Cat/7451.jpg,17138,06d16889966b38affa84c3789836b31f691ec2eaf5de569c36f4c74e2dce6242
100mb,Dog,Dog/4947.jpg,30721,a71cd9ed49eca13b18b6534e489dec3d8d9c1f4baadf642c44d2baa5856b0198
100mb,Cat,Cat/499.jpg,22664,182c645f4e8a46d3aabb8450892532915062d08def0a11259136ca21cb4bbcff
100mb,Dog,Dog/8629.jpg,29729,9e6b044d9d325179ccbc488a9d104968ade902e01f2a48db2db79e039a7c4d12
100mb,Cat,Cat/1798.jpg,39241,d89983903d0c76ebd3fc4bce9af0055e661d0f3602fac5a9e9e6ab448b8b421c
100mb,Dog,Dog/5691.jpg,30443,a5d7b111bb99bcf88cb64597018b0259e59fbd95bb31c585b31650b3a283b4d9
100mb,Cat,Cat/5639.jpg,24086,31edeabdf5687d70c54ba279516130bef6d3f715eea1ce2934e9eeca331902a4
100mb,Dog,Dog/3506.jpg,25146,b5c6b7dfecbab1694ced88d5908732e3a305bf100b9fa9bb715c212cce4f9a5f
100mb,Cat,Cat/3607.jpg,30467,9f01ae214431239af1a5b4f6bff843d1e8390ac4fb6b7d9c91096b222d394a89
100mb,Dog,Dog/10281.jpg,13565,1973279a11fabcd2287e72ef44bb3ec87437b47e95f37c88bf5cf489e59d0bac
100mb,Cat,Cat/3737.jpg,12666,9bf46c8fa3e64067ad718a8300602310210cd9279fb68cdd64bad21a3c4cb4d5
100mb,Dog,Dog/6495.jpg,35170,6561046c98a0daca5e75e3a0144ece513bfad64852379bb125985c403b535efe
100mb,Cat,Cat/2849.jpg,19677,8ff182e3b7f8343750b3b4b87c9c1aa5af7577739ec6f6d0767a2608c738660e
100mb,Dog,Dog/3414.jpg,20869,611d9bc9aeded832699f14541f214b4d2180e5210f84190010a07ceff8329caa
100mb,Cat,Cat/6810.jpg,32483,7cc2302990d8ba68de7717f581c3a57f0931e9ec8ba9a500cf6379c7fba1585f
100mb,Dog,Dog/1799.jpg,17554,54bef569b0cc547396e078f6b2371bc563b8ea62763729936804ec1ce12256f8
100mb,Cat,Cat/5439.jpg,18761,01d111107c988678f2579423588403e9cbc92caa4238025ab7cba98a9c993712
100mb,Dog,Dog/11047.jpg,16046,265480940123d23ef735a9de33b320e19f7b0ea08d1cee3b7f8a981e7a5803bc
100mb,Cat,Cat/9819.jpg,10337,4c5237bcaa12b0868986852871e9537bd8e5881b6d06615eb748263d90c608c0
100mb,Dog,Dog/5558.jpg,28827,6ad488c92ace14b8f9c9ac6f9306fe9c25d85c0b16e038fd6bfaa13e0d76697f
100mb,Cat,Cat/2350.jpg,32913,bb08a18a5bf0aedd22bbef2a7f9988aef796cffaf20ccf66ba51c25ed590cfc5
100mb,Dog,Dog/8924.jpg,7221,0133042611881b9d803ad6517b0fd441f676667709845d4f3d9902a22ee1906a
100mb,Cat,Cat/920.jpg,24469,548b415f45b8ee263f7f2e22149cdb4e00276c131e9a02a90a66184732220d4e
100mb,Dog,Dog/6090.jpg,63832,269471091a195ddd7cebe8dad312720eb7ac6999fe34b5071122f8d3e2e1d2a1
100mb,Cat,Cat/9746.jpg,45877,449f8ac05fab8e7c63dd38ef4588386ad050f037f37393b7cd24f654ae543a41
100mb,Dog,Dog/1224.jpg,29130,07918bdaea4a185026b6d97d6e2b96bfd9eaa966dfd3eb6534f0f7fcddbe6670
100mb,Cat,Cat/9170.jpg,25147,7dc5bb880206f0ee03eec0168c53419f92baa256a85048cb361af08185593745
100mb,Dog,Dog/4062.jpg,48313,4894afbbdaecc0e3338165968547b931f3bf6f10d6b59d85d3d7dcf92d49d1d3
100mb,Cat,Cat/7322.jpg,20653,a4ab3b65e8077cd40ee6488b250a454754b5378cef9f51e63caec618c15192cf
100mb,Dog,Dog/11243.jpg,48493,93e3232f6a7972c49114323db4e84f92edc2a4811f1886329a102ec50059e794
100mb,Cat,Cat/11229.jpg,8086,0130d68c0e38a82921641aaf3963e0ce56a43d3d22cc95038811f4f7e6906cd6
100mb,Dog,Dog/10833.jpg,34295,ee7a23e0cbea39e2eed88c782ccd3fe7cb0da03aac8c593bb73ebd437300069d
100mb,Cat,Cat/8042.jpg,26987,c0824c61cbffb8665dfe2e7e4c1a7be3811f16689fd6d8155092afbe540e7f02
100mb,Dog,Dog/3052.jpg,47402,ae3e60e28d2c182b55964cc96b1a304bee8636ec78e77231bb0377ab0b67baf9
100mb,Cat,Cat/11116.jpg,33442,6cf79fbb176ede3bc41af0f1a4ac6e238000af12eb1cdca2cb0b796f48a50258
100mb,Dog,Dog/3688.jpg,37971,79c51fe79ec7f25fd6e2cab03d932c3aaac3210914bca4777cb7160fddcd1b48
100mb,Cat,Cat/422.jpg,12376,26a2695b7c38ee1683c1026321d70f33d79c75e7422b7738df1cb6de25bcd9d7
100mb,Dog,Dog/5953.jpg,55943,0d1f5f017c868be427c874b7d65508d90291a85cb93d48a19f32d4242138dbf5
100mb,Cat,Cat/7518.jpg,38263,c493df138bfe80a2c7bf67c5b4b163d29dab8f3d44061aa849387b40b1341f22
100mb,Dog,Dog/7382.jpg,22466,941128554dfe8ee8efb6c1bc36fe2f385656470905433d96751fffff19dfa340
100mb,Cat,Cat/7854.jpg,49186,b5b2d2302484ccbe326214b4132365cab287bb53aea5886b3f02901ce3768a55
100mb,Dog,Dog/8240.jpg,20104,ae347a34f2c09191779e794767b6dab10ba2b52cfd74035f56884d96a5e0add8
100mb,Cat,Cat/2957.jpg,15567,0861aa36315e278b776425d2d4e519ad6ec3dfc8a501213a778132d2c47a59a5
100mb,Dog,Dog/1800.jpg,48967,925ab114d3de87ed6f9b606e7bbb25b1177e4fdf957e34576632a42fb0a02018
100mb,Cat,Cat/2596.jpg,62569,9ea8b70a6b362d8f2c91966bed3351c24c9683a4d7bdc1b261cdfc2a9f0e7f4d
100mb,Dog,Dog/10896.jpg,24167,b6c30190b907bafb9fc7a5a3884c1c7376ba5b94de5a22fcb6b0a12c425b6d19
100mb,Cat,Cat/9197.jpg,27552,d33605dd968d48070e215e0c42588b0888c6e3f166147b0c18352d8c2718ce74
100mb,Dog,Dog/866.jpg,22376,1922005e2c893c36f02225fa830891f12b62f3e048032c0517bb5e60b1955dc1
100mb,Cat,Cat/4131.jpg,41447,d831189425575e64b390b273301a2d609ddc55271245e54d1d7f3e024ff306f6
100mb,Dog,Dog/7337.jpg,35955,7f1eebf780bcf1fb4d8477988563b4d6b8567cd565141327b8287179f1524ffa
100mb,Cat,Cat/134.jpg,17722,83da276cf9be56cec94a46da385a1f55a9e7715a23f5bdd8ee07abb733395d99
100mb,Dog,Dog/10550.jpg,18093,46c8980c0d08e1c0ab885ddb7798d7d2c6bc72a7733394fbdd7cf40b6e22d2c3
100mb,Cat,Cat/9697.jpg,21935,ee62e828aab40393516d849266b9c0031287b4bb94ee521a9166ad53fafc2756
100mb,Dog,Dog/4429.jpg,38376,dc0bf5567f30204d20a9b88d358af7c086ba91458da311b87757c7a4093ce63b
100mb,Cat,Cat/4385.jpg,26257,9c27bc46710c6f2cb668f1aa359299df1f42ecbd720cc0e9d9e9c1f16c63ade7
100mb,Dog,Dog/2285.jpg,33599,3629fd83b0c14c3010bd048fdd131c04f42fe344be70fd2dd0444210bf001aef
100mb,Cat,Cat/1409.jpg,10437,85899754ddffba9299ba1dfa3bf9aaaa3b0c6f2bc4b975cf444a7c01e06725a8
100mb,Dog,Dog/1118.jpg,25517,85c2c4a1d552a606e366b93451cc2d5ffa876502f6493a105c736c35628e9e1e
100mb,Cat,Cat/5190.jpg,25033,b4a7fb1f7d65f4b8d2c39201aacf8fe5b92149c7b0ccac834274df295d932b19
100mb,Dog,Dog/10244.jpg,31047,5510c2371f407d8b4223372b0ffda9c0c210eb683a273e0f9b4b74ed45a16218
100mb,Cat,Cat/655.jpg,18281,e470f901aa8c3be7596f91b60c6f01145f01aaacc1d1ab7ac22c820f8a66726b
100mb,Dog,Dog/8303.jpg,23542,edb396f45c35ab56e1e48f7dd2d1814da95b1542f4ba0be68cd59058ac2f6995
100mb,Cat,Cat/715.jpg,21305,3543bf85a180f521196df695e3ccd4fa71e1e2a037b805fa788af58a1c9a936a
100mb,Dog,Dog/8731.jpg,45543,b767982768a3cfddef023b811cdf7f20fece93683a0a7a0086f1bfc743d69493
100mb,Cat,Cat/6722.jpg,8672,14e00f957e03abe2e3f1304e256172702d6858b852b448a6c190f35beb6293d3
100mb,Dog,Dog/3771.jpg,39307,25b3d2330638fb66d92a16fd7c94d858f8f0a913c37e21b79babca923c0a4614
100mb,Cat,Cat/3272.jpg,25843,f717e581234f982da0953c39a7f7c5ac38e6a8cd22123e815c16f67d248ea53e
100mb,Dog,Dog/1259.jpg,15982,d4dcca6a79167d5f061aec3e33b09b25d85164d8df9047dc19090f4b86bd6995
100mb,Cat,Cat/1400.jpg,19774,77c49114ac6ee958860eed2b6c60d998687422612ac0c59516881b20b8b1cc87
100mb,Dog,Dog/5344.jpg,21208,b881b5de1f6950e65e3951f2dda327c579aa028d5a129564d02bdbfceca72275
100mb,Cat,Cat/9114.jpg,75092,08968b6f5ac6ffce7f41e3703dbb069b849b618b5ab449a1780965f124f0b1a7
100mb,Dog,Dog/12249.jpg,47049,35c6e8e5a198b210f282bc83157d2dba6e3816f28b28187dc8c47c3b8ee052ee
100mb,Cat,Cat/7291.jpg,18807,f33312f47b0b7f2f626718c51fe2b3d78ce5dd706e92893821363b87217a2eac
100mb,Dog,Dog/2321.jpg,43722,f8aa6067ca95eb9e5e18fab9d60a66cd7960adc59a2238d3abb32581e96b348c
100mb,Cat,Cat/1964.jpg,67163,d4c214e948198e9953cc2e8f47d226078577c8f1f60338bce1061612f420c68b
100mb,Dog,Dog/5478.jpg,26181,6b48defbb97aad01082042dd29cfcc0995899b3955857c428cadb499d596195a
100mb,Cat,Cat/254.jpg,9831,9706445d60b70ffc4e9e3a21a41a27ba15135e1089d9bf04a552769f97d7ba66
100mb,Dog,Dog/6802.jpg,37793,a8c710ace42e3ea744a2840d700826a8b93980679e254b5e6039afa071693df4
100mb,Cat,Cat/2368.jpg,21510,62e8c44e8fced7837729a7b4f7ec58513c874386f760d616dd5f286a30b77102
100mb,Dog,Dog/6063.jpg,17659,ca50e8764635f1baf1cdadd41e251f47b7e2425d588d71e919324d2ae8bd7894
100mb,Cat,Cat/2271.jpg,14131,2a7561492784870d7c19df4aa8e26bccf1b400a9bd523eeef5654287644fb6ae
100mb,Dog,Dog/8498.jpg,62920,e613890cb43daa06429ab3e89066fe1411710e41c865951409e24c2a7d2144b4
100mb,Cat,Cat/12263.jpg,36452,a69007cfa22343906a18a4c6b57bb7332d371df7e6ae05a07dc9ce20f6b7c4a7
100mb,Dog,Dog/4354.jpg,34051,30fd331681032f4ac0b4b07c9f7e7f6c05354dfd5460794ca96bc5637f2f8200
100mb,Cat,Cat/9705.jpg,45492,bf5e5e41ee7c171ebf00c4bd612face2d8c9f9ad70fb559493e05723ca75edd0
100mb,Dog,Dog/4715.jpg,16972,c17bb9a4150c5d476ecdf01eb37b7f4c6d208e369e49ad32c7312d0f7af4cdc7
100mb,Cat,Cat/9140.jpg,67046,9dd6c94cefac8b759941426d19719087b8b8825020a02bf9a1ccec2eace90ccb
100mb,Dog,Dog/2552.jpg,20655,50d26d06e63506361a752627a5649865eea16aa0c81b685e4b247231349dc4dc
100mb,Cat,Cat/9513.jpg,32966,7ba4cad7e9c8c2ae22e75e10d579039ba72a4fb33e66510e94d27279d7d4408c
100mb,Dog,Dog/7637.jpg,4850,0e95be9936806b1c76a83b82881c47e1b1656219ce360591499cc92013d1110b
100mb,Cat,Cat/2604.jpg,36968,80628b8afb0adafa6cb9770c0b49f2934e7f400e68aa15000b05c28f0290e884
100mb,Dog,Dog/3239.jpg,48955,f780edc644dd6bfe5bd78535a7ca2e1bbb361a3eef271383447ab33f9319b8a0
100mb,Cat,Cat/3239.jpg,21850,4e1f74ca174b5b32889b736ab855a7f7d8a682d604a3b9903e7bb6fa7d0a64c6
100mb,Dog,Dog/7241.jpg,21618,c2f5692609a30fce29716a2860214be250b7e5194fe853fa28181b6e31a5add2
100mb,Cat,Cat/9865.jpg,13371,02709cea734911dbfaab5df52a960dfbde913c18646a834f562dd3d66fc4a433
100mb,Dog,Dog/11390.jpg,34281,40a10c33d90f36458449659cdfe571e9a52abd56ee7e1eb785622a02e2c831ba
100mb,Cat,Cat/6237.jpg,11602,f79e411d053ffe002eb0155fe923b203c8bf2aa1df16f6ab6d2a803ec99a8c7c
100mb,Dog,Dog/1614.jpg,37230,250a1a22d15f8eced56d37c2d36aa700a524ca88ad3815bb43206ce4d47dc01a
100mb,Cat,Cat/8800.jpg,21121,b3db2ea333066a42318061fcb6f28e572974007d2986e2ddf83f27818a670d3d
100mb,Dog,Dog/7661.jpg,50379,17612102fc3c03469f7f88f1c3732b5c0a630e61ed09d45ad0934f6f37ca1f27
100mb,Cat,Cat/10081.jpg,25616,66ffe7f739360482923f4beb3907c7be4a6f0874984b22f9437a2ee7a4e4ff9e
100mb,Dog,Dog/1305.jpg,47785,0b646eedd3bfe0f00f0f62e14524fbb9d83254b1602476f5103556598b72e612
100mb,Cat,Cat/4218.jpg,29202,a426de3244a304026e01111c6e4e1e29938f8837e2acb5bdddc6dbf2b1ccf3ed
100mb,Dog,Dog/6398.jpg,7950,fa8a827d9b532985436cb24a45987e2b1c96b4e0d6b3223e43f64b23f63486b0
100mb,Cat,Cat/6053.jpg,19615,49a909fc7ef79974e139a45f4ca4c272fd92f83a76b3134996e7b664f84f772c
100mb,Dog,Dog/1060.jpg,43156,f44c78f1438a37de6afc8ed918df9f8994a4d9711c88cf81c7d95d3b8f57a31a
100mb,Cat,Cat/4521.jpg,45096,e6a191f37f4422551aee4a0c7c1e0223bc63afdfa8e3d9e431986f587935b9af
100mb,Dog,Dog/3038.jpg,332982,e764794f591ce95251a5c3de91de019ac4339f6995e764626d44b6f891562d90
100mb,Cat,Cat/5445.jpg,32175,5f516fe58cd94218f8872d83acee1f3c9e62336a6a645fae956d3af397e3a2ba
100mb,Dog,Dog/5124.jpg,19033,28c58b6667eff5c4f14e95a05dbf2682de952d5956c86a8ccb677a90fe427d11
100mb,Cat,Cat/11024.jpg,48997,aac832b8021a4fea6a4a5a219da656fcc3aca43ab2f25b860b4ee4831b24b075
100mb,Dog,Dog/9211.jpg,11024,d50f75f4258a9e1fb0a94415b845a08e96ed91e0ad66a67e48534fc9ee2f7fe4
100mb,Cat,Cat/10596.jpg,11627,fb31c5f05b57f27a8959f6b4e640e2227e1c6e440cfba8c5fd61186b5448dc6b
100mb,Dog,Dog/40.jpg,9370,337bf6317a0da5bc5d110009fbeebd07eee48003972eb261d34414a2e609dbd3
100mb,Cat,Cat/9406.jpg,34201,b926f0c2f3e95372f2603dc371edff40246c8369646b2cda27fcb20c09566554
100mb,Dog,Dog/5345.jpg,18833,b95d93b18c7021e54c62bc5b18da8244c6adae57e1180db394c43967c71dc503
100mb,Cat,Cat/2704.jpg,15355,ce5b8626fcd47a17acf231cd4d857a34a70c5c41c9298c94159bb97938cd19b3
100mb,Dog,Dog/4183.jpg,24115,871ff9281a88bf71eb7fc3c6e0464e603044a72f06ed6943f2ef03856420df65
100mb,Cat,Cat/5238.jpg,21207,e4ab5b16ff905be31a1528583966d432d921aff58115ed9756d87e920f3d1083
100mb,Dog,Dog/3396.jpg,10361,bc5afc803082fc70b88243dedd0eb39872921742f46cedc6a29a61549e3e6df5
100mb,Cat,Cat/11748.jpg,20816,0ee43acd16be39c8da5d0778e8eef6ab68192553d9d2123b903d1f04f61dc22d
100mb,Dog,Dog/1549.jpg,23351,24c245d8b43f506a5b08df8600bccb7d67d96ce63de2c25c6e25425a6a6e862d
100mb,Cat,Cat/11731.jpg,23110,a554f08a3e35f2bdac69da532a1a9fafdead89643003aee5a586acee92542008
100mb,Dog,Dog/9445.jpg,8886,6b2f736a2fe53103a70a4245ad6caca18e0866efebbe3250f47a7523d0fd9af1
100mb,Cat,Cat/9383.jpg,31414,b42a9bd8b76878c17a3924a875abacbb64c5627e2688981aa5fd66f245bcb052
100mb,Dog,Dog/8637.jpg,7765,e630f46991dc68b3d76ea2d36630a9209577bb82ad41089148ee56b7fc6334ab
100mb,Cat,Cat/2310.jpg,20770,a344c4be1c0c3438006b91ed0d9f47a8d3c029a300235237a2ab227e2da82d60
100mb,Dog,Dog/10439.jpg,13959,7d5d281ad864dabaabcf5f11a9066a7a055846fbeb5eb17ec301b025a6b55257
100mb,Cat,Cat/10031.jpg,21994,1aae3eb46154c0ab24e703a939e47002edb939f7cf33819d22e81eb2dba200d0
100mb,Dog,Dog/7476.jpg,33931,40e9449e74a79d4298ae213834f44a97207b4feb7745c1d26be85ec32a27e390
100mb,Cat,Cat/637.jpg,27109,23d9ad27643a4a0b65a8c96bfb72fb0fdee3028a0b91af7a1c5ec57fe942e7c5
100mb,Dog,Dog/2277.jpg,79893,d756223557b02cd6cb43e821fd5a70f41bf1db6d04355f57bf6aa7d7de58fa9e
100mb,Cat,Cat/3852.jpg,8519,95ae33edba01018025b994817e6ee7bd1ea0c62266b10dd80b97ca3004ba44cf
100mb,Dog,Dog/11729.jpg,96163,5fec3e39b5168a44c027bf5ec72a5a840af41108d58058fbc0ff8be93c0f8696
100mb,Cat,Cat/5239.jpg,20855,3751e54cf436830565d12b504951227569942c7feb8851bb6b7d4d4db872fd2a
100mb,Dog,Dog/3391.jpg,61424,7ed1974c1561f0b22173a9d188da759c0f316bf20dc48174bd49870dace43e97
100mb,Cat,Cat/7118.jpg,23210,cc8cdc01ad181674adf5425e17411a324f0165d582fc592981ab21b9e28bba10
100mb,Dog,Dog/2920.jpg,27776,7dfdd512438f1732306a3328a3f07eec7e8d51e0b48599ab55ec4c15f77b08dc
100mb,Cat,Cat/7774.jpg,14701,d5e426fee53a56dd52194880e8a1fda1039cca335e41fe8568e6a0b947634dfc
100mb,Dog,Dog/2542.jpg,20964,e11e3f78b05f4c7eea4e2516329fd765b3458eef3d53b33e5fca762484423312
100mb,Cat,Cat/1533.jpg,6964,acd07b8553e6f16211acf6a9f731f014c216ed1a240dcb42459b7192958093da
100mb,Dog,Dog/1358.jpg,26876,cb50957d9fd1d3265e0513314623305b906aa170fe79976ad0ace5eed5cd8160
100mb,Cat,Cat/1750.jpg,96010,17e3189527b913bd39c0b130b2c86a62cd46dcd52cfbeef0347e34f384bf7c51
100mb,Dog,Dog/10236.jpg,44856,aa02a43ae68f6738e9849fc12276358069496891144c4791b1df99f9ac214cc1
100mb,Cat,Cat/6746.jpg,20405,12f89f0c4349af0dc3aef4e33f0e598edce232d3dbf9794334b646e5367541d5
100mb,Dog,Dog/2944.jpg,38719,a91617211d067f2b9393c2131d3a9ab7503789646f50654565234b878512fcf3
100mb,Cat,Cat/9443.jpg,23849,e80d8e4b914a59d7d42e7afa3f698be4730c01ee56547dbc7d55dbfbb187ae63
100mb,Dog,Dog/11930.jpg,35521,8977e301866c6c04ce54144327f81530e3c8222a0addc01cb3906556a993d40b
100mb,Cat,Cat/790.jpg,23868,d1442f2a4292eea66759926d6da51f88b991589c98a69ab87b90c77413288a48
100mb,Dog,Dog/9580.jpg,25024,f19b3ba2f203fb888cf8bf4e58015c754dca4b696a922fb3826d535f05540a58
100mb,Cat,Cat/8238.jpg,17118,297d46f13cf3a05feb274ece19786d7e97110a955ad9c3010b82531a0292c41d
100mb,Dog,Dog/4055.jpg,50951,4df8283470ee4a1be193a5a52b76aaa06d572b510fc95bfcb8a88f070938b648
100mb,Cat,Cat/6701.jpg,43292,6c3884a8a5cab10feb8eb24e915eb6a095ba1cb970943190803c83c35a133cb7
100mb,Dog,Dog/4436.jpg,84309,08e2ed6d86d72f61e3d4da603b683d00aaa3d36092d54396ff487b79376c87d9
100mb,Cat,Cat/3105.jpg,33190,87e261d59b570488e9b58927580f5ff30ec11f3ea293d13e4ea900e862257f95
100mb,Dog,Dog/6571.jpg,13108,06333c2884261d591902b912426f0351626edf4aab91fd202e26ed8eb2ceec69
100mb,Cat,Cat/2050.jpg,17125,9eb84cff2ad2fef669eef59e26b0c60fcb8e9c23e6a8c389c3ebfac7e21999f9
100mb,Dog,Dog/5310.jpg,26456,ac83b456b8fca35679ffae9047a266c7bf7cdf0b90007f10e218e90bcdc88c02
100mb,Cat,Cat/11269.jpg,81966,9b7f6ebeae4d7d3134a72e34f7d74b563ee3d226186cce6549a588b1a5ff75bd
100mb,Dog,Dog/4204.jpg,36522,8f740ffa6bfe6d3f07f2df54024e6bab4b8d1fb8b9828f84a9ccc6d55eacb706
100mb,Cat,Cat/7544.jpg,39171,83ee0a7b7c1cf1e3d1a0d84a9a869e1ee9284a9fa5d85323cbd32ec43ccc49d6
100mb,Dog,Dog/6583.jpg,40604,ac6e77cc300ee3f5e8d06ba2b513cbd80889ba1df676bd718a097969de793698
100mb,Cat,Cat/9983.jpg,13690,a2a824536d67cdee15972dc931672e27963d990db3aef1c077e4ea21b1f58e3a
100mb,Dog,Dog/11762.jpg,44054,e6a929544d5484691a499076236a710ca5146eb7f7358981cb3d2e72358bc358
100mb,Cat,Cat/2739.jpg,24105,3996c64ff528967e2b7b228ce3360c4c51e3c4f05e3d4d12d6d7e99dcdeeff34
100mb,Dog,Dog/4619.jpg,34724,bf82f9b9b1c47a49bce8a5c47c516fb2250dab4ebe60765674cf8c27615ffe85
100mb,Cat,Cat/7793.jpg,13347,984e2ab8d20ef88fb40abd5a66018cae8b5ab7b15f5b763eaf21fc9367d26d37
100mb,Dog,Dog/4027.jpg,50435,8f405f0a980c1d10705c3d2c3738709a02366c3d23217d2cef30a3e1561accb9
100mb,Cat,Cat/11779.jpg,36921,31e8c8e304637f5f56c40b2c7378e923bb06e67de63738bc04d78331eac27169
100mb,Dog,Dog/2721.jpg,31486,1b0dd72655441b760acfa4a74202be00920ed4d8665fced450ba4ab045ce998d
100mb,Cat,Cat/2353.jpg,61342,0c5dd7cda19a2a2b2c540fdc9249f50e3ae80a341bf0575c84eb773c437d0c74
100mb,Dog,Dog/12137.jpg,24612,7dc45eb508b1dedad279f9e148f58996c47f8fc48b6f3a7ed0f51ac6b3f9c78c
100mb,Cat,Cat/7873.jpg,21244,3006e0cdfef433bb3a103d076cfa69648f82ca749fdb3d3df95c930ed15245e6
100mb,Dog,Dog/1912.jpg,63042,5c1b8c97ed545b3c3064012bc6877b13aa34a4eb1ef85b64389743cd94fc2bd6
100mb,Cat,Cat/7284.jpg,36391,bc71084982c1ba1af12b8adcf8f2097890c1c331510cb3711caacbc2977d8725
100mb,Dog,Dog/7126.jpg,16198,775264e4962dcf1f3c0c902644b7c603735ff4a8c1460111a26c05de382fd94f
100mb,Cat,Cat/1740.jpg,22586,43c484abdd6e5e76dcdf5ee4332fabad134dd8b6127f27ed7544929f3204018a
100mb,Dog,Dog/5347.jpg,23096,d25edfbec6510d3ee04b27291c65a3c8d95b0285e566944db1696b7103ffc424
100mb,Cat,Cat/6736.jpg,28569,80c807ef475bdd3ab08b503dabcf3dda0e5f73e2ad7f2c107803f3da17d2bc59
100mb,Dog,Dog/11070.jpg,21724,130963bece788401ea280a99c5fc927e6f22948e2d1129350a26b53b8a431d88
100mb,Cat,Cat/3435.jpg,19217,01cc8d77513edc6dac9aa823ce5036fd84d3ccf99519b61fec24a7c35178704f
100mb,Dog,Dog/4788.jpg,26099,29ca862e27b78e19c82b83282f477c88ceaae3f565613ae6b229ce1d5cbd65a9
100mb,Cat,Cat/4427.jpg,37372,ff27f663af1aff0ff36f75454be52ac6f54ece16777d9c6d113620cbabfd9cf0
100mb,Dog,Dog/1318.jpg,33781,1adce015d5c3c0017ec717bed0f4e1fc76e09fe0124618c19ce8c66cfbf4e4a6
100mb,Cat,Cat/9292.jpg,25377,02f5cf0c972ff244adac472a417272f29a094c0b4199a33b4d78b2c3e228b15c
100mb,Dog,Dog/535.jpg,30819,8716f61a151294517d8c988704093b60c7ce7a0260810ab5277761f157ae68b8
100mb,Cat,Cat/2221.jpg,25325,d5aae01a9c7d39a83fe2975329406d7117c6ce8d41b9b9d7e2889947ab3ed66a
100mb,Dog,Dog/1560.jpg,63124,fc530b4b1ccd1231f2f011f7055aeef23f48fb59e71aa37947211081ef324d1a
100mb,Cat,Cat/6441.jpg,35403,96cd9631cca2007a2bdeb1aaebfad5541b777dc00d9e5802c9601057427c084c
100mb,Dog,Dog/634.jpg,32865,88d2443b89fe1afec07d99ac3e46ed77b3646331f46b0153bd8219b8ab563c03
100mb,Cat,Cat/7146.jpg,46375,6739276ede9355fe432196252fcec6436d3bc8f832b9f4e09b8f028bbdfa5d85
100mb,Dog,Dog/3994.jpg,10153,f3d5608fed7e63d7a8c161f3ea41e2f86404e6cf5458781d9fa3ce45868fb452
100mb,Cat,Cat/10178.jpg,23648,dff554966f83b9f29dc454150286acde9f21ba8663b3d5547083651c196aecf5
100mb,Dog,Dog/5834.jpg,35658,2a5f318721081baf73ef9307eaa3afad946e47fa9817dab010f4d59057704124
100mb,Cat,Cat/3103.jpg,35340,d247063b7e8d9e703fb28735b0b37fd7350a18917fd8c7bbde6e5621574baa5b
100mb,Dog,Dog/3567.jpg,23672,d6bc6c2329c2faa212d45510e4f173c1d88527af945e0bbf181ab7279de0c88c
100mb,Cat,Cat/8420.jpg,26942,28f4c6a32703bdf86c2e2adc04bb85be2c3b5c836c1683fc1986799ecd2e48b3
100mb,Dog,Dog/10271.jpg,25064,30180b2a09cff349e70864d01657051f721d8b558aae6445ba129360144c8c0b
100mb,Cat,Cat/2002.jpg,28203,da9450a9c4b76de6ffef35b60b7c7359e1ae6421a81c1c84f72c60e00d6389ce
100mb,Dog,Dog/4160.jpg,19782,612d285d188134ac11eea0f589dab1884f558cb5fe8e2463dd6a365c89187c3b
100mb,Cat,Cat/11913.jpg,21308,27444b223ba8f3c16bcd641f260dfc7c2cb53ea20706834b7fb9df8067faf85f
100mb,Dog,Dog/9312.jpg,25211,ec1db06caece33a28a136d7f8d665704b67744b056ff11e50080850854ef848a
100mb,Cat,Cat/12494.jpg,102350,6b4c0473093d848532b4a876d4f4a86a03ccaf1567c8cdddf7e652fde2e348cc
100mb,Dog,Dog/4841.jpg,47081,097447f10f507621df7353226ee55de9455e9dce09eb16f71c25354b09c56c12
100mb,Cat,Cat/12138.jpg,38556,6d53982e0eea3549fde8f44120e487306107d646988509a20f982d748a25fd4d
100mb,Dog,Dog/8285.jpg,46637,c0562896c6a45999dff1cbcdd976dafe88faee799c05c6d3be4a002b93c2b39d
100mb,Cat,Cat/9650.jpg,35525,0843a2904237dabd5570fcd6eb69833e845edad137ff26d7f3146011bd379662
100mb,Dog,Dog/9249.jpg,36111,e5385a42644164a11ee964fcb6438a3578b6e52a37e006c776701710ece0ea62
100mb,Cat,Cat/7935.jpg,24522,4b6846ddac26af211876826725539de2aee3171c67d2fb3c89cb2c08c9fecbdd
100mb,Dog,Dog/358.jpg,130071,b9dc52a94d462adf18a1ef57d3bfe782d9d7159602b4e1955632b74b3fcc1a7a
100mb,Cat,Cat/8948.jpg,27308,0d522c3257d9a70049cd2942d949fe0038148786c0fd1e415e281f53238bdf59
100mb,Dog,Dog/1873.jpg,31720,5c48cbb9c783c1a349ee7dd51cdab35af684eb8ecc4b0e39180f4444070efdce
100mb,Cat,Cat/7123.jpg,30868,40fa3b48285815e06cf5c2c42f5b615cb813e34a75321e7708b09b2001099276
100mb,Dog,Dog/9013.jpg,36001,160ef1cb447bad216f0944e6ca8ceb16f35b4c0caef88a12f30f8e46ca0d3408
100mb,Cat,Cat/6504.jpg,7507,60d54745a1d97c847c0ab7dd3f6a7c71c2b623a11f84e1939a67fddcf6331da1
100mb,Dog,Dog/10338.jpg,35346,72f00c677d1bce4277e99b1141d2be3d279305b6988fc584fe5a82b34cc91934
100mb,Cat,Cat/4649.jpg,40464,6a66713a2a4664f33082912ebb2449e9d33a1cbe454083d5dc9650645a0399cd
100mb,Dog,Dog/7682.jpg,28665,407103d5ed52070910e891a07139261fe43b297cc17c767102d7057c9a040a79
100mb,Cat,Cat/9155.jpg,21813,ea1422dec44e9adbad9e8d72623467a8b2dd98a64a75c3aa0c10fd546cd1f269
100mb,Dog,Dog/6520.jpg,59875,77e9bff985fe0cd792813af1fbab8fb838d1ce01c0495909aa5caedd66709ddb
100mb,Cat,Cat/5538.jpg,20953,cbe2dff04060a339a285259d3f27d11a58fb325f40bc72f4f373ffe38fbec012
100mb,Dog,Dog/12264.jpg,37610,d242f21d0680561b9ff99018db7d26dd98a41212bf05f23e2ba513ae2ac027bc
100mb,Cat,Cat/6261.jpg,13580,f86acbeee26341dc19c3f1a58223713cee2551b1cca3362cf6615756d684f45e
100mb,Dog,Dog/1066.jpg,27024,d8702b0c8e0c6274e7150569cc2ffb33b1da0fd59ebeb9609f3b8d3eec665687
100mb,Cat,Cat/12318.jpg,26273,e14e74386411c46370025920cc17f8670bf74df6f956c590bf3ea70d0f71735b
100mb,Dog,Dog/10243.jpg,47141,66cff7863e872ae22af991157c09d5c5196f4aa9e5746a8e3db73f1a27b1c780
100mb,Cat,Cat/3469.jpg,51869,b93fb807964a7a5012ce7d2cb02b03a127fe27d5494f1441aa8bda47cba529c0
100mb,Dog,Dog/303.jpg,50402,43dd59df837cfa232db3c542ba38dbd294576e2ec35f195ca140402454fbb935
100mb,Cat,Cat/1654.jpg,34915,f8a10c3ba3c3ea112ae6c781fc7c3ea63e772c56ff85a82283061a311d0d0ebf
100mb,Dog,Dog/4268.jpg,26386,1dd9907971210337188eb120f20556bde58709a713f57c41e4de06317b6f3c4d
100mb,Cat,Cat/7080.jpg,21622,b8c53de7933a1e22c63f7e8e9cc052e6dd833bcebbb7cd20c90a98896bc88256
100mb,Dog,Dog/6737.jpg,24029,9fca614f915ad9a1d5d11e84d29b4f63bca8c8db606957294b916954463af8a9
100mb,Cat,Cat/10907.jpg,20843,b05db42ac16b3255d8636e27ae631254dbc5f9042ea546a080454a3eac5b6108
100mb,Dog,Dog/7214.jpg,33564,8588f458a003b258c0d4b53ae9e8fec8113b6bf35610e1f5c295539d6e68481a
100mb,Cat,Cat/12207.jpg,22921,81440cc26332a19b974dc20f06fb8eca862d1326508dff7b80419d84403cf619
100mb,Dog,Dog/5029.jpg,18470,af41f219cdc9d48c20742948e8025d5113ef1864cc8da4eba5ff9526274e8710
100mb,Cat,Cat/584.jpg,91796,5aa83fc61787db23d296f7c3cda9e1f818fd84836931b23099676563703fee26
100mb,Dog,Dog/4213.jpg,14797,e24f8f4d6bdc088071735b59e39a5cbcde423a6806097aef904c8733f2f16c58
100mb,Cat,Cat/6375.jpg,15269,2de8985483cf51b4c9e1cedb98a91dcac17a7e3e89cfa23baf7f73f75413e327
100mb,Dog,Dog/6501.jpg,62762,ca2b5fec7b7b104f5b6ca59bbafc4e02e3a78653bfce0e2a0d6acd2eaa3990df
100mb,Cat,Cat/3645.jpg,22630,d8795529852df24a1f59581e519e4bee68a275d4a9b00fabc6312c07c2301cef
100mb,Dog,Dog/9794.jpg,20754,a9973c566aec4e7e10640246798dad05c54ae0d71a7d899bc6b6be6ba9b32553
100mb,Cat,Cat/5398.jpg,20791,ee08cafd6fc5f9e53306e5d6c0ce90433c16956a15e17a2604adaecb4b7f1024
100mb,Dog,Dog/903.jpg,13989,cd832cca38509674bd6dd2840c0637b9005df6f6912d9e89dd1c717fadfaba07
100mb,Cat,Cat/1118.jpg,22304,f2ff29a88d3f1942089a5d977042d512a70332fb06c91478f0f8211669efdd46
100mb,Dog,Dog/12130.jpg,22204,9c505763b8c065f151d841c90db09861575369d9f257bc49f747cc76cae7f070
100mb,Cat,Cat/2319.jpg,16818,268a8bc973b1418c1e95631bd39e0e9c1acbbd5dbc65ba755ae4409ae22d1d27
100mb,Dog,Dog/6803.jpg,44534,f1e2992c12d791d273d90955b4fd08b813cd34b94bad7940e87521f6d09f34cb
100mb,Cat,Cat/4713.jpg,17963,f3aa897caad8a743810df85f4393d1c6d0524d714c3fad9e77d20052fb105fb1
100mb,Dog,Dog/5114.jpg,35864,b44570c5630c9a52413bcbb3c8fb477e14934f004dd6c62f9ec2899999516405
100mb,Cat,Cat/10789.jpg,23274,d16bf88bfae71c8b5b95e47363c7ac56e0151a801d88deea33d5c1b03cef4fb9
100mb,Dog,Dog/10875.jpg,17904,5663a2b05ba9e23b00eafbb3b5270e8ecf40f5a03ab2e4931436485679459630
100mb,Cat,Cat/6076.jpg,13080,8e2df08cf392f4e81d41305f2660575f39cf0712f5a7a36becba5e0798dd8617
100mb,Dog,Dog/8025.jpg,62921,4c278e6a1e26703e62270c2d80681a793aa132c4bc9997d18a36bf883bcca00f
100mb,Cat,Cat/267.jpg,42453,5b0407ea2425ed76a382b4e0ae89e6ea9551774624352439598c1323a053781e
100mb,Dog,Dog/3684.jpg,46924,97fa63f5ff4fba89725ecf09ecee9349f6176f4ed45c78b69ed97670852b6a24
100mb,Cat,Cat/7198.jpg,24820,7cff80a4a0004a14781d3c9033252a597c8a2d8b7031f15932b773045b5541ec
100mb,Dog,Dog/6024.jpg,63941,6956fe87a890c341eda1c259125fce55064226a7c13c2a992f19d653c1b83351
100mb,Cat,Cat/8646.jpg,11144,70cad6667cb3701a6d0cdc9aa9d47a4943c6fcb2f13892c96bf8745245028c30
100mb,Dog,Dog/12159.jpg,31674,a416a34c5a3a503878f68930060d79ae7c42e4be5175017088c22443c549cc79
100mb,Cat,Cat/6402.jpg,1129,5d16583dcf260134eeb6518caaab04b2e5e487132b8453bf7625353a0744c44f
100mb,Dog,Dog/1595.jpg,32118,bee542efd4d1df40fcb9d0aca29d93a7c350c498dc4ea565eb5d50f23de1fc27
100mb,Cat,Cat/3552.jpg,8545,0b1e0e011a455697e68c65b85cab9573e3b8667349236347769cbf0af67cf834
100mb,Dog,Dog/4324.jpg,29027,7e4b85963a727373da920053573421082991ab5490095a37cb7bd0ca114ee170
100mb,Cat,Cat/2247.jpg,35598,532e777b21e6e6c76b257ed4c21c93c15a33a2913d132a72f065cc34997eea8c
100mb,Dog,Dog/11871.jpg,29965,d2711e03cd4eda5d7960bfbad2d8be780f9ca33248a896bc122549b56bd812a3
100mb,Cat,Cat/11427.jpg,21078,24516f06765114309f30bc115a721ea0527b35e1fbd02e0c6819cac103ce6cd2
100mb,Dog,Dog/1365.jpg,15278,13deedccd529614ccb91e85ef9491dc727aaa9184a1b9dd6fd691698151c3281
100mb,Cat,Cat/12481.jpg,16468,0418d74622d707d5c62aa0a84adc207663e57510cedba1488ebce23c7c6e6bc9
100mb,Dog,Dog/6294.jpg,65428,db00b40f6bf8cee3b48d660c3d65cd1e8b980d6a527e54dc09007562e34eb2bb
100mb,Cat,Cat/2131.jpg,46469,9bd0b5372e6c62eb7902902d02cd50ad981ceabf5de9fbf68e56a2f34163d0d4
100mb,Dog,Dog/11541.jpg,173487,b720ef4d0b0ca049f0c93cbf418ebbfd2fa6e42865a0b3cf013ebecba70045c1
100mb,Cat,Cat/11343.jpg,26662,6a8511bd5fdfa721826a58280d6d46b7ef58d6f0e3a831806c36642490cbae76
100mb,Dog,Dog/6369.jpg,25938,4ae13e0a568bfe03e7320a02c3f43a8c2aded2fc6739dbdd99dc1ef4aeedd2d1
100mb,Cat,Cat/11681.jpg,28066,8ba718f930ce4cb8aa6e8529393c1b91071fc73002cc32012e1cd10c838d6fcb
100mb,Dog,Dog/5021.jpg,26021,02ea2d64f608cf7d870ddeb25ac5415fd272ee271fe5243b1900afd8bca6408e
100mb,Cat,Cat/9956.jpg,26013,fbd3b16a46f778f0e8e48aec396d36c0c111b92406e50230a5b4cb835e7607f6
100mb,Dog,Dog/8976.jpg,28255,31b02aa35cf280613d12ad0a1a2f64835c792a6495a909e11f80e28280e3a07a
100mb,Cat,Cat/10889.jpg,28456,716f5f494a649d7c3d9683f52b706fbd3eb10e58a5fb6582ef6cec3a1019a5ea
100mb,Dog,Dog/11854.jpg,40480,4a8695dcec0917c11003ed116ff4ab0cdf855505fa6f666c2970cca09bfe77f2
100mb,Cat,Cat/8462.jpg,42476,f13cf39086781e5bb6f676b18f509ea0933582af5cc4b9f3ac540fb8616590b2
100mb,Dog,Dog/9066.jpg,20066,dd68cbf492e7dc517caf5665e8ddef3b8eed50fea979b07f650d8da5be784f65
100mb,Cat,Cat/2930.jpg,23050,0dd66443d690bd0e43ba517fae4d1cb9ca1a2fea96e7ba62a469229c1e54ec50
100mb,Dog,Dog/10176.jpg,33773,ec22fa74f8e3dd876b51fb8afde9e2b41fc8b966a694bc3f024e710749f89764
100mb,Cat,Cat/8219.jpg,50332,dc1fd977f1f508042589dc4c99ce8179fc3c566fcca853639aee45340d49d100
100mb,Dog,Dog/9699.jpg,131435,713de05fc7d52f5bee4ca118874f7ecf56febae1966f0fe43b532420a6052b85
100mb,Cat,Cat/11196.jpg,29238,67d02897394d371daadc253cb6c6ad6aa6c5c7e6929288f19a539f89f8ceb161
100mb,Dog,Dog/11226.jpg,48357,e357c56f3c665f2e8e3429b422caa04f28140f95eb898a86a8fe1b856dd48b89
100mb,Cat,Cat/4773.jpg,25519,bf1284e00f6ca82a3b26fef0f84d4e2f99a7f4b9f6ef73af9491a4b474baf8fa
100mb,Dog,Dog/4290.jpg,34467,b4bf267ab5ee18d8efe5a0b1fa2708be84cc1a86361c37bdae7be038b27de9bb
100mb,Cat,Cat/3038.jpg,44348,81489f5fc9bd92db160a63cf7c6eea08978c24e9753e8212584fa6130faa6a00
100mb,Dog,Dog/12171.jpg,33470,729c19e645ccbb4250994e421b83f026d5c0bf34c180533b1efc6759490c9860
100mb,Cat,Cat/2147.jpg,26940,55359c9578280e41a3c3a240ea8559ee7aa4d52ff379a245dead8b82d576cb5e
100mb,Dog,Dog/7646.jpg,56138,b35fdfb54569a8f6ade383767e97c886a97bd3eb5efb9632139f473f4c9dd4f6
100mb,Cat,Cat/6089.jpg,48857,3d8b27a6edd12b333b6b6e1289bddff7fc764364b5249e3dc5918ebf1e049b9d
100mb,Dog,Dog/1942.jpg,39480,2fcb5f3340ad7e4b9986f1a13e5ef2dc30d4dbe1d228c35c2ab94f04fe4068d6
100mb,Cat,Cat/10652.jpg,25135,2650cec26da1361c3033a43b3a5e179ee876ddb19aa4d0a1c299a63e6e873a60
100mb,Dog,Dog/4157.jpg,121186,cfc4e220dfb8a9e7c8a6607dded311bdb40de1fdfaa390bfdc731bc61982559e
100mb,Cat,Cat/2729.jpg,7879,7597fa6a06383109c5db3ef8e1f94ab9a4a5270825eeaeeac13bffab87da3b78
100mb,Dog,Dog/10260.jpg,47022,993046251b56d973a3c82c18c93e6f7ba88886872e0298adc4a1f8ee7e4d0878
100mb,Cat,Cat/6026.jpg,23119,5ce0ac2d760b91984fc6ede0669cd4d6ecfdae94c7a878a22262f31c7f4fcdad
100mb,Dog,Dog/2408.jpg,12334,749d2ab8d6c01b62453df6fcecb549161f80cd606db44ae05918d126137eb1cb
100mb,Cat,Cat/4983.jpg,26309,3aa8753792f57a510f37da75b6b2a8238c1bc4a37ef8e8a0aab08bc269540eff
100mb,Dog,Dog/1922.jpg,4632,b66b087ccf65e9fb159abcb1feb306b908d0e1f81cb7323f00cf114d388a729b
100mb,Cat,Cat/8467.jpg,20499,8fd38cc1fdb1445d603962581577a2e9cb758f0fcebc665f183bb7b5415df243
100mb,Dog,Dog/3346.jpg,114145,fecaf312616a52cbd7845e964ef8550170a13d4259f55f544010eff8e48df29d
100mb,Cat,Cat/1191.jpg,18169,683647c0111f4e56b8810b0368a4dae98ceebeb08f653de6ebc9398af2b4becc
100mb,Dog,Dog/2101.jpg,42453,7299d96199e074f09eff79213e256a626e21b3946acaae43921377c61165beb5
100mb,Cat,Cat/1834.jpg,9886,66b10cd06b960b187ef757d27f126735c894069b3a1a62e4370f8900db475a79
100mb,Dog,Dog/8090.jpg,13032,d864b03ad119056d7e40272d0083bdb2a10fd6fdce1b94a4f3bb6e67335a0994
100mb,Cat,Cat/9933.jpg,27462,70b4ff89622f5c508ac1377ab141529c9e12c69e45ee15af1e8bfe100197d3ce
100mb,Dog,Dog/5217.jpg,71314,3bdf57dce5f5910eea79a11c993d63d9833acc933dc3a54c0f83f4f3d8942b67
100mb,Cat,Cat/529.jpg,80778,22ad8c13b2f16835f482e625f5e587ddf4f10a78ed30923663981baca79ff98d
100mb,Dog,Dog/9616.jpg,28119,5328797b11c172ab1aa73171c0d8555fb791d910b00bbd8e84a8dda2c4c829ef
100mb,Cat,Cat/8039.jpg,29632,0500be5faada504e2058bd65d0c57508e6b146b90daab876d3f1270653f60289
100mb,Dog,Dog/11242.jpg,19591,6d1aea9e04794b69765ba1d3f917a95cebd9f380ef02eb1794fe3f78193f5fde
100mb,Cat,Cat/9184.jpg,18244,1083f58a6f8d0b7b05fd374ca35517d78331422de529087c540d284fbaf029ee
100mb,Dog,Dog/9387.jpg,10771,d4974b2161937a79129b5ab128f54fac162db7579793da4e16831999044c39d6
100mb,Cat,Cat/8879.jpg,23101,21f4b3b3b9ed9c8533dc23908daf8a1561ec113a88f35bae1d34cc45808303af
100mb,Dog,Dog/11458.jpg,49626,05574d178f68ee425668cfe11ef38d3dfa67877d9b09b6251fc9a1f21feb27be
100mb,Cat,Cat/10816.jpg,31247,e0d680ccf1c8910fde95826b41d7e76e1a5bbef6719d93e6e6b85abcc23f52ac
100mb,Dog,Dog/12261.jpg,24100,81f513dc2ea327b406ea329affcfee8cf95a8c5f22461116222200e72bf9fa3d
100mb,Cat,Cat/3201.jpg,23531,d04f1905d7e6e3647a193a56a4915745ecedc7378405d8b3b3f18d7dd945d3bd
100mb,Dog,Dog/249.jpg,25552,d05d2b1335945f1ea94b6856e704b70f77f9f6bae629c7cae0e9d4cffaf557a8
100mb,Cat,Cat/5524.jpg,30213,6369e8daaa32596e0778b9eccf0312d6e421bba4b48b67f1831a5a1cf3dcdf45
100mb,Dog,Dog/2790.jpg,22409,0d32c03276d8c63461d2372e1a318b94ed7000b27ecfc234b56e790ec8c0350e
100mb,Cat,Cat/11607.jpg,30294,abbe82b1205e0825d0bfae7016b0e356d30f36ddc478f262f393077821479e2e
100mb,Dog,Dog/10241.jpg,21578,233ca56c06bf60b75f46ef4e51c42feacf175e9610d4ef25593a401995560de4
100mb,Cat,Cat/8351.jpg,11130,85d15c51e78af898fe724187e4c973999d82b22ffe63d14cff4c8855f41716b4
100mb,Dog,Dog/6635.jpg,23158,f5bd8f59948dcf6b577bff40ffb06701230af48c22a6a172accacf73d74372cc
100mb,Cat,Cat/11577.jpg,39141,76f042ad2b908f5ff3c38c139c37d734b56dbc51242e52b9f2ef51f42ef84607
100mb,Dog,Dog/1831.jpg,30529,ec674142766550cf55fbe3c56568fce32a5707dfcd6424dd739091ea3dfeb396
100mb,Cat,Cat/1450.jpg,65576,7585b7e3561773e823b6992fc0828699ba8303ad77949decb666782cc22752c6
100mb,Dog,Dog/6210.jpg,26801,16e9cfcf023f804ae4da39c75f4dfee78b5886f45cc30c6a1eff17bc4870f7fb
100mb,Cat,Cat/938.jpg,14804,abf777b94103e08b2833c742b3c46798176ebf7055acc3fdaf822b1b94cc5d3d
100mb,Dog,Dog/5928.jpg,43861,b2858219c2d2eea6e12f1e07733422fc99004d8043cfd8eae0f55e6f023f98e9
100mb,Cat,Cat/4435.jpg,52925,af082506a21e910863c0aa93b9764791c78368273297d4a67a1935bc41314fe3
100mb,Dog,Dog/1579.jpg,26157,58f6c802703f0c97be9c4fd44912076c70bcf14ebeaf81f244789d010aca4238
100mb,Cat,Cat/2869.jpg,33304,ab69f06f55e7f3ff9908b275e44670c29e7839cc7a84a3ce6843af93b78941b3
100mb,Dog,Dog/10465.jpg,28343,23e45ad9eeb04cc3f9c09f06e7eba5ea1ab6aa1241a72255dc28c56c67473ede
100mb,Cat,Cat/10137.jpg,27836,62d88e06884ff487da2753396dfd5876402de0ee4b63ee6a270111c7dc062555
100mb,Dog,Dog/12401.jpg,8985,25028d81f096c11c3533b37cbaf12ca512081b5ffde89dcb8d479f06503eeca2
100mb,Cat,Cat/10080.jpg,29793,826fa529e38d664da95dd58980918b146978428a16ac3600f577b8af9bb64e10
100mb,Dog,Dog/5253.jpg,17424,3d78d9d059fa9c494e8106b33af8976499e1432ffe536de41f705c6d3d8c78ab
100mb,Cat,Cat/857.jpg,29980,36cd66a96f072208c618f742ab9f1888bf78fd5f08d07e44b674a401ce94b812
100mb,Dog,Dog/8148.jpg,26784,f6c351420e2de5c4a5483b0b79fbeabe4385c19a18235f69187de69a9e164356
100mb,Cat,Cat/116.jpg,21904,8b5c46ecdcd37cd67710e1d310f92ba414a98398f442c750a17595c4f3b02210
100mb,Dog,Dog/7570.jpg,44063,386e01c835a2f552ed4ce6a27cc8b7c1c809b00f561612c29babb8e4f62de4ec
100mb,Cat,Cat/11199.jpg,30542,569daf4f889332db3503c1c1d7c38628a9042a08629cc75b2f367f16a461413a
100mb,Dog,Dog/5422.jpg,26505,5f45e25a1a5b9563748a6e34d2048bdeb9766e863a33e80896e44dde110a6a13
100mb,Cat,Cat/5159.jpg,33272,bb1b5d7b549e097a4f44a6af0dd02346c4603bdcea35d1f70d23da70a7d5f347
100mb,Dog,Dog/6311.jpg,27230,e6d072b254c73644e023760f9ce8b0d0fef4d07b3968bb5d6bf714f536073b98
100mb,Cat,Cat/4311.jpg,15105,69ff2fb7820e38418fcf75e2f4731785e7333f133508dcf9c269aab5ec4653ce
100mb,Dog,Dog/109.jpg,22409,e25cc8d3ab49a7d6f5c9e8c7c4e08fcadc4610c2f044c7ae5b96b2184c9547e7
100mb,Cat,Cat/5490.jpg,19825,916dd577ac5ee629df4dc189c9fd5ff2545484d1d686e2d4669e3c3d9998b5fb
100mb,Dog,Dog/12063.jpg,41061,9eeba881b24f98b1d76e66d1fb535c85dcd7c11e581f2aa8852e9102cda61364
100mb,Cat,Cat/9593.jpg,55079,66f166c74fae80793771aa96d1fa0ea82985b478d0d0c50d919964f05274f60e
100mb,Dog,Dog/7526.jpg,32919,a14cb44013c1777122c2569dae8b730d30328dcbd9014737a66d9b485de18570
100mb,Cat,Cat/6036.jpg,25169,10b271fb891ccd73f5a14c4b17c13c549f945e83452b6273c87456f21d9f6f68
100mb,Dog,Dog/10140.jpg,17254,f20b3d6dd521ed14c32db0e5ae9b94ddf6eea471da700e126224da7ad3da8f24
100mb,Cat,Cat/8468.jpg,5296,fd2761e15bc2c418f1a0c6c416d384d1d4bfbe0bfac58c12892f7aa5d4a1635b
100mb,Dog,Dog/8380.jpg,29609,54152eb781b7664b46ea586d4a435e2248db9627da9c807089ecd8d0e69ff11c
100mb,Cat,Cat/1257.jpg,23636,4993d70c30f1035f09ec0ea295282348043fc26b29d36e7d98f606dd05927fc4
100mb,Dog,Dog/10315.jpg,25441,89b1f65a90224ef75370487a628dab9b66d5e2a1935bcfd066a48c037c1b607c
100mb,Cat,Cat/181.jpg,10293,fc1b92e433262ebe6e29a2d0bdc4a76ef3653a670cef08a283d344e90c43091e
100mb,Dog,Dog/397.jpg,19809,38638f3238bbedf2d59ab6f9746ba36dce1d7bed4c7549a29a6e34f859a80612
100mb,Cat,Cat/5427.jpg,15648,285ff728d00c74b0a8229c1819a2cdccb1e6992343aa9fe289119b94caf12836
100mb,Dog,Dog/11253.jpg,518454,66c1617388a0b4d77ff2718ca409a9db840646191f4d090c636721ba04f61761
100mb,Cat,Cat/10025.jpg,57205,62097f6ec090a16764416656ae6932020ee4cf8ba7f258c24dea20fb96a9231b
100mb,Dog,Dog/12254.jpg,31369,e1b56cf173778ab93285581ed2ff757b4c6a85e61f488fdb052f3426288b77b3
100mb,Cat,Cat/4424.jpg,18459,0e93407fdea395c13f1ed6a01b602bdedff2802d891647177617b70c51e5dc27
100mb,Dog,Dog/10614.jpg,51644,dc4913dd982c5a1f93e3d882e3e05061fe89043f30e48c213bfeb964b7c8d870
100mb,Cat,Cat/2275.jpg,18372,5fe82bf35bf7c282db3cb89eb717adfd6b6851ad7cbdb14360144d689ab09356
100mb,Dog,Dog/4456.jpg,27809,880b8a9a91fabf172fdf7ebe47066dabe4b74fccfbb1db0f0898536ebb19dff7
100mb,Cat,Cat/3820.jpg,71110,cb8b4774e47ded04d26fd9e360190bd1665f7a4958c70fcfc08f8e99b319c51c
100mb,Dog,Dog/3129.jpg,31207,dc1c60e5e89e1b2b983004ff28dadf86194f35f1fb3f038219e9361a0c46153b
100mb,Cat,Cat/6656.jpg,28700,87b61361b3a89381f55b10235d41a41a3edbae25c486651399f6656f3fc83398
100mb,Dog,Dog/794.jpg,24554,a11713355d4791a2c2fe5c12a5b6c82591b5d7b7fc3aa9ff297118e8c5f5436e
100mb,Cat,Cat/9906.jpg,28460,d6365fca81f623c810bd9acadc36564951c6b037fb537710d37c0b501eea5107
100mb,Dog,Dog/11660.jpg,25155,b6d14ea795d06d2f3c3713b134bc6c68fe254208c3f914c7ed536fd10019dd52
100mb,Cat,Cat/4308.jpg,40313,cff2b7865dd020f0ab2d6891a70539cf0ed26835e85131403aad4acb3378707b
100mb,Dog,Dog/2456.jpg,23378,975d355319a90896ed39b6799ef6d5b4359fc3314d3f5eb49923128547729043
100mb,Cat,Cat/9842.jpg,10393,7418f8cbe8d10c0567133b1317fccb563714afcbd5bb128535f81cace3757afa
100mb,Dog,Dog/6634.jpg,33351,f0f982a17cf9f82fd42e33b28ce36d63e8dfa93ef250df7d492dc7b1cf1b93bf
100mb,Cat,Cat/7210.jpg,15064,471ed2458f1cdf95fe4b6ce5d1c1cc2f32131105b7b1d42000a224e030100021
100mb,Dog,Dog/11626.jpg,17860,07bd92879aa73fe6cb6b72f8f1d17cc42c530df8d6a567decb1b7fe9ac1fc572
100mb,Cat,Cat/9538.jpg,25638,aed6cb47254af60b34358fe0a5501fde2914580f9a24e0f0b7fb1d34b7dd8a89
100mb,Dog,Dog/9802.jpg,33446,e01c539ef0cf6ca8599f81df0238da3983838896f31beae9a481076cb8aefc3d
100mb,Cat,Cat/5271.jpg,58196,b4a4e2ddcbe5d1a96125bbb5de70320909b3687f876dcda2e7fefc1f77992fdd
100mb,Dog,Dog/677.jpg,19635,42d7f94009328f9a5214a4fc2c875e08cd054569288a3f154c397f419bcc5a9f
100mb,Cat,Cat/5866.jpg,26034,ab445900d508fe810c2076e64287ddb09ca14a04c2a5b42e9d7d7fc78eed16cc
100mb,Dog,Dog/5864.jpg,54538,132b90a8e27d5e5bdf9e8976c97fa60b8f4986113beef855f7d3e7389ff279ff
100mb,Cat,Cat/9076.jpg,53325,c560fbbaf1459a023f82e895a607fbebcf291e2aebc0872046dccbd118a7f64e
100mb,Dog,Dog/11741.jpg,19880,5643fa2cbcafc779d8cc5b955fd8018dc089c23e493c1ccc6b8d18b76f6a8c12
100mb,Cat,Cat/7453.jpg,22965,6a3d055d6303e3b66134fc9181422c612bf4b958ba5580f09d5916c6cdda5b49
100mb,Dog,Dog/11397.jpg,24541,ea3f3741fee2b0553bdce25ad523229f3ea8d7ad9f0cf660e08de0ab452af8ed
100mb,Cat,Cat/7709.jpg,18208,03b3e5deab571a505b648b8077d89e734b4763e2fc8797f55e97927f6879d7a0
100mb,Dog,Dog/4577.jpg,23129,bb17eb448c8e9cfdbb809247ee0cf37c0c7cee15265ecdd21dd56190d7c84b09
100mb,Cat,Cat/6887.jpg,16283,be4444a261d2ed1fa0660e7433432c9f1f853122129eda7a339f3fa039b40d1a
100mb,Dog,Dog/3954.jpg,40527,01d867f6861b6882ba72b7167fbc0590016ed3d935ad4ba44775a24a9fcc5734
100mb,Cat,Cat/9623.jpg,66261,182d1a790d9676788124619661fb4d3cdec11e816d14145181f816633db98d10
100mb,Dog,Dog/6240.jpg,42418,3cd5e694285da96c5313da1edbc23b64a1b23c8ebfbd764711b2212b63d790c0
100mb,Cat,Cat/4646.jpg,19782,d396cd7ea25fdaf837ba064f5e7d3094cccddd80ff301a45bef1abb6c334644e
100mb,Dog,Dog/12471.jpg,36571,294ca1dc0c2508d405f3bf14c8128e6af4d00a8951a18a111bf42898a027d6cf
100mb,Cat,Cat/108.jpg,25908,0c71911c5ae5d3eb1fcf375f597e45010b8fe511adec79d317939db3f5e9eacd
100mb,Dog,Dog/8667.jpg,28087,0d790f5df81d2b88e4adb84048e88f8e9567dc30d6f954a7273184cd3bfe7255
100mb,Cat,Cat/2256.jpg,65368,16977206ffa94c9f5a9b38219614fff1f67980635b754c6ce9a93e95592d81b2
100mb,Dog,Dog/10777.jpg,29089,8d986157ada9b5a7c9a6c412b24331eef01a8706eb0f9eb859f3adc7d8ed7fcc
100mb,Cat,Cat/9046.jpg,49426,b205fa64e939cbbc0a0427b394e9e9f100e15c064bb5690d7616d844c065d457
100mb,Dog,Dog/1747.jpg,19444,1e8a02abe9b073becbf2e8cef7eb56a293030e84eb41d4989d149b0158f81c1a
100mb,Cat,Cat/4699.jpg,13596,34e57a55f9750b0d1be963e54b913a05622a7f9f1d28a427f13809c54f51a1b0
100mb,Dog,Dog/6288.jpg,30951,d6c875149117b5dd7f24bb6c31de8aefe9b46d03eb285b912328233d3d6df142
100mb,Cat,Cat/10306.jpg,45201,14dd901d9f76fc92ef5d9381e0fa52074738a232ebdace0c676b8e5723b7529c
100mb,Dog,Dog/3028.jpg,27392,f907403ca58c75c6b0c740b1aa0ba06be2f0eb7e30054647115b3ad43c54ab7c
100mb,Cat,Cat/4454.jpg,12209,8fdf0e5902c4e9c3a3996acc548800fed6991b4866b783a90e441624104366b0
100mb,Dog,Dog/11725.jpg,19391,8035162b43523a7f96ccc04e020ac948bdc8fb5c3475a5cd27f520d926733fc4
100mb,Cat,Cat/7996.jpg,36475,caf1c4315e7831618cd9d6ca17c5218f6dc678509d1d060d582650985791ab58
100mb,Dog,Dog/1357.jpg,33915,28f192d2f203dda89ded5ac6839fabf963e58c62663fe24cc5d76a5ddf17e5e2
100mb,Cat,Cat/6213.jpg,26936,3e65512cc72d2c1bcf3789b4d23723aa486517a28292728e28d2f6f2789663c7
100mb,Dog,Dog/3032.jpg,27377,54ef3abc696ef2d44e7f8aec76746815510794cfbb10e9a6b683bbed5f03c90f
100mb,Cat,Cat/10206.jpg,20235,ccfa318a6122c698bfdc4979bec5e5bc38ddf9c731db1ff27b0f03fa3cf57d4e
100mb,Dog,Dog/11862.jpg,14889,364068fbef7b98a023b02b9f1b85f9d21f14034f280b5e261e1e33d607cb7baf
100mb,Cat,Cat/460.jpg,8497,d73e22c278d22c64b4269a7b98dbaad3282e7517a9b830d845966ef43629d8e3
100mb,Dog,Dog/12048.jpg,13954,269b200018b9373f35e6702c134e00a4d7199e2ccde1aedd0057c4b5726b5a18
100mb,Cat,Cat/4110.jpg,42689,c232744fb1e75e384489e67f62a709c4c2c85551ba9f829c9543878ab303ff25
100mb,Dog,Dog/11918.jpg,37134,58591079a13a7cb2dc2d75f57ba195f9199fd2b0853626bba90cc1a8451709c5
100mb,Cat,Cat/8144.jpg,19303,2343cd429e1effcea7dc6c28d9594d123324fbd7b25df81058dac9ee2f0d0a8c
100mb,Dog,Dog/10162.jpg,11481,396d1949fad5710414ebfe7c80ebd192f124e7890a693573af4dcc4256239b05
100mb,Cat,Cat/2138.jpg,10570,b2bcb547988bd537d16728856e210330a198f49c7098471a1342a00e8d79944a
100mb,Dog,Dog/2906.jpg,32200,624ab1f6505334ec56fa53773c0b01a847facb21361cdf12a31b411d57418347
100mb,Cat,Cat/2022.jpg,39582,65215c4742edf969cabcdb0db4cf7bf982660317df6856c8bee7d7bf7b37c8db
100mb,Dog,Dog/8927.jpg,19589,b4773ef8391f0cf64ff1452d7a1e150b197154dd1d6b2bbacf265fe090d595c1
100mb,Cat,Cat/4184.jpg,29934,f905c979bde137625decbf12d70c6f8acfc4931cfa44a8e90ae4571d4be1a5f9
100mb,Dog,Dog/6835.jpg,19301,df08dbf30b4172b1fbf0a0b0718c1da24e64b9ea98f52e9efc3a5c91969f9910
100mb,Cat,Cat/4654.jpg,25714,cf03ae9a1c37f6e293c2f222e9e29127d0f600bceadb31b4bfaa60ec3d9526b8
100mb,Dog,Dog/1370.jpg,30419,9f78bb6080ba6dfc9ad1dd9243080899032c29c66a7fce75d3cea5c6be503103
100mb,Cat,Cat/1220.jpg,15615,4d74249af3ddfc7bc35387a8c93959fe228113d8c591150e27a86d03dc7c6d58
100mb,Dog,Dog/3064.jpg,49641,9c4750b433823da03e52ea957dcd5c2cf9561ac4fbecacfc6c86f89839d01529
100mb,Cat,Cat/7383.jpg,29822,bb3b80b270deda702d88037b790f9129109979cc7fde7a77f9e353de110619e7
100mb,Dog,Dog/3710.jpg,31833,74f232e8151a0394c9f92571aaab97ad4ef512084f2e22cd1bd939d4ad8755b5
100mb,Cat,Cat/12449.jpg,22930,a346dd233e76fe928a08ca57afc07e23d62b5a02a8f4aea449bb5779e0487274
100mb,Dog,Dog/11996.jpg,50063,66fcb0251541ff1228cc4ab327f9df245f71d0bc67de72e8f402e43d47e75b3d
100mb,Cat,Cat/9476.jpg,17503,66004bf803aab783ccff0ae03b4555e49f13c8db985ac7a552f2bf506aa1a80a
100mb,Dog,Dog/6035.jpg,28834,29d2315ba9d09b1d34c87414cbdfcdb89d9899bc590837e0c6a99cf2d19163b7
100mb,Cat,Cat/8650.jpg,32349,0a72ae30853b5e64ad44643f2108c538b14a32a2fce4290ba2d5058101e0356e
100mb,Dog,Dog/3535.jpg,99051,73dd54d138ee13d9cd62127ccb172760bad211dcdae7a58813731b438a2a1d7a
100mb,Cat,Cat/1682.jpg,21285,a16f668f19a025cd2d89634a740abad6ee56e79b58a1df2345bc3baa5ff39cae
100mb,Dog,Dog/3562.jpg,34141,3376be2b5df901f1e3e02310cfb83e875a387045d85439fdfa7a4e3c39dee454
100mb,Cat,Cat/2115.jpg,41025,1e3c9e1582a6ae51cc9f510d642892df2122f54b33c367e0a96630747e95ee88
100mb,Dog,Dog/12143.jpg,58361,6d59577375904f16fd25f9208fb9139b232630fdf54adc531080d983f3bdb162
100mb,Cat,Cat/3994.jpg,25009,303d9e2c73bad401c3dfb3a23e317fe98826cd24492afd2f9933fdd2dc32f327
100mb,Dog,Dog/6813.jpg,22617,6ff79e24bfc2650f391601cdf04b2cac93acfb98c8fd04617257592273460b10
100mb,Cat,Cat/10511.jpg,23506,761f06f3918c2f7c58279a159915a85ab4439e9abe99c0a57fc81169dfd1c517
100mb,Dog,Dog/9628.jpg,46893,b1f9e8af812748546fd54265510ed7b98cd5998977421400cdce9ef90df8da98
100mb,Cat,Cat/3793.jpg,130140,74a4c4be8c45a380fb699792b5a6ec11f9ad939e248661281731523bc967e943
100mb,Dog,Dog/3068.jpg,40773,0f3235d6ed9d1b3be7888e4b337e8dba0c84b7fbccb9c13683942078d4e5e7e3
100mb,Cat,Cat/11261.jpg,14233,4f36b821f28419d98570177f0b9f5cb617f86f1ea15bd1cc73f7578b19e8110b
100mb,Dog,Dog/113.jpg,19720,39f01a7c2b360e059818d1295ceb7e61cad6daa566da35b0b36a400fe5487b10
100mb,Cat,Cat/6196.jpg,27945,6b5441c8835fef5fd359e2de94b4c5dd37615fa2242abec2788a540dc1b17f0d
100mb,Dog,Dog/11210.jpg,43073,28cd6b765532bc91055abd951d42dceeebcf4e995b04388db4ed1bf4103e61fa
100mb,Cat,Cat/7930.jpg,8564,9b530de6a7a24070720f145d2b00d27e164c958f464d7358a6b6ca685bc12fb1
100mb,Dog,Dog/11152.jpg,29198,d937f4be12bcbd965d7645386e8468bdfbfc011318317b09b046e9cc3a238195
100mb,Cat,Cat/8410.jpg,24234,30624b40faf1ef3ea9c683f781caeabe078731dd1b80a4409cba5aca2a2baf2c
100mb,Dog,Dog/11637.jpg,52745,139c696f74386687040cd3a0fb6277fb765de8f6d850a7600f587b8c7e7ad9e0
100mb,Cat,Cat/11380.jpg,40565,ac5ec781a7a7559513cf092a8d56ceda48eeb9730e14272a66d2ba7151462681
100mb,Dog,Dog/6285.jpg,66424,9ad15ff621d2db930ef7c44c7ef1115391fd4aff7af02171d245d211f2c73241
100mb,Cat,Cat/3736.jpg,9565,a3010a10201af1631b4ca539ee84ef0d96ab2828e680c78c9153ddb4f50299db
100mb,Dog,Dog/8729.jpg,26650,02f585599e302db462e1bc23b5378278caa0b149a4c73acd7b0d882c5e2b2887
100mb,Cat,Cat/3550.jpg,10713,8af665ddeaf7599d7cec73b18d99c25f03a677423c89d9e334f75a24494c419b
100mb,Dog,Dog/9055.jpg,19078,8ad98cf868beaf5247de729467520e27c15b26540072b7fd6b5018f77e4a548d
100mb,Cat,Cat/4922.jpg,21106,af5c35301f209378b442e4e95be9f596d231a04ea985fbe6beb9c5694d824ae6
100mb,Dog,Dog/2075.jpg,22811,3cb48917e3bdac62eaa082510df056f63b158abf58104ce20bfb1e67027151c0
100mb,Cat,Cat/1945.jpg,32779,88a03273d3173e0d00849823544797d4340aee1dee1edb2d84321ad6096727db
100mb,Dog,Dog/6302.jpg,21741,586b55013f11aae27843616bb635e69fd0f5b1ab51e686805702ceef1a624afa
100mb,Cat,Cat/4369.jpg,29022,642511d197ebb3ad2b73d77a05b7931d69239b91a09faa721a06acf8ec03c41b
100mb,Dog,Dog/4344.jpg,23385,7b87c71d9b807809be4a6eb9f6901ff7a8a8970d4b38453b8793564636d6b0c7
100mb,Cat,Cat/2081.jpg,16405,b10f4f4f0681ca3e9492090773a3cce5ea688563957bbcaa1b49d8e5fbf10e92
100mb,Dog,Dog/7793.jpg,22584,00c33044653d50ba014db88c7eed64f7830e3abcff51efea745a40d0d297377a
100mb,Cat,Cat/7509.jpg,23644,d8fd4982f810fbc785f82203a0763f0e179612ffdd898bb4ed92c639a4ff8bf6
100mb,Dog,Dog/5641.jpg,27035,045830ea4acd6daf2f851429356d39bc174f3f9c4941f7efc6320e1b4371b1de
100mb,Cat,Cat/10478.jpg,69350,ad5ed718b30eb8c2a28dffbb485433bc509c15524e25ed1b0c81d7e2f0fe7557
100mb,Dog,Dog/5414.jpg,43255,d277f8206e7df75692f8b477dbd9f8a2aa0d86b7f3df628be64b7ec4f3c3b237
100mb,Cat,Cat/11260.jpg,16607,583f2804ae45aaa3d7beb04f4e56c2c8a5959ff202859204b62ab3004a4573ce
100mb,Dog,Dog/11698.jpg,29991,2a49a14c8ae4a8a146f38c1bebeb73a10809d10c3da2c1f7f0fdd1f4d5c48a6a
100mb,Cat,Cat/651.jpg,19261,e9090ca20df62dbde80c93ac8a5f5891efa51d506248a50d054d7d7c79eb8593
100mb,Dog,Dog/7674.jpg,20790,6615dfb57e463f0a3bbc3d72b2a4f8d6dacae68d9aa70244cd60918c80af393e
100mb,Cat,Cat/8440.jpg,27543,159b11fe8737de0ca0a77c1a17575b9d8dbaae71e8aa729ee9c1bd1724627dd1
100mb,Dog,Dog/10013.jpg,29688,5bbb2879def03f3591e1968934c93dcc7f953dc2b9adfc8e716aea7afa7d9dca
100mb,Cat,Cat/10775.jpg,31546,c162987f5ba582f19299b09d291799077c0237afe6a2ed2061c617e6831c6a68
100mb,Dog,Dog/6352.jpg,53026,2e2713a2b321da63133e691be39c3015290c7a5238548201972186b6a44fc399
100mb,Cat,Cat/526.jpg,21842,8c720f3d5d96bc63e864648b4099a883662336331a4827c6e12053f031d51498
100mb,Dog,Dog/11733.jpg,20856,e5d608b9f7fb7581da35880db90a6506a91ab9e8da2249b00703639f7daaf22b
100mb,Cat,Cat/3377.jpg,33573,591ff0852f0e0e1a7892ac72913acdf703586a2f0f241203d7b6d9bff5c4b493
100mb,Dog,Dog/2701.jpg,45786,a9daf792f70ad6a5faa776666caf4df8e1fdaffa779133fcdc9d06b2bbaaaa14
100mb,Cat,Cat/3859.jpg,18561,94c657b487e97ccb1bee4012f5a9dedd040122cef5e161a51af805bc2bc1e44f
100mb,Dog,Dog/319.jpg,6059,85ecd5388ab3bc8f13edb6169a25270270e769ece770d35d14e195f52591c0d1
100mb,Cat,Cat/9366.jpg,15538,e2da801ac4af6c4b62c42f31b96e8cebf1d88109ce6db7ecc96e89c8e873aa16
100mb,Dog,Dog/3963.jpg,21182,8f4948e01dbe59ce68f2d78bd6e02da201456f65db981d13534852eb5c1f4ddf
100mb,Cat,Cat/7261.jpg,36026,e137e27a10944ac01f4d1dc554dbaf12b136d7776b154aa995e51047792036d9
100mb,Dog,Dog/8232.jpg,24441,cc6fa22a61946ff3f450cb42ed3919fd3ba1cf95e3926e7eb0f79054850b810a
100mb,Cat,Cat/8328.jpg,24359,caf880a6df608c8ccc040012dfbb8eff6ae12ad80a17927235107ce9e8ec75ba
100mb,Dog,Dog/1481.jpg,5210,0a57255f8c3f381004108ea5053c7588eaaabc1b0f445aaa26c6153bf9c3a1c8
100mb,Cat,Cat/11656.jpg,22431,85a0af5e39dfb67c2933af0f6b3329ac32132cebad67813d5bbadd3359859e2b
100mb,Dog,Dog/1857.jpg,16995,88369d2c7596df18724e59e87479425fb0fb4c0773d71c1563ac2c783b789f0b
100mb,Cat,Cat/2158.jpg,35946,4927c05cfbdff7d69b8b1ae4b485e4bbcff6d88c142d13bc0ab3a9e53538ff9f
100mb,Dog,Dog/3380.jpg,17804,d3b11837f3b4c9f35d05a056349a9ae2799e67195fc0393a334398bb203aa836
100mb,Cat,Cat/8339.jpg,28190,c7750186ec33b3420fb829954cf49dd3c84890fe3effdd3f655004a7357809ab
100mb,Dog,Dog/6013.jpg,43054,89091cfe8c7b32f7b91352a00f756f25bc3196cbbb83a3b8c90500f90c4190a0
100mb,Cat,Cat/8683.jpg,8843,972fbdbd826fe9e9a724ff6fedef5ab9deac289306c3db0f46ce6c878a1212c0
100mb,Dog,Dog/10087.jpg,32931,7e750da922e48b291f04d3f095e31bce88a8a21139de124ed4633f0de19b8b20
100mb,Cat,Cat/9902.jpg,12748,c6cb4c8363831ebd5504fc535c869dbaa5ec27ee4cbd936e5ec1906da5f5a797
100mb,Dog,Dog/9350.jpg,27821,abc056ecf68179bc37fbb1cbfc23f297d2f1eb64c55ae71cd844723ccefd0b77
100mb,Cat,Cat/5467.jpg,65982,6650dc07da15fe7ceb135ed406e4dee2f95feea4056b9a01f524897df1b2d9ca
100mb,Dog,Dog/11656.jpg,26788,cc9572e83264b03b4b33a31bc2fa4144ca9a8116b3aad4d057aed039f06cf9ff
100mb,Cat,Cat/7999.jpg,58007,c9803b1fc4fdca84db1bb95b9fd667926890e6a7b04feb8c61d7f5fa038b66cf
100mb,Dog,Dog/1723.jpg,15909,f8b1c6106e3eb475ef8b45674d50599fcbceabf48c98d3e985a1df17a812d867
100mb,Cat,Cat/8438.jpg,17661,e204c526e4acfbbf1c73ed4036170776bf7d51ff2eec1d710cd4cf0fc93db8c6
100mb,Dog,Dog/2845.jpg,29391,4240bc5c6783441fb6efa7bcbe9d552efad9760a4ac98b424db82f33bfbf3d08
100mb,Cat,Cat/9818.jpg,32014,1632a5747ed269a79c25d42282891d5d146dd7d4720ef55f1f6074a8552f37c6
100mb,Dog,Dog/8231.jpg,30389,b79daa52e09e34b923c69faff8956ba55997c08f4e016f073a4b7be4f4904939
100mb,Cat,Cat/5110.jpg,31903,2d27360b90bf6867caca98425a83ca89c6f9e25e00b16ee9397ed4eefb482ecd
100mb,Dog,Dog/1062.jpg,31740,0ba31b0e1932ca114519eabac1feb8b1719b24b2900a587b19c23a5b03562e64
100mb,Cat,Cat/3068.jpg,24982,42f6664abec8a362689f044ffb2b2e6ac61a44a35296a41a00f92507ef094fbe
100mb,Dog,Dog/8775.jpg,45128,827f8c60ba1ceac1abdc6eefd70b69109b5b1535fb5f55bbfe9a7df954f9445a
100mb,Cat,Cat/3071.jpg,29488,c621d257372497eba77ffe8f99c70c7ad50b2c9755ce234cd2645fd50bd6eaca
100mb,Dog,Dog/5278.jpg,31799,ff28ba5312a4f6da336224f4d7a22343ee21ec093eda90427cb35bf6da15ba44
100mb,Cat,Cat/4723.jpg,20759,d3bee8511647f455273e809ce0ac8219ad7f256651188db91803b06314312fda
100mb,Dog,Dog/4607.jpg,51836,b46687f60660224d1f5d8f599207afc4c2c16bb71bafd57933981932bfbfdef0
100mb,Cat,Cat/7190.jpg,26677,9cfe80fe3747e3b3fadaf0a7bfbf2bac4ad98707b4d274f02409902fd1a17416
100mb,Dog,Dog/2012.jpg,81819,ecc86024b7fa158351ec42e3a9819258df99dacb8bf8b30aea79c285fe01acb3
100mb,Cat,Cat/8535.jpg,53953,1d1746cc1c48ce019bf9adf9847083392e135b849447ddd8a48438bd8b2a4e07
100mb,Dog,Dog/9788.jpg,81637,625f77f48d66e2d498bfb179252d011d99437a52c28339028a5d08c9a0e8ed5a
100mb,Cat,Cat/8067.jpg,17439,36fde9ffb27c99103cc35dd6574ac85d7a49d97e6685c2be5fbe833f60f2f484
100mb,Dog,Dog/10699.jpg,20689,20bded27f8009f92d3d57bfb6f47d9a89567c364bea178743381a66f836b1d94
100mb,Cat,Cat/3723.jpg,25930,a81cbe9aa7e0509005c849b90586f7a68e3914e05baef5b979c6869d55fde8e3
100mb,Dog,Dog/2398.jpg,24666,685f47c52ec8344e7d2d43d213f7c7d55a0783ff7c46e9e2ad89ac71de69d274
100mb,Cat,Cat/1670.jpg,39230,a75cadf18134284075887c6522ae729f273c34e52661307efec6af3254cdf43b
100mb,Dog,Dog/1405.jpg,50927,b555bea63a817178522be7f2cbe954e8af5424a0f9eb554c10d6170d2a55f331
100mb,Cat,Cat/3254.jpg,24294,990724082c1d306144eeeff69d3126d1bbfcc41add2aa300edd9d7c9bc002fa5
100mb,Dog,Dog/9338.jpg,23806,bad3062b451dc106b9a4771008c0cf54eb5fdedfdd1a73cfb4a2f78e2edbde65
100mb,Cat,Cat/11613.jpg,5833,93fe44d655dccb4b8e8960bffa740b083e94d2dcd99f7976527dbe5335f40db9
100mb,Dog,Dog/4005.jpg,39152,a9e2eb48f01bff8120458aa1153dd8a0c84cbfcd9271ffc1978314598f595882
100mb,Cat,Cat/8221.jpg,3699,26351092460fb30b91e4a20a71dd58540f8bf6199962fc19e3c985124f0775b6
100mb,Dog,Dog/11533.jpg,13515,e4a97e06a9dd6cb8fbbbc9c242375ec931d106da0caf8d805c4807882d3bdfc1
100mb,Cat,Cat/6383.jpg,44486,26a3c81f306f49d567086869859ec2310d3908bfd1a679ab1ea6fa8c03af7b4e
100mb,Dog,Dog/7376.jpg,55034,2b40cdb23be5e4aef82f20a0c4b68505f7390bbd0ef947d719de7a62081633df
100mb,Cat,Cat/9138.jpg,18916,e52d0889912b4287fca209260d241d65d07dc1914f1b134ddabd2b659f38a1a4
100mb,Dog,Dog/345.jpg,33437,f15e873970edcace22625e15c17c1f9929ecf00a7eecda49625139ac416ad0e8
100mb,Cat,Cat/5055.jpg,13521,a283f8ecff13605f5614fc37e609091cf804990d91d59ed6ea3f42d1b5c00452
100mb,Dog,Dog/5822.jpg,49748,95ac29dc3916d27d32dc479bf846daef57c22207ffcb0591b66ee1ce7a1e1a95
100mb,Cat,Cat/5379.jpg,34514,27c818fb24bc86fd2d8cedbec877a44dc5dfe6158b80b76191d22fa75dc6507c
100mb,Dog,Dog/3418.jpg,48692,b13bd592e3d2378ece17af38fa3f9f88c960da5c5e6f061dc88aba90301f495a
100mb,Cat,Cat/5852.jpg,19404,72d9899efc7301635ec8266cd78dee871f453df7f45488c7cfda5011a1a76832
100mb,Dog,Dog/6996.jpg,35726,9776036abb316bd5f7f0838cba79692485f88537c0f31176366047c5124998a6
100mb,Cat,Cat/9596.jpg,8183,0c8f6b75210de82959c4998c8ed1466bc9ad4f888bff5604fc9e254401780f04
100mb,Dog,Dog/3721.jpg,23653,fa417b8b19df40380f530d3ecc4634867b0bf29007fc62f203f27e8b300b6b6e
100mb,Cat,Cat/968.jpg,29154,c1996f3154781ba2b837307b88792f99c494d30119b75ab36c6974458429063c
100mb,Dog,Dog/11217.jpg,22017,1556cb78842670284100e91f5c3b5293d4c1bd6a7aa9ea9fc692d06867af97e0
100mb,Cat,Cat/12293.jpg,24739,975f91d977bf9cf43ed50a20ca29e8dc18b8f2c770cf0bc3fdfbf73b658cd45a
100mb,Dog,Dog/312.jpg,25216,0595a8dd7fe29a5c7a482277913cec25ef026cfba55158b2d3781a00807dff3d
100mb,Cat,Cat/3335.jpg,12694,2fe3655eef1f2d2e92367b0f950146d214ed0fa05a0b3a3c50d1b62381fe0810
100mb,Dog,Dog/1686.jpg,58311,2f03f2e9463669e2fb89c4dd90771e5d656d9feb65bdd0722031a23db04d4d57
100mb,Cat,Cat/11781.jpg,22886,e204bfea37bcb1e68c49ab39e250dc03a5fab14bc6f4a6cb7055f74ec1e3485f
100mb,Dog,Dog/9831.jpg,102554,d971272de8f119c3e12147a9ce37c0565d454baf3ec6a44e34b0d1843f9507ef
100mb,Cat,Cat/9331.jpg,26087,c514a6a183cf18cfe0ee01e10764664fb27b6e99b7017e6d691464c45de65349
100mb,Dog,Dog/11839.jpg,48477,c3576e6eed3716cce4919e62b714bb321713772cd2426a4a4fb457a0cc1ade9f
100mb,Cat,Cat/8019.jpg,11625,71924d1c40f662634b8f1ad473a72bac8d09527432191cd5bb9ba9d58b27311e
100mb,Dog,Dog/11849.jpg,14048,fdbd5e50cf15e6edfd51909d41b3603b4efbd127981b246218b16ac29981600c
100mb,Cat,Cat/12397.jpg,16582,0b9448b1b51870bee613ac3b7324203ab8d4030b7946eecab972db0a2841d8fc
100mb,Dog,Dog/8466.jpg,85900,c91aa434e02d582fded8da5718e7e3ca9fda5d9ed827a59bfc20637e066effde
100mb,Cat,Cat/9977.jpg,24624,33360bb40c6611fc3ef6a6a2377ba190f66ff0c200c788709b74204e968a06dc
100mb,Dog,Dog/10370.jpg,14463,ef80ceaf000c84d4d8023fe80f3304e89e588b46c06e8d4de879366502ba3fb3
100mb,Cat,Cat/9530.jpg,16664,6a79574578fe9d1174508426a47125b60348e23b751f29d1d77ff6228b09ff89
100mb,Dog,Dog/668.jpg,22835,5a5c5578142650751b246acaaa62543de915411b6bc86c8d6d1a163b24355e0a
100mb,Cat,Cat/2620.jpg,26811,903e70a67d79e8e19b2446cd214957574525fb8159d326943726bc18fb14cf20
100mb,Dog,Dog/11485.jpg,23480,9851e6c45d2a276596e67c76a9f1d3de76ab84255c15bb27010f9dec8a9673e0
100mb,Cat,Cat/12363.jpg,22453,8a54ca793445c849d8ec7d90ad9c5ab2569c0aa258f10b1bdb1e0429dc9a2a57
100mb,Dog,Dog/8266.jpg,50661,33bb415b00a6eaf5c0927bf04f1e8550b1f1f8b45e0dd4e508aef020ec98ef19
100mb,Cat,Cat/11818.jpg,28584,0bc1e74ecd95979fb3e4b44fe44a43b6efdcc08d07be89fa54e2a9151b14818d
100mb,Dog,Dog/5983.jpg,49484,50710a7a15368a81ab0494393611afd4e9ebe754c76a75da810c215c29ffafae
100mb,Cat,Cat/10951.jpg,40883,7e9e7d56ce97a95a041bc3f057bc6d78470dcdd47b2d69b10e868e4bcd1584d8
100mb,Dog,Dog/8379.jpg,57459,1efbd54bfa88a4b769969ff3acdb33e87272a86655d39bf5568c7b45366fc86c
100mb,Cat,Cat/2561.jpg,31680,e9b2bc760f95b60142a1686c7d9a32270aadc10cd0d3476aae43dad6dbf17191
100mb,Dog,Dog/4395.jpg,38259,ac80a6056710bc742eae5f5cb3a7eb8452d56b051deda577c65a368b680717f4
100mb,Cat,Cat/7170.jpg,31805,4b7f1a1e9359a10d8c4428e6fa27ea4880385c8f1895522ad28ba5b68cdfeec9
100mb,Dog,Dog/12418.jpg,15253,81162f438687a1bade2d362fd7b6d4e7ffe418d778718c6f4622d4a38cd5624b
100mb,Cat,Cat/7088.jpg,46120,5c758e7c4b5dac4831c063847f4cf3ea4e75fc0e20a8d9388d7591e8cbeef614
100mb,Dog,Dog/12064.jpg,22495,f7a83965e46a3a8d26ea7f6722a00149e5d8cdb8c986efcc4587aefd28e3bd14
100mb,Cat,Cat/1554.jpg,18216,43dc7cfa507d02137d5254d2de8277e564845d0b15313f0d3cebd132b51d0248
100mb,Dog,Dog/11275.jpg,17059,2fc42b69c46cde703d7a2773b19768fd3a5339b6fa3aaa63cb4474ec9438135d
100mb,Cat,Cat/1796.jpg,27046,7b68bfdb1d553c79753241ee1b73e0622756cbf32ef8b340fbf1f539be1d7221
100mb,Dog,Dog/4931.jpg,26915,5c37c0864cac64b2a11ce690cddf20c36f46c580fec9009041baaab9a4963e09
100mb,Cat,Cat/135.jpg,48103,8f05e5688e40cf94395a56dee8ffcc655175f446d7c91a51addfb459933a1850
100mb,Dog,Dog/11906.jpg,14420,b4161f5cddb50ea7a942240c4fdfa53a050286e5ac2252f5c36aed1b4de26f9a
100mb,Cat,Cat/2708.jpg,14629,e0b3df2b80a2068ff15ea372a1ab598d1ad848700750a49f9f6fc3c7b75926bc
100mb,Dog,Dog/7485.jpg,24546,87d3989ce51b7f19815ae0495734707f660ea0acc4139f98d76f3eb89731aab2
100mb,Cat,Cat/11702.jpg,7899,525452660a8524a78c92cb6ae5da4fb1e4bcb6507d31069529324a3b27ccd20d
100mb,Dog,Dog/11875.jpg,15373,f47ba48a0adbe6a3b66df4b7adac1d25fb4e4bcdce7d110c29163af7e3a1e1c2
100mb,Cat,Cat/6893.jpg,30041,f7708f0fc2161f9c535dec508c8f840d7c1cdd947589e296afbc589a5ce29f85
100mb,Dog,Dog/10811.jpg,5600,bda11049a1f1374d5e580964676a95533ec7a3c838037d896f1b74e612119897
100mb,Cat,Cat/11707.jpg,13775,05bb9be04d3f1bc7d7a1abd3600e02d71ce777e88c7572a76d9d5430c9d4b2c9
100mb,Dog,Dog/10622.jpg,27304,c2d55a1416ee6a5c70f8d50dfb0dcb033537816d9104aa1481f1d77b541516c5
100mb,Cat,Cat/10806.jpg,21511,235af82bb69cc10c913c57f4a267f1ee88ecae2dadb8b9d24aabb7246dbe297d
100mb,Dog,Dog/9662.jpg,35899,2b98c79a3f19f13b6f9e2b285742536c2ec3dff8b98668809419f63f47ca4730
100mb,Cat,Cat/5051.jpg,17240,38a9198a6351d8ef58eb1c4979231602a5dcffcb5946f6773e6bdc119fc2598e
100mb,Dog,Dog/5943.jpg,22355,bac8284bc24aaaa7948b38db210380b05608f2d35b484f83fbbcdf6eaf23614c
100mb,Cat,Cat/5089.jpg,6181,bc5a838641b9b153be70845b8ad62847154f6ca842a46c054f546d91afd5a694
100mb,Dog,Dog/11527.jpg,11608,37ab7aa5346903d92240b9dd2a8d2b2c5183859f3913f313b30b816af29ff491
100mb,Cat,Cat/6438.jpg,31938,a2b65c9368e14866ee3215cb2ba4c5ee1383d925f6d7469dd32f1a7f644d40ae
100mb,Dog,Dog/8241.jpg,33287,8638c38c79fd950972ef4ba94a18c4d6853bb792058dc55abb97106e900273b2
100mb,Cat,Cat/6566.jpg,31058,9f7688f22d0f1cd13708fb20617acfb14d9c1a66b9077132a61b614676ed4249
100mb,Dog,Dog/4444.jpg,20854,41c7aa11f4cb7ea9aa234d1b40d299d0ac7216c98b1c9c4175783e7624d6b9fd
100mb,Cat,Cat/7350.jpg,23216,9dba232a19392a5e24334e68c9c5912d5c3ec513b437e8f996e4268cea103e8a
100mb,Dog,Dog/5157.jpg,124096,dd24daa09f1ff1c41f985bb32e807334263a11dc572bf26c9065a59330ccd6df
100mb,Cat,Cat/3003.jpg,22414,a95d10e7754cd9f0ea92f8232c7e5df0cd53cfd938f2ce9d2945fc19476f6094
100mb,Dog,Dog/9537.jpg,24914,c3f0e549816c98a1b86a2b7b148f239027ef01c7915335d92f3c20f4aa1b20d9
100mb,Cat,Cat/1702.jpg,32195,f03bd6596013fb4c81a578c3197dd407746549815371113c4b506bf8b7d9a48a
100mb,Dog,Dog/11761.jpg,23512,823e7d29b4b275cb03de6c564982ab491793c70e7f67732438bb286316a5b632
100mb,Cat,Cat/758.jpg,15314,ef1d1b2ae74df6aa755ca16ba6df80d113ef3c907f6f7f3b7ac11337ee73dcbd
100mb,Dog,Dog/4696.jpg,34763,1256128fe071b51325dfb3fdb9bb4a761e3d9169a145b64376ac75388ecac9de
100mb,Cat,Cat/429.jpg,31934,22d3e46ff4ab9bcf8f60c6d25a59c2a8a93220759af9091a1a1bec60f44ba06f
100mb,Dog,Dog/10529.jpg,15307,aa65c3dd882a2c0d5b697d645cf04b722ac09eeb62a90a23564cdc93b29bfaa3
100mb,Cat,Cat/4569.jpg,23004,e5ca4e375e54d491efe50ab9873d573916f737f3bb0f72fa235bbcf5e0b4aa80
100mb,Dog,Dog/9901.jpg,35354,af6d878fb3a01303a20fa1891db9ff6a107e96db11fb6ba9aa3ab871877c17a7
100mb,Cat,Cat/1049.jpg,14960,e687d2c827e064c47edf59b20dd9447cc3544696f811bd952bdbb1f293eea262
100mb,Dog,Dog/7116.jpg,21270,a8e6068d5eda666a2ad93c790fa6d354e35507b034f46abbf85a87908fc75a6d
100mb,Cat,Cat/5799.jpg,23971,73197f8fe9d218f37b7487754071966252e7233b6d96e003ca5f5716bda31f6e
100mb,Dog,Dog/6756.jpg,131736,bc2a767422346dcb52aa0498a23b93e8424f4d2e1ea72ab1581b24aeec9556de
100mb,Cat,Cat/9962.jpg,14785,978a0bb3b557fe64b0334213fc808a8e4bc92aaf4845298d796ed7a3e219699a
100mb,Dog,Dog/3453.jpg,19592,87293c3def805486c8969dc281553aed60f5759979d908477592857bea76f760
100mb,Cat,Cat/2907.jpg,28614,93051a7510271b494af15bf3b1bce69f5b4f8aae734abfc1648224e9bfb1014a
100mb,Dog,Dog/1148.jpg,37213,975a1452bb038a689fe1627fe7178872ed8083e98bf7290e003c4028b022b1b2
100mb,Cat,Cat/7446.jpg,40460,9fdeb63969c24a3bbfe65af73ab02893a534a60f623317925b0939999906caa6
100mb,Dog,Dog/2010.jpg,27795,e451418c8a8291e00432b07c9c02ffd95bf991eaaaafb5243bc590b85edde2d4
100mb,Cat,Cat/6986.jpg,25985,7091e8effa24338671d3abdbc906a43db4dd6e06efe1abd5d05c1611a85c3b39
100mb,Dog,Dog/10422.jpg,204974,a2a08ba2055f0f4cd458b59f6b8757a6cebd51c775d9bc657551dea12f3c84a7
100mb,Cat,Cat/11850.jpg,38535,beba93a5ff3c136f0e4781478e0a5fd7946d9cfc161d2d0e7881f41e9326558e
100mb,Dog,Dog/9282.jpg,22744,13e716f005f1a02589632a45bf65e91ea8c98d4ca7d2030985d733b0af1072e7
100mb,Cat,Cat/10784.jpg,18937,a624f10f1a402d858ced5722e5bd1730fb6d7a8fd41813f7b7fec4cb5514da6c
100mb,Dog,Dog/2683.jpg,24874,b8ae9e00e4aebb90fe4176ddbc2598a398a424865564bde0904972a4fc6b1e67
100mb,Cat,Cat/6371.jpg,32312,df927ab0a0a6a3e27d50c3799c34f62280b8d548543b2b9fa73eb1cd56408dad
100mb,Dog,Dog/1536.jpg,29248,0c9a78523054b4dbe5c513450cf84d639168fc49f38d4152bb01477c75ac584e
100mb,Cat,Cat/6181.jpg,20696,79f2485bc89c6aed2903ea948592da4c9583ada6f16c23d6224174f66e11c9ab
100mb,Dog,Dog/10202.jpg,34619,a9d604a750abc95edbb973d5995781f04b525b80515e9f3e91a9d77028dc548f
100mb,Cat,Cat/10074.jpg,30264,2152d183ce443956277bc10f7741db9a85d0d8ae9926cbe25ef05a90ac80d52a
100mb,Dog,Dog/8246.jpg,24023,84a60609b1a2f9ecf4d28504bf3bda94cc4fb66ade227ae7080a6d98f716c973
100mb,Cat,Cat/1416.jpg,28248,8d5dd273a08328cd937a9d6551e1ec6c786df471b3e162104708fa83da0560e2
100mb,Dog,Dog/12293.jpg,43811,ddb4f231efb471a3d9d101d7dea5a4b3c37c5991af64cdde26e94dddf163f8a9
100mb,Cat,Cat/10295.jpg,161097,2e6ac20eb2ad5a40efceba0cbad81bdc9d9ecb751598dd8061aa2dc318494948
100mb,Dog,Dog/3134.jpg,25467,872d757c3007ab23fb4b3545d5f9a7a7d369a59035291ba8eded88f9f8769e73
100mb,Cat,Cat/8704.jpg,31029,87b6719ea582f0d671d6ac703fa25e57de429e9e5c3c5aed4e2da0b201512099
100mb,Dog,Dog/9550.jpg,46026,1a7efef3a4a8a766a288a19d8ec91a27ffa35b8fa33fa67f89c971497ae01056
100mb,Cat,Cat/9041.jpg,24091,ae912e4e6e870d251064c71f552cf0a76177195dad10eb755a5d3e099868e29f
100mb,Dog,Dog/1242.jpg,31581,f05c1d5f533841b76a74d416cd73a7c5bf90d07a5202087b6d338649c1c8c418
100mb,Cat,Cat/6227.jpg,5677,a61c3406c5879247513993017c6f198287146b2cabc9f1ec483b84df0fd47fa7
100mb,Dog,Dog/12434.jpg,22252,11e4087e876232793e86c7b0e1809c7db1ac4b6de5ebf2c3e50caf5603edd1e4
100mb,Cat,Cat/10645.jpg,11608,4f5acc225a8d437fca21fd20abd10d77784cfe8a37bdffab2baa20b16128b7db
100mb,Dog,Dog/276.jpg,20507,d9a3c0f4cc2a37af46a66b3c9f5b07aecc62baa955c0f8a6e8e1339591fd25fe
100mb,Cat,Cat/10512.jpg,34706,3090cd646198a8899322221ce5583da3fd37938ace4f87ac10dfebf45653dd22
100mb,Dog,Dog/6456.jpg,44915,c456f4c14f8a33963594a493a2d2b21a1120b2c144aa69e6cab5a11dcf1763d7
100mb,Cat,Cat/8710.jpg,44303,2a05ef376b67a48d1d7b309eaa42aa79666374e77acdf6772fb72c92da2f08e7
100mb,Dog,Dog/4548.jpg,18063,ed51b8aab6b319585d406c90307c85a386b74732899b7d7059d1f69a633fcf8d
100mb,Cat,Cat/2553.jpg,44478,72949645ebf5a5a1db4843f87f3994b8fe11703fd2cbb7d95eb199b755b683d7
100mb,Dog,Dog/5258.jpg,13946,8a72494844715349bf77c417009a64f134cf115705ae330bbb25357fe05a8416
100mb,Cat,Cat/11415.jpg,48995,245ffe66a7766bdbb715e6956100fb061d7d44edf38e3a3e2c11a065e0c9e337
100mb,Dog,Dog/3141.jpg,29770,24c45632885637891b572fe422519ba7033de5e8bd0378581e01eecb2edb0f88
100mb,Cat,Cat/8173.jpg,41287,48e2b8243bc51b2ce2eb3d9527413b9cde9fbd1f7ba93dc4772b0d64b985ccdb
100mb,Dog,Dog/8274.jpg,44427,4f20c0cc848d0a6060596205df3d76c660125c160a64e8bb6dcdb20fffd76994
100mb,Cat,Cat/3077.jpg,43186,713c8b9f3bc1a6b150b3fa312f7305365c5d2a380eb0942f635e125852b8db68
100mb,Dog,Dog/9051.jpg,19583,8dc21947c2e8b039f40e1f0370224bbdcbd41e6d2bfe2e83e42d471f6cecc851
100mb,Cat,Cat/12266.jpg,32314,cdac67243b07fe74593b471f7d6f9db3eff457e3de14af06f13130fed560942a
100mb,Dog,Dog/2834.jpg,23571,a8028e939c2fd93d2768f978ce087f6e08071e5585ebd2412e77327867d621d4
100mb,Cat,Cat/9507.jpg,11414,bb5ee37cbaa831d8d75a0eb442231ea74e744e4d0e32d9da5c74f6e94024bd7d
100mb,Dog,Dog/8265.jpg,35226,1b55d6161618c5fbdc1c2b9450f8279b13eaf77a9593df6d43229bcd924dc2f0
100mb,Cat,Cat/1286.jpg,26216,e3f0b956b079c4e48f5cae7e7f422a99522857758a16081202ffd4bd2808dd8d
100mb,Dog,Dog/8457.jpg,34190,84524810fce9fb710f2e09ef0cbc9c1d6b114f4f04e32072372e829042b951a2
100mb,Cat,Cat/11757.jpg,33954,9366bb5b793260c1a1203d42e2706c5ae719a165424b1f1f5022172d1d958b16
100mb,Dog,Dog/5800.jpg,33419,e25a74e31c2650a844584096ed015f20d4026d65a879ea738e0895b6f3299ad1
100mb,Cat,Cat/3386.jpg,61416,b17f5543a1255d8af0aa5670deafaa39a9d88bc743d64dbfd78aaa2f04c46cc7
100mb,Dog,Dog/9735.jpg,28343,894a212c8ba476e2429f2f3418d160f38c4cbbf3a0ab36937398074d0a82ae89
100mb,Cat,Cat/9609.jpg,2094,607e499e1a68ab1ec2161445cc654b281deb6f3f3f6ef2c227bfa68c56938da7
100mb,Dog,Dog/2337.jpg,36543,7cc623009610baef6dad7c61541c54a78417b10e13ca1f380e1f429ee0781b2f
100mb,Cat,Cat/8431.jpg,9020,cba3f5bdfecb06d1eea84ae41d0db4bb7813a68291a537ce00997d42ab30bfb3
100mb,Dog,Dog/11195.jpg,18284,be17434d592af85cece84861405dca9cff393c683ed1065fde172929b7b8adae
100mb,Cat,Cat/7245.jpg,27430,eb5a8df570d83aca89c05c7e980e75cc8fd5da9880ed248394f385546e33fd14
100mb,Dog,Dog/7343.jpg,12923,8b8d1adf7f4d2a617db432c3af006580c6c50c3f86f4c5b06442aeafed80dc8f
100mb,Cat,Cat/4192.jpg,34044,5bf3d05363a98d8c7addd5265cb802cb5be7aecc4354914f92befa266d6f459f
100mb,Dog,Dog/9836.jpg,29825,e35b3c56f80cfce69a3ce21f266a8e2f419f93a53287619cca010421efeb07f6
100mb,Cat,Cat/12160.jpg,9176,da4f0317406ba56c18b6fad1edf1ba84c286f553287ea671f840c4d2952ef8ba
100mb,Dog,Dog/10226.jpg,35459,e5a197413faa2e561bc8526f30732bfa94c5bfd7d64b087f9cc9e1192a0fc867
100mb,Cat,Cat/6633.jpg,24527,d4ffa03f1b2efeee7a893c2f72dc18df93dad56ebac37fb3b6d5007a8c97a220
100mb,Dog,Dog/8047.jpg,30434,0e1438ba27c8c83cf720079b1cb3868a9596e3c957e451f5d3b31d4a47505747
100mb,Cat,Cat/27.jpg,47989,4eb7d2254b908cecd48f41c160ed5742cd6dca53acee132beea524208d095df0
100mb,Dog,Dog/2451.jpg,54404,4e1cc8c0ecaafadba02b6437349e3917136c233c706506f4b3ff2fd6946cd1bc
100mb,Cat,Cat/2985.jpg,29761,9d2927e52afd909486f5f5f1540d403d3e70c47b3ac04981bfc7858b970a571f
100mb,Dog,Dog/9192.jpg,27396,31166e4e0d1445b56f330d3dc3b26ff31f3221b681fe290af5b124beca4050d1
100mb,Cat,Cat/2407.jpg,45576,ddbe7398b4a1fe3c7cb047b54b1cc6861bc82d294d658fda3ede072aab6ba18c
100mb,Dog,Dog/11145.jpg,37135,f8c0d1f0145ad88bf7a8db92ae4eb17ed3f4493040a709d5fb2a586a2b700648
100mb,Cat,Cat/11305.jpg,18095,25d68ae037f65941475b62f2b477492296f61d4b5ca6839cd204714aec8e8240
100mb,Dog,Dog/4371.jpg,45093,19deb8895ac73e9e94377d75ed1fd87f021fe53e5815d0c66b57208b3e07bc23
100mb,Cat,Cat/11968.jpg,24558,606cf4f04f1f7395495f5dce979b2149fb1b8ea408ab9bc82a4784f5a052c291
100mb,Dog,Dog/1013.jpg,27294,e82cc2b5e12dc48a65a6e8d9b3f6454b0e1d7fbb0a1d3d00ce5b902bca0e48f4
100mb,Cat,Cat/5668.jpg,44027,fd67ce796ddbc65d3ae5d05cb202708fbc3146811acac305a041b83264c43eb3
100mb,Dog,Dog/3823.jpg,45846,cbd6b91d07a53dfc20def01bca244a2f51e415723fe6d4250de0d4417b7f92a2
100mb,Cat,Cat/9026.jpg,29615,84cb352e5543d71a687155cd00ce7090c733fa3b140458e78237056c79f4f72a
100mb,Dog,Dog/4656.jpg,48854,0034a9d60d40c9341c4ba5bba2f8669594fb40b7b3ef1794679b9c481e88de41
100mb,Cat,Cat/55.jpg,26097,e48926589400f69a98395c19c19e7524226433afe74ea0f52fd6d236c2058c15
100mb,Dog,Dog/3341.jpg,32103,db581398d9c22aa9a89001442eb3fb419cda344a86db233632a115add91f6afd
100mb,Cat,Cat/1601.jpg,17531,0538c821ef8966156222c11ee3c3ca3faca392bf22c7fe2a1ef383cdbddc3ee6
100mb,Dog,Dog/483.jpg,18047,3797aae2e0efd5c6c13ce94cf4c6991690c459f7a0b2aa888f68833794642745
100mb,Cat,Cat/4759.jpg,69350,ae92df406e85cd4aeadbff2d2494570018066dbdb17cd4d72945a9c8d00796ce
100mb,Dog,Dog/12298.jpg,17058,e35f8d52ed4f5af3fe07a7f832d0208fe50c9884e45133af906ea02c28372fb3
100mb,Cat,Cat/12333.jpg,46331,60bdc1cb2fd360b78d05f6cf1c6b97bb9050c8f8e7f269cbcc928240debe68e9
100mb,Dog,Dog/12083.jpg,17272,493f40a48777ceec984e7a357ea08e0f473c76f8648fd07852405f2ff6633c92
100mb,Cat,Cat/2201.jpg,12884,ff46a6760811f6c08afe609905bc099f7a185f02dd6e4d4625d3cf896f698c4f
100mb,Dog,Dog/12179.jpg,35559,b6b10d528bf06e6429bf1143259c36135c250c2437b2f810f2c45e2b64b1f422
100mb,Cat,Cat/12061.jpg,23746,3cce548fc89ef1e513b62a4fca9d4b73975372b97a508b4ee354df012d242121
100mb,Dog,Dog/2009.jpg,27217,f205b664329c45f175e9b004cba502a1064e2f3ee2ffe8cf3634c2ed5ff2d787
100mb,Cat,Cat/9271.jpg,12507,993c2fbb2d4f60b479ab2aa03299c495aff8b2fbe7c240a146d7fb219a4a3324
100mb,Dog,Dog/11948.jpg,19413,2008908b02de0702379f4ad93cba7004afccbb076c38039315c8c0090646ad31
100mb,Cat,Cat/9374.jpg,5367,f2c70bb1e8c5744ed70be2d1838c43eaa83cbe53afc3bfa30803adedbdc4b830
100mb,Dog,Dog/6840.jpg,9068,7ea8e44431642064988f9cc2ec4d7dfc83b86d6c5f3f86d8d90fa163eaa33061
100mb,Cat,Cat/2851.jpg,104915,b0c949a6df5b9be7ac5d430c25a33c93409c390e837acc5ec863b6ca38946b99
100mb,Dog,Dog/3017.jpg,37996,9029407816df1bfbcc777ae9e52f08990abf9b82256c2f8b85e64262e9c289b7
100mb,Cat,Cat/2572.jpg,38041,4bd5dfd4a6a5c10f051c855065ac75480c2d6d98ccc7f767960d42a8dac6e6e8
100mb,Dog,Dog/8410.jpg,35674,31f569d76023397a172052e23571ae1bccca33ac03d3992b1db44f9d9667518f
100mb,Cat,Cat/3409.jpg,5004,a70e93ceafc6c6e13d6bf9650e7ebc83f3978fe45401168f1b90e60e5a1fcc9e
100mb,Dog,Dog/4959.jpg,42837,3265a19224389fe17dc0f2d84f9f957e6bb56a283e5d44546631734bd1b99588
100mb,Cat,Cat/2046.jpg,24328,6f45d6baea0f3fd6bd6857ab1209fed84913ca2d49713c97118bf1e9f43aa566
100mb,Dog,Dog/10070.jpg,48578,17779091fbd491564f5d8c6b8942dd5e72cecf189531729388fbb4326e8b56bb
100mb,Cat,Cat/8092.jpg,96828,8429e11b5edd06ce7de16ddfd8b596221797284a6f06f19e0552ed9745ed30dc
100mb,Dog,Dog/931.jpg,27270,097325b6c89283b7d6df3281c26581e13a7117de4f62adbbb910e2ee93026730
100mb,Cat,Cat/9226.jpg,37892,18a5d05688cd8bc824ff4d02d5a7e1366195342a33af8b2ee0dc7b32800cee4f
100mb,Dog,Dog/5826.jpg,64795,38675d1b7f2d28dc7f8d273aa65a6d94a847c98bc4da46d724dcddee4fecd86c
100mb,Cat,Cat/5038.jpg,18566,d670f9625b9fb3445b8a2c880bac1b9e18c33b9862e8b32c66f898501137db29
100mb,Dog,Dog/8463.jpg,39229,a48e1fc7fb53d4fe84a66bb9100dfb55d77eba66f3a77117c1acc1243ef9d53f
100mb,Cat,Cat/4876.jpg,11539,832656e794856ff3defecbc6b4156b04cc0df8c43b7223d7a181b81ea5e564d2
100mb,Dog,Dog/3293.jpg,47895,9cb5e19be9ebde44bf610b0f731b069b9704aa03ed792ae8abd7f7bcf463d1ed
100mb,Cat,Cat/9069.jpg,50130,d06e3b86e03cbf191027f0f86ff37b1b912c187a79dce4fbf4e2d98425e41bf5
100mb,Dog,Dog/12162.jpg,47004,0e9df8c95e032fed159c234e74abdc6f86d604a89453d6da8be4d48e495c879f
100mb,Cat,Cat/10996.jpg,36125,58a02a7509a52f6be3b7992d8fec748204a3e6c31992ac1f836a84e95f8c9cac
100mb,Dog,Dog/11316.jpg,51504,f71e2ef3107fe9b500ed9837ab2a87f61c74293c535716952eef31827a2ea32e
100mb,Cat,Cat/10267.jpg,23895,26d08e891b53ab9e05951cf8e3dedfc171f52d8e9b4e68e771bf39ed2fe79505
100mb,Dog,Dog/4016.jpg,22912,3b551d66789a81c1b82a4dd54e2222b514d95ee0bdf647a3766ed012d31640c5
100mb,Cat,Cat/289.jpg,13957,409d5485922a5235fb0e8f9f5fd4d41d8844d19bf72f9dced894bef88d1a0492
100mb,Dog,Dog/3895.jpg,38840,d5414ef5735a7675bcef99a6ce434ed9475156a44ec549fca27a0101ba7ab451
100mb,Cat,Cat/10305.jpg,30786,40c6bbbcc0b5d0c1b482e20fc75828a9231790ae65918037a18b669b5342b80d
100mb,Dog,Dog/4731.jpg,15857,706f16e65a5269f34c777dc5181d281ffc34fb02c72086672c9f2b447d92571a
100mb,Cat,Cat/10676.jpg,24529,2d6ccf93ed2fac6b3edbc426bd79e9463b183a66e22827979f654f50f3ba3fba
100mb,Dog,Dog/779.jpg,38504,744d10e8f126b65c4766007cdecb1b44bf4ee690ddb097e917801bb8cc375677
100mb,Cat,Cat/9520.jpg,25552,35a4af04facb1a0fa62cfef0295ff2e8360283f2782ce5b54c57a774ae051c88
100mb,Dog,Dog/596.jpg,40411,d6f1d419a7e7a7193998a4c94fa069bf1ea58d9bbdc6f5c1015ee9172bcab68a
100mb,Cat,Cat/9711.jpg,32854,23f478c1a30a507a23b514a8730ad2b986bb250b046813e80881655870221261
100mb,Dog,Dog/3847.jpg,72081,87926da17225add59886988883550a3909ea027e379378ee1811293ccb83d19b
100mb,Cat,Cat/8762.jpg,29154,9098840892ba855ed2072430ceefed192f41759f0ea8ace7a907ace93d0a519b
100mb,Dog,Dog/9608.jpg,50005,aec9cf2f3ec9b0440a4041ded83f9a4552de6b8f3ef0c4c81ca2094791e0fbd8
100mb,Cat,Cat/8527.jpg,8270,c610e401e08df51ea3c3c140857956bc4df33ac6ff381974353f27ea8c618226
100mb,Dog,Dog/9733.jpg,28731,47eb97e809105489193948ba940f59f27030efa120f1abd0d109fbfa289866ca
100mb,Cat,Cat/12095.jpg,33323,2310a825e1990b4b77edcfdd88a49d4505d25c4eb710c2a3ffa82fe57833bb10
100mb,Dog,Dog/5509.jpg,25844,bde28e477973ea52585a0b9e2e6486bb96740e844ef10a9d7a4e1fd5e8512216
100mb,Cat,Cat/8446.jpg,14987,7d9b91b41d717cb1fa974472839f12222c13665215ce7f861872191faa6fcf99
100mb,Dog,Dog/10409.jpg,43481,457e6b362775fea9b097371784dd106371362fb7bf8e04b6f0ef5cf7b47ea61c
100mb,Cat,Cat/8890.jpg,15579,7d5012cd0df4f4eb853e658092dc6194ab5d1f941018f3b3b2890a1846c15ea1
100mb,Dog,Dog/11616.jpg,48030,979ddb9eff7b8f78b13366aff063f35ee9ad551a0ae4ab2a0fd04910a1315036
100mb,Cat,Cat/1991.jpg,52119,ba792cd8d696b80eac087dd09342a15e40df7fc998db9c510515cc4eef1b49d6
100mb,Dog,Dog/11124.jpg,31283,7d9f904fd660aca5262ff2460e38ff9a2dee00f6e3dfa3e759651320c77c509c
100mb,Cat,Cat/5776.jpg,140832,83c432efa0ff4a5736210c36c3a7654de5beb3286f90006109f1b71ea20c37f2
100mb,Dog,Dog/181.jpg,37474,5a910b264d2ccfcc988e833ac5db81e429a80578f7268dbcce42b0114dc72dde
100mb,Cat,Cat/3946.jpg,27257,b660a4a32239060a18266b0ba24b5762968306e44dc79b155f4ca96ca02cab64
100mb,Dog,Dog/3727.jpg,35421,7a9dd010d56e318bf0f535525a7d20ccaccc4d521796cabac5285e3e001acf69
100mb,Cat,Cat/8733.jpg,20348,de06382252a105f79d8952d2830551b24a079b4c79f1ef1011951a9f88af2bd2
100mb,Dog,Dog/11048.jpg,15948,e3d34926ac9c851fbe29a43a60276f8383037c38bb55927331f657e3487232a2
100mb,Cat,Cat/12290.jpg,17155,419f3e816aa593fd148e7c88cd601e2c958a28bfafea8439352556bb565623c1
100mb,Dog,Dog/4818.jpg,27462,534e0b20609a32a97e973496b669434f44d06133a511dde8b11f4dd6119ae4e2
100mb,Cat,Cat/1583.jpg,28382,38e1b588803dc62e8816bd987ec65e63cbf10cd82cce98426a6e252c1b3b5b2b
100mb,Dog,Dog/9690.jpg,25573,bf5b4ddf2eaf9107ea706352e773ebf675687dad89584ab357217a9c9c0655af
100mb,Cat,Cat/10769.jpg,17569,e8bcb8d8e5370e9f168fc19d7a7b6729989602f31da7e9906bc00beb02a783ab
100mb,Dog,Dog/12309.jpg,20555,1213d76c43ddcdc2a96dc1f7964cdd586e7d4c9c77ae16c8d702c70a3766fa20
100mb,Cat,Cat/7084.jpg,31544,674b4436e5980267e6ab1775030e4477d0c584ea791f4a49242516229fd13bd6
100mb,Dog,Dog/1585.jpg,38744,f34f9183554160d4a70e056b551d41f5dbddc945571bb87cf66f59b0141a8035
100mb,Cat,Cat/10490.jpg,28085,e87b8b3b6af67d3b4944c8ebe7d76a53dadcb73e138b616e84d9dfbaa5e24770
100mb,Dog,Dog/5430.jpg,62858,ca7406eef4b3b3e07fa5b8c5b681e4e084e84ce352cd797c03d35f1b6fb95c41
100mb,Cat,Cat/10258.jpg,15656,754e9a35dca665f2f2d7bec2d1985ffdc06ab8d3eaee6cf126aa65214ad964fb
100mb,Dog,Dog/100.jpg,24746,d06ec9bf3dd1300683ba7f895b40eb95f40c9ca305c6395f5784aca21c775ea0
100mb,Cat,Cat/303.jpg,30457,5a6873d1f4508dcfd778a9922a564ef492a0a8e32f8b62da576c8562ab687e83
100mb,Dog,Dog/11188.jpg,19423,61a43624a52461675117d930633fb138e03c9866b33226fee50d54fd851a1ddf
100mb,Cat,Cat/12354.jpg,124998,f2e5a7bb4511542ec72e8c3e6deea05bc66e83bcc0444052519e1b7683345315
100mb,Dog,Dog/11961.jpg,5371,2d7fc14dc823fdacfc4ea68bd73fbaf31b9871b30fefb7f58569adb0a56839af
100mb,Cat,Cat/3475.jpg,33446,89d930143275451660d3e25277613019c0877fc85e73b299e012f45e4de0bc67
100mb,Dog,Dog/10300.jpg,52916,29d9f8b21a45fedf081013c3166e4bcb2a4fb8f5d5357b011cb3d858624ea51d
100mb,Cat,Cat/12283.jpg,14914,e9cd5cacbe31f2b7ade309c69fbea128221c25d8a84151e6c30d8534cbfaba22
100mb,Dog,Dog/8723.jpg,21140,0c95a12ad8a43c1783321fdf8c26f5dfd2fe4af8915ba3b9da47f45bacef806a
100mb,Cat,Cat/8383.jpg,13273,e9314c874083e301e357940cdd220210d5da737f411bda30b558c4e8355885e8
100mb,Dog,Dog/8613.jpg,5397,95c091078c7bae45eb996d63b49089ed7748e30a0f09e333085c05b85b900265
100mb,Cat,Cat/12329.jpg,25353,3c3bc84576ebd9ffcab8f773f3cea0d4ab8b7b96a432176e334e5421b00a62f6
100mb,Dog,Dog/10313.jpg,21212,c4b2ed53e644d2091f87afe10ee9c86bf3686d031dc12eb6d280b3c12c6ec4b9
100mb,Cat,Cat/12461.jpg,46925,2952b8faedbc85b257dcc681765503001fa9703e34649adbc4f52305d803fe35
100mb,Dog,Dog/3409.jpg,7079,7dc15ac801f0571586df881c49a45920b899ffced2e1a968254ad5adb6caed44
100mb,Cat,Cat/11433.jpg,9420,c44c47ab2ae2dd923d04aaef20dff8c9973ec92770efa3d40c328b29abe6a9d4
100mb,Dog,Dog/3479.jpg,24648,b44bac595f117f26494ad0f754ffaaa9a47955af267865b7aaecf807826ade3a
100mb,Cat,Cat/8763.jpg,22586,188f8cc5f70e5a8310db20a23263974e5268b544c00eeb7807f0c9e2a001189b
100mb,Dog,Dog/3300.jpg,13678,7a27b447ed55524b7e800411968ddd41f54f4e4a3614ee5f6b238bdab165d8f6
100mb,Cat,Cat/10410.jpg,23757,09312f7ec6b7ccbb0d0e55765d4cea19fba5083565552a2caa4d0c7cbcb5eab1
100mb,Dog,Dog/6706.jpg,21920,86827ad64e3a2a8497adfbc748e929a3361055b123406ccf7ec18838f74e77f2
100mb,Cat,Cat/10387.jpg,31948,e5aa227c6d266b5831798a911a6a50e922b05e9a8b8f32dd434d0c0662fa09c0
100mb,Dog,Dog/4973.jpg,32305,ace3a9fa676f681de4bcacf5104fc46c7be03cc4f4fcf25608ed6ba563ffa32b
100mb,Cat,Cat/8135.jpg,47169,afc3db5857856ac9bfa1125e2ae4d2ee743795d1a76b1efd50747fbf74f7b6b2
100mb,Dog,Dog/6045.jpg,33785,a50ddc63a8cd8617c2f07f4d39021bb323bfb56f105117ca1ab54f0a55d09331
100mb,Cat,Cat/6104.jpg,21335,2407e47267969304b4188cbc3d1c007af866fa66415c7d81b03f4cb9a3718bc1
100mb,Dog,Dog/5764.jpg,23357,3fdc634b2df71197cad731ba58d50102cd53408a61ddac773182ab4fd672cd6c
100mb,Cat,Cat/12345.jpg,41752,07ac2b107837c1969f6eb7f29d7e10a5232c0fd6ff6d34a271e0d2dfbf3db4f3
100mb,Dog,Dog/8674.jpg,27595,ff2c0f93a6aa053a94b60e2f5f272568ddc97125080b821d50c0c9002a8c3b07
100mb,Cat,Cat/1048.jpg,62928,6b9f2ac9ab41be2d9170f681a8964c6d373ee2f27642defc26b7d0c6bc5b17fc
100mb,Dog,Dog/11755.jpg,94035,e08cdc40ded587b20d8681952cd16f82dc8315f365c5dd73e30d6b0cc9649c64
100mb,Cat,Cat/4447.jpg,21046,80764a0a14b38ac1e60f911f3ea2c941a2e04ef70d75e40423dfde441a0a2f5c
100mb,Dog,Dog/4938.jpg,19050,cabefd54cf3745e162df0596765360b8d252b5a362bd92a77daf93ada6cd65e5
100mb,Cat,Cat/2456.jpg,19037,41e08f7c2d8232beda1a3dc91f774a44faae8c0b0b5fe3e1880e560615e80e6f
100mb,Dog,Dog/4972.jpg,12026,ec0b29b55ca95dd18b954e9257749f676ddb38f578f1022a1606f3e5eb461127
100mb,Cat,Cat/1351.jpg,17943,ed1ab5a5f6f3b0dfdc00830999788e2074a7671523a6488d9d3fcb385fe24faa
100mb,Dog,Dog/8230.jpg,50056,973a1f73d760308386ab6f100618164af77a235f6549391e3fd4cc26117773d7
100mb,Cat,Cat/9353.jpg,29962,5816afe8f520ac26afe7b96384c9dab7251e9396c3220043d93c81dcf6d98711
100mb,Dog,Dog/9056.jpg,46224,6c06fad0ce743f1b489b20b065442b29a8918870792ca75ce97b0ae8de57a4ea
100mb,Cat,Cat/8826.jpg,22402,be59a75b0d211fb474f31db4a9e22d7dc146d8a2bad6054711698ff4846ae8b9
100mb,Dog,Dog/9179.jpg,48241,3f1817ecd28efcd1cccba5484ca1bba7f126d5e7e3fff8dac6bb147f49ba97e9
100mb,Cat,Cat/6939.jpg,19035,25828e5133c5b0709e1203535f41d9b4e4b32fa528ed22385ded768ff858f47c
100mb,Dog,Dog/10958.jpg,38434,7e16b59a56272e1fa466e88f6959c1913bdf33312c3ba3a8b4be8fa47c5122da
100mb,Cat,Cat/875.jpg,40763,cb4168752ed37f89d3b7ecfd50a9072d0bbdaefc17a85a5f2e7a450329c97338
100mb,Dog,Dog/10828.jpg,20227,b3ff057691a1c99e55f60ebb78650ff9ae1adf383b0d37259c15fce8a4f868ab
100mb,Cat,Cat/1215.jpg,22223,359422f32f4512e8236e63a93c60c407a378626e25103adcd0b7824f8618359a
100mb,Dog,Dog/6486.jpg,38361,45f17382ebff4beca45c5dc7f2dca416f8f38378a398dbe020682eef39ee468c
100mb,Cat,Cat/8756.jpg,103873,8173bece6a932272ed1d1d18086fe735008f2f7183bf1cde158b294bed89e6ee
100mb,Dog,Dog/3132.jpg,52926,16d2d769e39d3bdc0051b33c700242736f5af262d39be11ae80a8577448c83d0
100mb,Cat,Cat/1753.jpg,21441,517cfc8633029d4c6ddeb7f91c186b5a6bce110a98cc237b204a7840ec19df6a
100mb,Dog,Dog/201.jpg,40768,5b2dbc0f95e5345cec5a4fe8aab4d6a478cb3b62b671bfe312f981e9ff7e09d3
100mb,Cat,Cat/10585.jpg,22680,0b0d30eebcd804806e21cc5f834b015bf259bf8008e5a7fabdd6de77c1b4fd79
100mb,Dog,Dog/7474.jpg,41898,ea4d9ff57dda0bf1f323de636902977a21290bb9836e7b4de2adf3213cd7f63b
100mb,Cat,Cat/6738.jpg,38114,583caa7aa7252f13157868fca1d78364bc79fca478723a1fbce0d8fe61517509
100mb,Dog,Dog/8603.jpg,47278,999e3c07892fdb570aad384eebe25e9a1f3a6f4f0726efe882e95ea24b2cccb6
100mb,Cat,Cat/9081.jpg,6500,1753504768022aa7cb74d728ca4b33329f98a91c363c6bd0957e6e81a6d49ee6
100mb,Dog,Dog/1480.jpg,22816,c7dff5fd9308d9dfb1369084d73282feee7c84704d0a0b037b866da6d1b31b61
100mb,Cat,Cat/2191.jpg,17014,7b55997452faa30a9a1dce1afef714ef64bf2aa2c9e69ce65b40d61bc0fb9e15
100mb,Dog,Dog/466.jpg,26962,b30a91935bd234c1121141e487ba4d53eaec543f2116ada37b034add1229bcda
100mb,Cat,Cat/2178.jpg,23150,e40925732f0df4e9f276b5a790ca10e9d94397c00f333b3f2f7556a2bc746673
100mb,Dog,Dog/9929.jpg,37014,19ff76d6ce2948f26f40c7c2190ec990a52caf8d12c151b3294de5c134ddbb4c
100mb,Cat,Cat/9771.jpg,30785,be90e1334d1ca3d858bb7dbfa5ca487462823c78a65b225fca0aef4ab7c8fcf3
100mb,Dog,Dog/7478.jpg,6426,4832321c81776732338a081c2174b62acf9f106f6dba869574d337c55c250eb0
100mb,Cat,Cat/4116.jpg,6711,33f7650b7edc08d4f38103d8dc658d828ccc80b4f79f09ab00fb8b90a5218a33
100mb,Dog,Dog/2868.jpg,24398,352326ba8bb0a83c89a9e43f37935960106b3ce7852ff0b6b5584c026b835cb0
100mb,Cat,Cat/53.jpg,38627,78b651d2b244c9a85a41b50e925a7791d613ef90be60d40141f63d4b38d9710e
100mb,Dog,Dog/2652.jpg,1498,60200fd0c8c3383bb831936a680637023d830b5e05fcc96bfe1bc35b465a89ab
100mb,Cat,Cat/3157.jpg,23695,5a7a77c72572b9be13f9f39a234c9354cdd198c25345b5990873b4b24834c317
100mb,Dog,Dog/6708.jpg,63432,3298ebafe665c2dd5e9975c67a55d8f551a1f386e92919853aa1faa4a1c08cc9
100mb,Cat,Cat/1812.jpg,32750,941e68906934dff8677fb85b1a3c81e5a4aed8f57dfc511737d3156f3787ff91
100mb,Dog,Dog/1985.jpg,25427,1d6e1348ede8a371a5e8e7edd828db9f261980da250ba85ca301311e65900660
100mb,Cat,Cat/2003.jpg,11704,6abe1ea3bd7c13208d390cd4daca1f5687c79199c4f0bc813f26f3176c453e03
100mb,Dog,Dog/7436.jpg,28122,fed3c22d7d5120672b944c14cea34bf55ab9735b4b81c71db586cd5c42966d10
100mb,Cat,Cat/3096.jpg,24348,be9f50d26ae2ca8873674e4d95633ed9d169e1c4c8f5d325304080d6c201ac26
100mb,Dog,Dog/6448.jpg,23922,97e857ad65f6b422db9b0ca1c030b31b46d71bb9863cbf23a89771ea4ecbdd5e
100mb,Cat,Cat/5108.jpg,31061,de07c02dc4a11ffad507594ed6c6e4b5f652be8ef1bdb4fb44e13c1dd1d4b719
100mb,Dog,Dog/7651.jpg,41230,fb6f5dd63b01f3f0d26d390cfbd47f39cb14517942b57c84a90bffcffb02d601
100mb,Cat,Cat/8421.jpg,28374,af69c4459ca0450ed44034dc04202c5fce3fb17277b93121aedffb6d7dfecd24
100mb,Dog,Dog/11705.jpg,26528,b85f8c7b0022e78ba2b520b2b5f87273005d0fac7160a464295c902de09f2898
100mb,Cat,Cat/3282.jpg,24391,e8ec84bb86f21e215ad1deaf1236fd747e17c54041fde07436303131b3e42e55
100mb,Dog,Dog/3260.jpg,25629,a524956b0adc08da6f22b95e4f15f71b1f2ea6e124d173902c860746f15348bb
100mb,Cat,Cat/4977.jpg,15600,e16458f3d5b5a514f3dc929633a17fcfa14955cd347255369a1b8b5c06ca8408
100mb,Dog,Dog/4208.jpg,21156,58fda39b9685c8e1dd8cdc6b443c0e8ef05cad2bb28dbc040ab4496245c5abea
100mb,Cat,Cat/2662.jpg,100986,d4d8a4c433966fc77b878b03ff58a5e5848ae3cb01c2099e0cba975c450d290d
100mb,Dog,Dog/8208.jpg,9994,482f2459d6f07884c2510b3593dae503d07c235ecde0951c246582d60b381adf
100mb,Cat,Cat/21.jpg,36882,84e727559bc31d882fd5317a4ef5299e5094eac5d339b61ebc4a3ed46ca0e174
100mb,Dog,Dog/4612.jpg,21461,2ff8f790eeafcd6111b4a537dbcac7bc0d9adb783cf01dbf83b6f54f90351c0b
100mb,Cat,Cat/6288.jpg,37033,eaa353909c7bbd13d5a39f8c65ae5b359afac9ab951be4255ee1f45cf4b81801
100mb,Dog,Dog/10756.jpg,36930,18424733000898ea53c96744434f6effa1de7a89c4d3c627e10cb46f41cf4c03
100mb,Cat,Cat/3983.jpg,25634,138f964ae8c2e271d6cb862f87e71ebe0ea1e4f8cd00ee4ef18a6a9d4c1eda1d
100mb,Dog,Dog/9630.jpg,60293,f24953f4723c005ad70e067fc396e843855389453b7460105b63fc8898ffa728
100mb,Cat,Cat/145.jpg,47200,6f693c3dddf028ced6a6abefe5524f99f127482549db0b6380c19426deda58b9
100mb,Dog,Dog/5279.jpg,33875,54e824435720cf407b97b2b022a47604be3d11f603959f187b3080b45b599c47
100mb,Cat,Cat/6129.jpg,36995,9b5d1a2afffaaf0a3b2b8f1d8b383aff6807ab34d23b05a8d17fb2d40d14b8ee
100mb,Dog,Dog/1639.jpg,34806,cad987e873aaef648f78fc1e1133f5a7a14bce916a74dfd8d1245b8801693870
100mb,Cat,Cat/8899.jpg,32122,ce508c0daefd705f47b8d2976c4c9394d64a9812236565aec6406582000d1095
100mb,Dog,Dog/3845.jpg,3654,b7321a0dc0f3fb65ea530d0fbbd5a59eebb4bf2ebe3519f2c2a9237b5c122f65
100mb,Cat,Cat/3574.jpg,26549,15f1f45f624ba10ce2ed49e29f807544ef4ae253fffc6959cc6f806c4ea65541
100mb,Dog,Dog/9907.jpg,46071,3a035102fb47688f6b0ed06ed1d9ee7146c92663bc8a41a2af0632f05a10d7f8
100mb,Cat,Cat/41.jpg,16397,47be212e1d22daa8942b1ecaeb13dc382a668dbb053e1fdfba84e568c02edb68
100mb,Dog,Dog/6185.jpg,43617,e2eb62d1f5ef37a551714dd29e8810831dd8263b4743be98841f7924080e6a6f
100mb,Cat,Cat/1642.jpg,21774,52ecbd69aafa32183f44f5c6fcf01cd02198202530cec25069e6e3f896436278
100mb,Dog,Dog/7806.jpg,37456,20fd3cb8c67031e90435158f940040d80ff9c2d81da4d7d701a174e00d4cbb3a
100mb,Cat,Cat/7925.jpg,41504,f268b5716013de098a32e4e3280fd043e37c977e94520dc67d5e277140ae35ae
100mb,Dog,Dog/1700.jpg,53563,db2f95f2ebd4fb5dff8395faba4f3a6c938dc311f7faf431618ec464a370df63
100mb,Cat,Cat/5473.jpg,24769,e790c972ef89e0c756725b249aaa52d80ab63c8453cb8e2c0e3811a3bec3394f
100mb,Dog,Dog/10068.jpg,79651,40582eab8d682c834b3be44b16b0177bb9b5fcf7a67e8efd72b2b0b3bbb39fc5
100mb,Cat,Cat/5130.jpg,30873,cf09d4490b4511e832d6448804c6e456af17cca10caa61d547593324cac25597
100mb,Dog,Dog/8349.jpg,21750,5a4269ed7d0ad4f0424c5b253ef8445a4c6ce1d391c57d6d1afa2939a04ab83f
100mb,Cat,Cat/8083.jpg,55795,68e6495d2a7c7c6a92815e50ad1b1cff0632d3a600aa4c5d9230387a7314dad2
100mb,Dog,Dog/4865.jpg,42509,d2ded22d8166afbfe9e059b972b4162dc38534d1b02ea971b80043290e9162c5
100mb,Cat,Cat/6313.jpg,21137,631e7b7bc8ebaea7b21719826feba59cb8fbfcbe5f113100d5f7f9a5c51173a6
100mb,Dog,Dog/4830.jpg,17157,a8081a6d2c56f7d896f18659e521a3a296758fb32eaf8b1ecadd4fbb5aa77f23
100mb,Cat,Cat/11403.jpg,29460,75f6ab69074703fe18e7c3de11b8a6540419c557f554af918bac207437759c8d
100mb,Dog,Dog/6452.jpg,18152,5ab20a00c1d68a05b42a90bfb917bcc39fd56c057c8325bae79b088f61a2b1dc
100mb,Cat,Cat/3752.jpg,20955,5dc20bcff3ad1defb11ac20a508f5b755c78ad29c68b3ea5019c8df719750815
100mb,Dog,Dog/4084.jpg,14750,59e3d98c19eec4905b1d98c9be8e248798f8756ab03c6489b4c73e0ca0884c29
100mb,Cat,Cat/4508.jpg,6462,df5adb29917a2af36a5804fed9e83aabe27c1ad26a51de7ea0bc9d9c671b88e6
100mb,Dog,Dog/2614.jpg,7432,2109a287ec27cd9e0675ca47687c727773ed5a2e8bffbf98f39bb16c8b3c2354
100mb,Cat,Cat/1072.jpg,29110,8f3d6886fcddac36fab68793e6be8fc553f58d994a4026da6de99c8d4c0657e0
100mb,Dog,Dog/8032.jpg,36981,13f0a4d1225b52c4d471e49edc2e9d3c534cc500b8ae18cae5e1ac4976a19d43
100mb,Cat,Cat/11268.jpg,31639,9bd6b6bc15c0be6bf44e9ee62a185ce7c206031db83b8bb6f7a896f78075ef5e
100mb,Dog,Dog/4923.jpg,36872,f7fe43c1debf379c194af121afd4d8272bf15ef2d36616ac1f9ad44808079292
100mb,Cat,Cat/792.jpg,43498,6c97394e7769c9bf94d2fbf520ba57b3ad413167db06b8c66204ba679cf60e28
100mb,Dog,Dog/2211.jpg,32050,bd921e7d96001a7da559a4fd409928ad68c99386f89f81efc588f0d9ab2a837f
100mb,Cat,Cat/5678.jpg,25262,ecae5ce9a0ca242f7dfcfc5d596115cfab6e3ec0f4cf62f4aba94773c814d007
100mb,Dog,Dog/9226.jpg,60046,2866a5109d0bfcb204ad5b38fc5c8af0d966157639c111f68dbe7c399f417312
100mb,Cat,Cat/1367.jpg,35515,280af57aeb07c2835236a0be874ea8707eacce99ca63255f44b6d09867fb9c45
100mb,Dog,Dog/7847.jpg,8139,69968c7d27c41eec37707906fd303c780c1e3b2e48b97f8551c6ffe2ea5e6699
100mb,Cat,Cat/4284.jpg,47876,12a0d6a292530ec506f103aae5f6f8e3dcb224ea40e2764dd4ca8b550e0750c8
100mb,Dog,Dog/2911.jpg,24492,49d12f0f844ca299c84e3623509ab7ee76ab0a8cfcc9f174427a19f2b734f616
100mb,Cat,Cat/1371.jpg,18662,829b9a965176251303425e75688731e13d4348863b533156b3059e1ec3ad1b22
100mb,Dog,Dog/6987.jpg,35282,2f8533d25dfad1b4128f60745a48dcd4b7156f1d002e352d19cd6b55aa307398
100mb,Cat,Cat/2886.jpg,32213,c599ad8a59c0c8fff435810bb3ed8fe9a832524702dc28a1d6ada94b5ec247db
100mb,Dog,Dog/7398.jpg,34373,570e6c034506bee5ce15968deaaac90c0b80ac934c714948d710a2db8ccb8f29
100mb,Cat,Cat/4089.jpg,29669,39e45f3e4ae58c19314f0396f6b47f6b43c65fac05004fafca19e846753f7855
100mb,Dog,Dog/4617.jpg,34749,a3792d65a92527da997122e4ad6d08e3d5b150a8f40f2d5b0efefdc28dc84129
100mb,Cat,Cat/4861.jpg,12660,7ef88b498d8e989387c7dc86ddaaf9db3692eeacaa203054291fe6ea8be50cc4
100mb,Dog,Dog/7613.jpg,17763,e10da0fd4223b0fc645020117927f9ad6f7f6e89608fd82c95c0f5b54f03f447
100mb,Cat,Cat/5940.jpg,36392,a0ddb08719b283a03af632154498242adf7d5de1c4bdd0c60520cbafabddad63
100mb,Dog,Dog/4962.jpg,80834,a4820de172a56f589a896ef56f113aff3dd76eb70d353788fbfa2f975686e5db
100mb,Cat,Cat/3171.jpg,16015,f494eb1090e7ae06302d5302dce24685746d39e99850c88c6cc946754d1a0925
100mb,Dog,Dog/11465.jpg,1201,3bce44fc9b4aa9854945374dca9f1a117e17a795056492da0bc5be2cb33092ce
100mb,Cat,Cat/439.jpg,9706,c7d38752c361e8babe726005eb5cf4c1b11a89c8e47ee41bd842482e68717fbb
100mb,Dog,Dog/10532.jpg,12015,5297f594fb618f40a12f8ac195f925977f8f7081235005cf9fe18f12d1b9d96f
100mb,Cat,Cat/10886.jpg,28460,8a20148bccd4b45c1c119ce4d7a542ec3f91de380bf77c9dedda4504ae50219d
100mb,Dog,Dog/8836.jpg,7642,5a241f5d27d125759d21c61e6a495af5683c75d8f32ac7f3a3189215464a1338
100mb,Cat,Cat/7765.jpg,19469,d31d0e20bdfda52c05fee725b0a8220d20abc4a4ae92bcd657771e532cff50c6
100mb,Dog,Dog/9221.jpg,46316,2a9c2e2de743c4e5a9b8745056abe64149e1a38a8ad7388b34dcd0af7cfa2796
100mb,Cat,Cat/1092.jpg,27467,1d22b4f909c3de5faa2b332fea262441f08140ddc01158abb1044bec8f80109f
100mb,Dog,Dog/4129.jpg,24210,8c6e3b0b4a586313d3091b58d923b7dee2e29f00ffb6427ecf63fd2c32405b5b
100mb,Cat,Cat/5788.jpg,51415,f6a64f70d5be52a2388178a952970bf134c64de9c09d90a47fbe6fc5560a0e22
100mb,Dog,Dog/2681.jpg,22395,c21a823f909eec45bd3d6440364c2f833a8625081b6346e0db44f14507494167
100mb,Cat,Cat/8703.jpg,16630,a95cd705d655852090bc81c89d23bd1c6427a7dd5a88590942e90dec4f05e1f1
100mb,Dog,Dog/1753.jpg,30066,bec6c12b63d71a7a2b7759aad9ea292c20553bf553a1148d05b2d6e9ecfb951c
100mb,Cat,Cat/3439.jpg,20314,8e953cc86d51076c24bd15a9dd69a014c1f6fbc6a73d14319f0138a19e335ade
100mb,Dog,Dog/7299.jpg,26767,e09ab865a6aac1cd7d6f3f1dc0e583a00553947c8294a04f57d6f4f6f2d563a1
100mb,Cat,Cat/448.jpg,50649,5e9f63c1ccf69d822c93422a2bc4e2454fa5e84112587688c621452e7a0a3992
100mb,Dog,Dog/4403.jpg,53113,b90523d004168fd1c768ead0292644d80b0c391287be9a4df6161233e6f99c85
100mb,Cat,Cat/11989.jpg,42891,0b5f6d831a55d4323281201a22282a8fa8fe1cf70e4b4cf0a41a06a41182da4c
100mb,Dog,Dog/8641.jpg,427478,f644ef9f5cdf698c2bc91a7df79a8c2b23b083644689b1fc56d423056a20c527
100mb,Cat,Cat/4010.jpg,35720,ea4a9b75e42b4f9e673afb7d169e3c1cc0d936491f856baee8d80f770fca349a
100mb,Dog,Dog/321.jpg,64477,72d25ade4786289889646be264458ee0e26cda5a1a4ee224b190f6098451fbc1
100mb,Cat,Cat/9758.jpg,7883,0e0b64ab144350a3c2e7315121065ae9e57f378fa2026140fec103e3a0538168
100mb,Dog,Dog/225.jpg,29629,ecc0a00646a7470fe2bc4643cda532630df203de142ef0570b3dcfcc201171a5
100mb,Cat,Cat/5257.jpg,1863,6a2f738730ccfce3960ad1ad3d013c186b5cdacab5241c045150d43280b03a30
100mb,Dog,Dog/4071.jpg,22227,046af3831975dea95d35a12aa60217a80f128d26755272760698f76804da8c25
100mb,Cat,Cat/10713.jpg,19866,a032657d8cc5066a21679625cfb17185449e43e48ef953d4051ff8fdcd33cadc
100mb,Dog,Dog/7574.jpg,35247,4bbfe06d5f8d96639327c5fa368eaabfc221f122c84a74dfd1dbb3cea8e9cb6b
100mb,Cat,Cat/12414.jpg,49515,0f6efec5520f6630c697bd6ca01f212f42a5b4f491a7d627fcd22600a328fca6
100mb,Dog,Dog/6955.jpg,34209,5c2586fd16762e131dcc979fedc9c0715eb6d257529eb4243acfa2b3eee22b61
100mb,Cat,Cat/7115.jpg,9720,add6be2a0c96d11078075cc79b90cc49cd6fd6e7be91178fc381497be2fbbad3
100mb,Dog,Dog/11212.jpg,46643,06654bec573b152fe527cf17194a6e1afd724d79ab4ab58e4b7f66acb0625296
100mb,Cat,Cat/1746.jpg,53449,f39b075a7517862529d57dfcc804acab42d36e18c40a196b5d2f7933512ebea8
100mb,Dog,Dog/2090.jpg,11334,09cf4c900b26d7e9878ab868dea3e1844a4342084231622d5040495e68d568d3
100mb,Cat,Cat/6331.jpg,14429,b7ed329d04e8642ce610acc95ce7080e9c640d9373e75bb8dcc36838c0dbd2f5
100mb,Dog,Dog/1041.jpg,39036,9b7cd37444e4eda1056d73b7f2440ed7162d64945a3ea9cb79423e922590b8ce
100mb,Cat,Cat/9022.jpg,32671,64cb31c0c84bffc4a03956d6e453727ace0e1a43b7c924e78bfca7eb360fc764
100mb,Dog,Dog/8282.jpg,28890,ba36ed5122b093ee5b3eb4cdb51c8e6200a05459053492bb47ad87f2a5332f53
100mb,Cat,Cat/6217.jpg,22813,164c40935bd230d263dce790ca21432ce3b452014f8f0f37b3f002e9a3ee468e
100mb,Dog,Dog/3126.jpg,37619,f6ba921463d7f85abc93a870dbc4190541e15971fd54a47678f3dd50e89a33b1
100mb,Cat,Cat/8970.jpg,82793,b8120cb970bd75ee655aa78714a76ed196d1b4a605024621c8344a9782dd4d6d
100mb,Dog,Dog/670.jpg,20474,bf67d16173642b3ebf86130c05a293a29e878cb9078936245f6d5eefb80167b3
100mb,Cat,Cat/6857.jpg,8135,c39fbb457563146170047286d385adb2972cf9daf685fa18fd4b29414b55b57d
100mb,Dog,Dog/8581.jpg,10918,11b614a8033abb0df24b321e8ada11c562c2bbe12bb3ec0b6a8ad736c550cf7c
100mb,Cat,Cat/3359.jpg,16489,7c6041387a0cafea7cb0c1e3701ee8308c4635577c90786e53156535811e4c2b
100mb,Dog,Dog/9957.jpg,46997,9e7f775c878d617205673224e617d2b9e01155cd8ee2e210f9bd170e189ed522
100mb,Cat,Cat/8682.jpg,34327,124ef23054057e183265472ecc98fd1a65896bc13c73b35b672d41579182aae6
100mb,Dog,Dog/3067.jpg,21288,db74829c648090d9af5c5c4fb5adc63443a5f4ab3464d7ac1a8c643d5bef046f
100mb,Cat,Cat/7539.jpg,16554,c8ee747128bc44ab6d1b2b02c2f77dc731c0662eeefeb979926edead1fb63f9f
100mb,Dog,Dog/6994.jpg,39124,9a5309a0c43d465a8d123a50d52e5d03b74c64f96d095227de8e9dc19d8081d9
100mb,Cat,Cat/6010.jpg,21424,39ee38a9c44a24e0bbb0035babef0cd80794d9d21b250643eee96651e48151f4
100mb,Dog,Dog/8575.jpg,30531,6087481e7b46eb2c582eb97bfb370083b26dd6b0f324511fd0dae326cdcd4ab8
100mb,Cat,Cat/6851.jpg,22073,6fc4e4290b929f997432f4f0f835a06d9f2eb99b7c25db671f7915408e60e190
100mb,Dog,Dog/7030.jpg,23101,fe6689fb981362782561d701be1aadf6ae5cc18f75cbeea724d6eabf300c6bb0
100mb,Cat,Cat/5740.jpg,8366,7775713af19c25cf3aa63a84dc89a826cd2def6d4768fad44c1acb2e556ac7de
100mb,Dog,Dog/11821.jpg,37846,cfe4406a4b9a5885cf93f5c8400c6c0469b2fefa8fbbf1b29cfaf3fc40520611
100mb,Cat,Cat/8160.jpg,24354,2d79008a85f219b1bb3d2ae7e006a6cd47ec1ed1658d8d412365569b38f79420
100mb,Dog,Dog/7344.jpg,21956,84b0c1a95311d6643894b65ff78f60921e5e5062017b6f43b402c7c2dc9675d5
100mb,Cat,Cat/2872.jpg,18547,0d9d46edf0561d7f7612b2db2ba459ce5951bdc2945079aa8a7b3df914a8b55b
100mb,Dog,Dog/11830.jpg,27007,4933ee32029a33e1cc047d3007fa251bb4b0eca3c8b5eed8dd75c01dff7402ef
100mb,Cat,Cat/2300.jpg,15024,d277d8e357a346664db12ecdf5d41cfe44953bb35cd5d9cb236a27926760fc01
100mb,Dog,Dog/11314.jpg,31556,00ba3702ca86a03426b305a4e4bc700bc1a53eb3defb615e1791294a72e03048
100mb,Cat,Cat/6115.jpg,23168,084ab37d3aad3d654b26912f96cdd915a94afc35468503c28144cd64c386fd13
100mb,Dog,Dog/11688.jpg,76280,17819ec78bc143f1dc97b254a94db700cb5b9e061154d21a1358a7a4ce273c0b
100mb,Cat,Cat/818.jpg,17513,cb4302e1d62dbc9013eca29cc17707423fb4d818337cda2c58c3634e9d3fd292
100mb,Dog,Dog/1746.jpg,75147,97e25c1dc9f49b13aa164260118463e3401522cb0226ff9030bab9b8e4af4ca9
100mb,Cat,Cat/5002.jpg,44082,9f7b07e26f16559ebb4b4e11affab5e7a4ddb00413c7a49d58652c9197c90048
100mb,Dog,Dog/5976.jpg,21908,5444ecfc52406523710cbc293ce5d353de431ea6637a3aab515119cb96355c96
100mb,Cat,Cat/9674.jpg,21346,546f57a186589b02518f1e9ef639170bdfc8874ebb7358063be32d3f37387852
100mb,Dog,Dog/4879.jpg,40734,0f8c3705c3a0d58c496b33651060e31e9805fbd6547962b08a6c163468add5f9
100mb,Cat,Cat/11857.jpg,48255,00da3a1661764470fc97ec08962725b90f01258334ba84192f1c34d3e63ff309
100mb,Dog,Dog/7901.jpg,47702,3621d1afa36d81e101aebf930e547d451ab5b36e990cb51c26c632d0b19ed1df
100mb,Cat,Cat/3381.jpg,5267,7f0394fae55b263ce8fd911b21b188606011a38b5f856484792f571e73b32b45
100mb,Dog,Dog/5504.jpg,8001,f3cd71631d71947bf394185702ea20f47e837f4aa56fc2d4945fe44e144d7c56
100mb,Cat,Cat/5486.jpg,5546,56335a4a90a449812e83f9645c86f69e2bf48901e355740f69eda97d187f4844
100mb,Dog,Dog/4695.jpg,22143,d8d1827328e934dbdeb47f88df026da4b961419a363ff622a59324b20e6eeb21
100mb,Cat,Cat/5755.jpg,27667,27574122596704610eaabd33f9f26a7f4484fee6cab7adb6311328f6a26659b4
100mb,Dog,Dog/1768.jpg,31544,73274e0414a7f83aaf11483ab72996274278a068b346b5506295b5221a84a7d4
100mb,Cat,Cat/4754.jpg,24558,f6190aa1f6aedb7cc5f272dea76787cebc51e2f48fe1f8f4c540da599139794d
100mb,Dog,Dog/5023.jpg,35937,e588c25ed5dffaba0a6d4cb4414655b186587071a626cb6b0049a41a41739a22
100mb,Cat,Cat/10354.jpg,40051,72cec3fcfc2a3f18bf9d8b81802141e32e47349cabf71f5e043f77db6fdde15f
100mb,Dog,Dog/8784.jpg,34923,77128007b818c0e6f5a22e9786167d7455fa98cb31500edec3a2ec56379297ae
100mb,Cat,Cat/6809.jpg,28221,e5637cf43e3cb884a7c410342815c5e99bd40c3dc387c64050a0d5fca7c9b467
100mb,Dog,Dog/4703.jpg,42149,3f8ea62ca681205fe87654bdd459f0d95e3ce9ff6094decfc5d91335becf90e4
100mb,Cat,Cat/4313.jpg,31762,8b73406c7c37f319953c13bf3bb28ad48e962ec064002b01154af8373ab93900
100mb,Dog,Dog/2228.jpg,35989,50dea2f0e43db6eaf93f089d62fdad24bf1c2f1669aea47a5c73bc7e303b30f2
100mb,Cat,Cat/49.jpg,4864,05803ba9cc2a504b448af5ed09d2891559e20866822e9d2acf174a540b0dd016
100mb,Dog,Dog/1379.jpg,6217,1ca00221de27d6b5933d376eafd7f5f5d498e16c31b3d10c9caa067991d2ffbe
100mb,Cat,Cat/11558.jpg,12499,dbeb2f3637a0b5ca345c7351a3dc2fee0c2b65fccbd7ff91b991d8593675bda4
100mb,Dog,Dog/7238.jpg,158693,7df64d48f48bc869871b011bf673ecfefed5aa87c26b545b390f2b3ddd5ad822
100mb,Cat,Cat/913.jpg,21968,7a19ed94e943beb4ada5f63f497c3545164cbcc7b3ffcd83a4a1654e6cc96c9e
100mb,Dog,Dog/5303.jpg,35255,f73441ec4aa5e021d32738ee8953c992795e70de0dbe5d24314fedc03a453a2f
100mb,Cat,Cat/8432.jpg,9336,4335e373222932772a544875ff8e5c503e7f4ed19b57b75bd207338f31972959
100mb,Dog,Dog/255.jpg,19960,5a6d600f3d3b90eed420f1b9e16d7f4ce530c14598cccd647e30c62f50e83aa1
100mb,Cat,Cat/3789.jpg,17720,cf4371fce01de1f931aa44061d6f4020979f624ea3b7a10c3875aadd627565b0
100mb,Dog,Dog/8085.jpg,25941,a49ad1b8312d269b9a23b442fcf1b60efd1791b5e2c1b33d84057438291f9d54
100mb,Cat,Cat/6119.jpg,29855,5d5174888eb4c5f637917886253e290a3fb5af9133f7573ea080e0723966db62
100mb,Dog,Dog/4398.jpg,35544,355e9a45ac76cd46c8008b68f3c8e9b9890f18e7ef0e64cb89e19daf7cdd6286
100mb,Cat,Cat/3343.jpg,14944,937394be24d53f931836e132575096b879c2aaa44f030f3de267ce0f7f329b49
100mb,Dog,Dog/5382.jpg,11244,a444002ba5f4a1d8c6e213032759a69d72277f76cc7217a45a48c63123723b70
100mb,Cat,Cat/9897.jpg,35854,4b2d1ee36d37a53235cdb92e953c0ab3d1f6a065d184ce9530c379543a24af8f
100mb,Dog,Dog/6588.jpg,26617,fc26cc607b875c195e2723e9247cde28f0cf58fc24819c34a07c0d54b497e63f
100mb,Cat,Cat/6896.jpg,40584,357401a7e0d55ec5e2d1604464ad7e2acd05dd78ee02c788f5e55feb64f8ec7a
100mb,Dog,Dog/4762.jpg,101777,7b2f94702814c56df68d42c91b5f8f91bbed9c606338100720930c2cd79d4095
100mb,Cat,Cat/4768.jpg,4960,5b5d3b17ccb814b5c3cc7e74f90e8b5dcf775b083215e94afb9c75766840cde8
100mb,Dog,Dog/899.jpg,89408,907f76588764a58c32c58f8736d4de6c4f23502b22cf250cf5cbc396e63843f7
100mb,Cat,Cat/8956.jpg,25782,b440dd6e0aa631442249d4fbe81699c94df82303343a632d7ef6de44eccd866a
100mb,Dog,Dog/8472.jpg,13345,4d68a0bd044eba33edfd09a4f096fd63656ae355e62402b9f2c115b672bd2166
100mb,Cat,Cat/515.jpg,35281,c2b1831f8d5ee4a76f1302b3c4253187b782870ecea81bae83222040f82e21b2
100mb,Dog,Dog/11558.jpg,17786,9085a5ddf68badb37330b83ed857c5c80d9efcaad6508b6b641c596b1ca2cd88
100mb,Cat,Cat/4072.jpg,79935,4d617b0c55eb69618e29f6637cfae63c383b46b85a738f9da09735f9caddcad5
100mb,Dog,Dog/5216.jpg,19682,71b9aa93177b82322c1b91be62d11f52a5a4f2e71a41f161fe8cd212bb5832ca
100mb,Cat,Cat/4065.jpg,33763,3216f8cd3456588676aa1f029b8e33fd837d16162dac6532568d3d14bf39e7a9
100mb,Dog,Dog/4543.jpg,20883,4b4a831bdd3b3fe5401b2cc138fcf441613c013f502dfd6300946d969f5b2735
100mb,Cat,Cat/3948.jpg,20245,a5157bddc7fc022ed6d2a71c0aae5950be573bd9678112b2b0d582819698b956
100mb,Dog,Dog/11684.jpg,20562,006e7dfc6c0288653c1f04c3cc29f976a647f37ab4c2b622079365df3ac32f0a
100mb,Cat,Cat/4001.jpg,69259,1cd675718f48dcc98a5e6c270eeef8d75982bcd67473a9dd5164f87bf4c1f0c8
100mb,Dog,Dog/6674.jpg,22451,263842269fe8f5890972b1a6f11819464694a3aeabddc8dfa6f2c32336b2450f
100mb,Cat,Cat/8537.jpg,30359,135dd7da324e36909a875f730edc847a867c1742153c3f713b1d59dd9322a1e3
100mb,Dog,Dog/8494.jpg,13327,c76201dc132c9a1d9811b53a1ebd2096516d97a6264449d70e6de336c997d689
100mb,Cat,Cat/8779.jpg,19130,fff9ff0ddbdfd3cbf1ba33a8547a0f03d92eaf930619db1ede4d89c473b793c9
100mb,Dog,Dog/4742.jpg,54491,819540433d630be178bd1797f2397cc299dcc4f2a84ef23bb1332d6413fe0a8d
100mb,Cat,Cat/1225.jpg,23968,b7de17d3442c35573b9b5701be302a3e087be3d66e45efe11d43f9be478293cc
100mb,Dog,Dog/2588.jpg,139809,3300dbc54636ca92bfeac27412763c6cf5c470678600927ae73bedda2f7cd0d0
100mb,Cat,Cat/10413.jpg,25388,17a9525d026f282a5a854bbf1266bc2ffc16bfbc0d45273ee491243838bb281c
100mb,Dog,Dog/1998.jpg,22459,663af279c4d0b315966af396649d45541125beeefba1d3ec0e308b95746eadf4
100mb,Cat,Cat/1248.jpg,24370,b7fb1ae8e2387a22a8e17e1658a1f7d4eda80034d9462a38ce598825cb586d4d
100mb,Dog,Dog/8932.jpg,21072,0e1229db2c59aecb9d333f9b94c1cda92f62229b39367daa756870cdaf7ca691
100mb,Cat,Cat/11245.jpg,42516,f68778fb6d078065484617f2865e3725bfdf2df8b0cc0b9cd8f96d7ce0e78214
100mb,Dog,Dog/5306.jpg,22923,80ac51fb8b52201d7225d33296a7dedf4db787659c41aa254c081cf38d05df26
100mb,Cat,Cat/10822.jpg,30705,bb938cd056bf2237aa414ffd84524b2bb52b5925acf08e5196cfb3a7858fbded
100mb,Dog,Dog/4709.jpg,35832,43d2f877d50630154a7e73d08e6788d2091cf99ad91e55fce22f111092d3a669
100mb,Cat,Cat/2656.jpg,58372,44aaedf4dcdda70edc4ad24d892995a244ea40f494a03bbbfd43c8f024b738be
100mb,Dog,Dog/4431.jpg,15899,13a8d0247a4dd15cb9529a7a6d2cba4d1fffedab83fd9e13236c8c07c44a2e50
100mb,Cat,Cat/11104.jpg,31793,d8730ae4d4d4dcdeef616c9bfd8c362165c862bd5b652e3085427cd2d0bec72c
100mb,Dog,Dog/6002.jpg,83752,eb299ec3581227765b4dd9ab8d4d097a70970ee8b750d78f0822171ca84adb78
100mb,Cat,Cat/3026.jpg,30870,f274fb3fb379e9c26502beaf8d9ac6b15bc945af899b92176ad33155d02773fb
100mb,Dog,Dog/11306.jpg,23515,2e93c137d0dbe91482694622cd26708bfbb679ace2fc726d9964ee6de0a99c9c
100mb,Cat,Cat/4808.jpg,18530,172174c70c032a9060213a20c1545c9c4723354cf214b2eaea8f6eeb29dacd47
100mb,Dog,Dog/5101.jpg,38919,daeac9af00fc2a19289295acc79b15db344626be4372e2d9bc606c494f5828b7
100mb,Cat,Cat/1977.jpg,14672,e061c24e537ce2bec705f5643592131c44ddc8e2f0c4977fa6dab8f121a368fb
100mb,Dog,Dog/8147.jpg,33991,f870bb5eb1ad623157b1a3d9fa66a7d1b2e39afab1dbde0d904e778b466b4974
100mb,Cat,Cat/109.jpg,19663,913394c0403f1a643e2b32dac31cd7f0681c04d2b8aa035ee8d5d02165acee85
100mb,Dog,Dog/2040.jpg,22366,47143c34b4365bf10669c561446c0871ebae47feead416f5bc7d1a10ab6a2a81
100mb,Cat,Cat/6265.jpg,26389,219213109c864fcadb5f01299818be252fa3abc76171d14821573275512bafa1
100mb,Dog,Dog/1798.jpg,41244,3926244a19d5b9c10c62b58ac753885c3594d39810f9bd659ba05821e364eeb9
100mb,Cat,Cat/1166.jpg,29873,7837454576bd67003c64f5fee68d9b8d7571801ef5f8cce8846eb8c2b8a237fb
100mb,Dog,Dog/4358.jpg,26604,18fe8bdb37ecfb998ce8c22cc8f03408d1dd3835a014638eebdf7b0454c80f77
100mb,Cat,Cat/10904.jpg,14811,8ea0b44be83c571562509efc54788f98ee2b9ec5624bbc86d1654ec628ecd5a9
100mb,Dog,Dog/6850.jpg,7911,6483b4c82786185fcca0f910bc1acef57a8a96c6441205cd8bcfcd696c2d85eb
100mb,Cat,Cat/9266.jpg,11158,05c3e04653c58513504369eb1da891e9081c20f3ac35280653d8aac50eb54b08
100mb,Dog,Dog/4783.jpg,30407,dc9274ad0a0fbdce4cbfd19fb1d71a41c26d5d1268783f458836e8427fcd2ddb
100mb,Cat,Cat/814.jpg,30071,1e88c96e732a966120f2fdd3778ac0117a6b4b08e0ec3ea0f9de584c8a281179
100mb,Dog,Dog/730.jpg,3643,4072951f7c37990083f5b482e59fbae81705513972746067d25727a9e36eaf50
100mb,Cat,Cat/12235.jpg,465114,8c6b0f249fe02187e1ff5fd1e17e116ecf64b6eb3d9fe9505d2a76ad888a4235
100mb,Dog,Dog/3776.jpg,50254,17698862d9ffb1a5a8bfdeeac58dc280cb2d9112bbf55cf70585d5605e3a3552
100mb,Cat,Cat/9444.jpg,10767,99bd2a5c47313102fefcb52ffc5c99974645232777dac6e5a42fcff5513f70c1
100mb,Dog,Dog/10228.jpg,22431,c20cec3c71bb79e9aa9dc1f51cfdddd73bd604d7942cd3194ebcb34395a69ad0
100mb,Cat,Cat/10576.jpg,18139,936faf566e6a6c331bf2eec0b4597b85d8966548f2a5255da600b46b8bb8f923
100mb,Dog,Dog/11173.jpg,25787,7652b7e999220dec83d8998d47c2876737d22f1261cec7a292f885dd69627666
100mb,Cat,Cat/4607.jpg,19927,d6674b36bb69c9ae0516052c72ea0b115b885dc7301cd0f436f4a3317c127e41
100mb,Dog,Dog/821.jpg,20002,8aed1a6285be9a4a2a5e4fe9d0f74b4e9ad4ea1c40188a1789d7340077a5b3cf
100mb,Cat,Cat/10909.jpg,45055,a92498a8df9b513cf8fe5ebe57eb91e96f2b892f9aec369eaa7966505df04d89
100mb,Dog,Dog/10579.jpg,32702,e0c175ecd1183fa9398c97d455f49004e52521fafdfc7d337b85028e2da22770
100mb,Cat,Cat/7432.jpg,24210,58984c40298f58b060c68776b374fd6e37e246503ac084c326f73c290b65f2f7
100mb,Dog,Dog/4867.jpg,45335,e049e20dd640d19c6e7c9cfab988de9698af5e089c82c073828d32346e2aff35
100mb,Cat,Cat/6253.jpg,26531,2bec05306c35447707703d11c78305bd499757774f88c66eedefded5a50c9ca4
100mb,Dog,Dog/4814.jpg,37296,2ce67b7082f8f00a5764243f84a65d1a057f496a35b66caf6a3daee70395901c
100mb,Cat,Cat/4036.jpg,43372,e1bf3cd0143622b1e43a6408223f83a6bb19d5f718b825cb73e5affd119e19f9
100mb,Dog,Dog/9276.jpg,26393,e4ff77db26890335d401eaca1d5c99a5c5f1c67819166ef46925d0fc3191d7cb
100mb,Cat,Cat/8574.jpg,16711,bba4c2642decaf19e4fa28f855e5b10a3dd91ef5af7dac1c052569c930a4543d
100mb,Dog,Dog/8334.jpg,48293,92e33da5aa7166a9e8d536fa652183da2f6617e15a7eb6ea09056afa3a6e6716
100mb,Cat,Cat/12376.jpg,22629,4957adbcf7ce058e59a5aa752aa3ea0cf7fdccf1818a4d8bf3dcdb77c8f634e2
100mb,Dog,Dog/6296.jpg,34010,bc34f60dea0dbdb93796625d65c353e76f62bc360cd9a52d27be5c1e86d76156
100mb,Cat,Cat/11624.jpg,15382,a2f6d37b2ae220116f6b2e12fd204dfaca7f86b3906f123c83222ce7f76c8b95
100mb,Dog,Dog/1096.jpg,32636,f9a302ad59ee5582eae67e6adcd9920b39ea8808a5dfab0ecb72bea8679cdd8c
100mb,Cat,Cat/5506.jpg,4649,ad5d0ad3a9ac5a87feeefc915f36df06a06401207a6ed47e8cd2ab8395efa682
100mb,Dog,Dog/1628.jpg,49569,f93a382885746ff044046270e50083487dbe492713a5b0fd528c5f96cde29dc9
100mb,Cat,Cat/5282.jpg,36199,ea22b8a20264201364ad07a8da02155e261e8d0a82ef4ffd55939fcdeeab3028
100mb,Dog,Dog/764.jpg,14438,5576e0f86355d254f16a401fb2077373cae971a8370f94ae2d4aeb65ec0d8980
100mb,Cat,Cat/9808.jpg,24039,969f6050f9a0f9ac32167c366fb58d894c905f488dc05b572c6f19d28015fa25
100mb,Dog,Dog/1665.jpg,23183,195246895db919a5dfe6ea65c7d75642befe5654dbb8ccb64b60244a86631f55
100mb,Cat,Cat/8936.jpg,25095,6cafceba7874b29e28de0796da08e56a2cec7154c9ae54154f4f8cc5386f0cfe
100mb,Dog,Dog/12361.jpg,29106,a17e9efd922a24e15be76af3dc1e70a0cd56b8a3a657d3267443bf5686c8c673
100mb,Cat,Cat/1265.jpg,27782,025b55fc9ac554fd09500b5d2c889f21aaefeb1587e65083cf5b7e63121144a4
100mb,Dog,Dog/6141.jpg,23967,d5326f047640e0e46e6e97eefd5f4907a6c6b07b5edcbe66762f43df57be4f15
100mb,Cat,Cat/3688.jpg,18355,f3765e66694d712aad83ada66ad5ce00689c57957d993d5b00b0dd2075946394
100mb,Dog,Dog/5143.jpg,37904,cba6277a7a8a30772cc8b34be64c09704f48de627c680b535c17bec0e91f6880
100mb,Cat,Cat/4312.jpg,22460,9bb6f4e06a5bf11850d464d3172f27d7366994ebf4faba85bb6b68cd794a6627
100mb,Dog,Dog/11319.jpg,43564,9248a155c5197f4f5353e2415732eae0a12983f400db40d9cb2b0c5d0149f9ff
100mb,Cat,Cat/2303.jpg,22692,247a36e3e420f4968d1e7a62d7802f953b43672b62b92959f74601d1d85f7b71
100mb,Dog,Dog/7938.jpg,5511,ef06e9440400d8f31532d7a476f129c4f53e77a0edd66dda3230a7d8854608b0
100mb,Cat,Cat/9328.jpg,322750,2cc51360e565d31b4f8ef98d49c724b2c649b19ad40349d6bfbf8c769957efd5
100mb,Dog,Dog/9711.jpg,57091,b879927946cc5f47b5598c3041704dbd6127040acfc5e6d4656a3783c71470cb
100mb,Cat,Cat/7355.jpg,26689,a867570bb83ec5af05cf0b72288b37197023abaf1557f6f101a01366a6238eac
100mb,Dog,Dog/5041.jpg,28379,eb1da036d181758ca4bbf80c880b8550dc925ae1c58869dad771799632e03430
100mb,Cat,Cat/7264.jpg,127754,19362eaf126bca3919ed21934fde46da5b1983e92ebb16d6d24d1ad6930d5a24
100mb,Dog,Dog/7187.jpg,8687,04be4d68b3d5fba1d2516528805a01f77588a71530d16bb39e9f943b013317e6
100mb,Cat,Cat/4381.jpg,26129,9ef0c416680d748b134cce32e7b43521a0b87e0536d4a8ac08cffa1020d86b1e
100mb,Dog,Dog/2808.jpg,35996,17be9e1fd0cabe63ac22bc165e557555c81f0343139a5897963b9c0d5f7e4de8
100mb,Cat,Cat/1359.jpg,27416,78e2a894f3658a4c565253972a6c965258e97dfdb4655d2fb7f992c6907af6e1
100mb,Dog,Dog/10296.jpg,23760,6a1df57ef5e7b9458cabd734bd7d6f15bb7c93202b2a04235dc5619b0db2470c
100mb,Cat,Cat/1119.jpg,18598,040a8387c79e47c2a373d3f55e443a99e80a11d4db3c52965f91c7ab849ef7ae
100mb,Dog,Dog/717.jpg,33859,67c9bf8154e09ec513b76a1f66df16529e7f942be936774c8014d93dc7c917a5
100mb,Cat,Cat/11334.jpg,5265,68a80cfa6c30348ce3d330e7a7be463d37e5de1960d697a1aa9484d85e2b543d
100mb,Dog,Dog/1679.jpg,37480,6ca5c28e9a85e904139e9b73b411e972c69ec7dd1534451c4f8c1d57f03eeddb
100mb,Cat,Cat/10988.jpg,10638,9ed768fa6ceadb902470aa41d271906355b7a1ecce74b896a25120a64caa051e
100mb,Dog,Dog/3531.jpg,19664,67450d37c00dc6c0413ff22b1426d0ebaa8f42c6d90b019922da149f0292cc95
100mb,Cat,Cat/4785.jpg,23067,2548d8399225ecfc37bf40535159754977101b6df2ecf1cdd5ee673541e0a988
100mb,Dog,Dog/607.jpg,28701,70a92b41a583b01bf942849f35b4d37a6278519b30b3289c22a065a0ace82769
100mb,Cat,Cat/9652.jpg,21857,dda3e69a8faa658f441bd0d86a653d827471a07ec046fa5e2016d11244b30913
100mb,Dog,Dog/4117.jpg,65309,43d29f6e54c317d74de91ea2b8c54d570692de36676588defedf2a76f97ada91
100mb,Cat,Cat/3098.jpg,25368,e2d1bd3b0cab8f90bab9f1f51bbf12103c05426b173cf6400601fb51a3001745
100mb,Dog,Dog/6775.jpg,29838,9d8867191bfb2581db4e98293959f78a88e13f2bc557409d9fe82707221fd966
100mb,Cat,Cat/6916.jpg,32030,60125318d3567b2e90a96c1a231f17cc7f4a055a602699cc8fd1c3731492cda1
100mb,Dog,Dog/11355.jpg,19732,5569ed6012f780038209ab099e1453f429523f214259569ec559fcf23c7c2a3a
100mb,Cat,Cat/9173.jpg,37065,0eb92c5b64671f31fb416486bc21c074c6f9c16021ced55382d8e03430615c36
100mb,Dog,Dog/6604.jpg,30035,476055b3bcd450b85b2510e5f588afcf41ab05325c85f64631380103aabe74d9
100mb,Cat,Cat/12405.jpg,20654,04fcf90d2eb6d7ffc8fde8dcf7726396ea124c6bc7d05c878403c7eb45c467c0
100mb,Dog,Dog/4568.jpg,50839,da8aa91072e9dafd8240c057f8a16b0eeba9f7a216c0f458a08b1aa0dbe71fe7
100mb,Cat,Cat/1529.jpg,25740,3abc254352b201f21e3eb0b4fcac578a45f721174ded09e870a6297f237e68a9
100mb,Dog,Dog/4969.jpg,25576,e00dfde3c4e918b2920e7eb1dbfa1bf2b3ca2c99c2b0c771ba13f8414b8308c3
100mb,Cat,Cat/1368.jpg,6337,262bcab6bac84fe0ca710c90e6d11b21cd0536bc981933c1f469054b66c108fa
100mb,Dog,Dog/6454.jpg,30698,b21feb011f4fe7bfcd1c0d201862cc079017f78734f4a92f647b69aaa7e5414e
100mb,Cat,Cat/1258.jpg,21053,c1aad9e9951e382353db5841aa25e7faa324197166e860464a0b4cb3f4663a39
100mb,Dog,Dog/6541.jpg,22595,dd90298a395e3c33ab38e4bbb9b90bfe2f66d82fceba95d3f4a59de6b84d0a87
100mb,Cat,Cat/7858.jpg,22209,732471cb8c345df7690f1ba3e31f99f9ba08e9ce3d8dba18914d84ba7803ea6a
100mb,Dog,Dog/9632.jpg,15372,d0b8188edc8e6e881433770cf8b7ed2337263a3f55c7323d68f7e7197f2f4da6
100mb,Cat,Cat/10627.jpg,19760,808803e1038d63ddb92148d55612f4d35956cdd1c00603f5f16a438d9444728b
100mb,Dog,Dog/10328.jpg,18837,2795dd39f2e74f4ed8c1fe69ac156dfe9b7fc05e42d925674a07203c335f7a20
100mb,Cat,Cat/4268.jpg,33047,24beb1c837c80bb66135fa4e86e06ae1efc03f72f8bb63be2746fb8bfed2f2bb
100mb,Dog,Dog/11777.jpg,19372,4a6870ebffd241d8774bebefe29a1fd15494f22018224c5e70312fe7322c975e
100mb,Cat,Cat/11984.jpg,27170,6010bbc9e08d44234daa32cb8919dc266d5f1af1931bf00953dfdc271884206b
100mb,Dog,Dog/8814.jpg,30038,840191abe802639dea350449000146ad62bb211d2aa8ed86cc4411950eccdfe9
100mb,Cat,Cat/7591.jpg,19236,cc552125b43d04aeffae6669490a97b681e864ebcf2ded7b9ddef965719855f6
100mb,Dog,Dog/8169.jpg,24351,adaa1360bcd16668a8929dde9465e132d91fedea70f955148ad5bbbb4d1f8d73
100mb,Cat,Cat/10928.jpg,12383,fc3575fdafdf0ac01c8ff9ffd3021e3a483dc1f0accfecee0e0595b3a32d8b3e
100mb,Dog,Dog/3603.jpg,35730,992b390c4d00255a175b52c3fb8612bf6c69d2b3dc17ec240d0d80c477ab0482
100mb,Cat,Cat/10244.jpg,21585,c36835b4faf546d87fdb466f1f7cfbd68d2113a770782c7ad9e0d328c6509963
100mb,Dog,Dog/11086.jpg,49398,77b12acb3a5914b2cf081a493c5db01d48cc84b5dc9742b4ec8c7b41f0397c5a
100mb,Cat,Cat/1639.jpg,81131,3f817ced4f5e29ed9c6bf2bc83f874933c5b6ec73696f0ad063f900bdb3cbf04
100mb,Dog,Dog/10058.jpg,199433,7f8571ec99c49e4ba03a534f505e7fb2d91528e396de7b434f8eaf204ca1e12a
100mb,Cat,Cat/2014.jpg,32113,ae76876979c3a691600b6d9a0fd2659224b79f8e66a1fe1b1f2e1a83f68b3c3c
100mb,Dog,Dog/3715.jpg,22542,18a5def66ef91f8c502c11df8ba61ffef01588060880186e66a1c009a09d1981
100mb,Cat,Cat/4144.jpg,34788,b2f38a65932222969a0438764332aeba3160265c1c6d3084d46cdf85327f3ddb
100mb,Dog,Dog/2061.jpg,50405,76e8141487952269f5ff88985204bade68996d658e281e5e7594ca183b89eedc
100mb,Cat,Cat/4811.jpg,29085,81daa4f8f357659e3fc9327308dfe704304cc65d5538029355f7724290cba6ee
100mb,Dog,Dog/1897.jpg,42061,860bd13c04aa80e06e6dee538488b1df6f89104a54def9856864c34592b48697
100mb,Cat,Cat/2612.jpg,17227,9e6a79eefb489dcb18a710c8e3043eb541ac3414c2d2dbd40423830e0da9c758
100mb,Dog,Dog/3179.jpg,18546,1fddfccf6e6f076367959652e6bad61e838abece60e92bacf8f165151fe2693f
100mb,Cat,Cat/11853.jpg,22917,b0f845c69f0f84dba79c4135ad9568b22118d94ed5e6473db9e38e945124d76d
100mb,Dog,Dog/9330.jpg,54887,d0be1ba5721bdce0e2a591f349458ef95482d893bd50e237ee1b229ec4b42c07
100mb,Cat,Cat/7936.jpg,24768,8da7c2b094e5970ff68de1d7a89d3287a3082c3a120ffd9f2fd8c7843f350567
100mb,Dog,Dog/7028.jpg,31328,8a7958f73571567a0a2292ef1a27bffe601ecc15d835124980685bc1ab407ade
100mb,Cat,Cat/11508.jpg,10809,1c792c7d9b2e92048765dd8111240bc128cb56e72091e86ee5f8a118b2689a11
100mb,Dog,Dog/6140.jpg,22828,0a0710b23f2c7feaa562fd1a755e798d5bce11385cb1cd196615eb3621f711ce
100mb,Cat,Cat/3578.jpg,20527,4124bf81fe68d97a5c82755f8455be59d03c35131d13851b955223e02ea2ef63
100mb,Dog,Dog/12059.jpg,24925,4657e7109d8edab225e953376cdaa1e2c7e46288f6c0457809c6c88448090ac4
100mb,Cat,Cat/10328.jpg,48160,f23b069933989dcb165cf8c54aaf3d9a78df08ca9faa706e8b789c0d4c77fca2
100mb,Dog,Dog/10899.jpg,29409,a5f34fd9f43ce7cffd0b3821796b6ff6c5da8fbba247a7f057057fc0bedadb26
100mb,Cat,Cat/1102.jpg,18122,704d039e424c2fcf346df219696e99b5ff5c9e95f006cc3b06f4a3533a3a38ca
100mb,Dog,Dog/2963.jpg,17920,e6cc590fdfa6739b825d46459538e83a10fdca385a0521dcdda3aedd725f5e30
100mb,Cat,Cat/3939.jpg,28749,9dbfa31a4917e5d11cdfc88bbfe55b6d9a012b80cd7695b5f362f360fac61399
100mb,Dog,Dog/9953.jpg,41248,9b84813dec84ced63b724fb2d4e1b1c92a38f3d81dde4a0417327c760ab5e97c
100mb,Cat,Cat/4455.jpg,24925,341160ec9189e5e106169edf9283cce4bb6ca68016ca8d248c7f86b6745eb505
100mb,Dog,Dog/2473.jpg,63716,c3520aa83b455ce5175c98b2cb405d1fce6066da7ddaf09d45cbbb05ac3ac4da
100mb,Cat,Cat/1748.jpg,21423,fc87441e23918a1160e05ec2d8c81d3527e74a8c29bd5f2fdd54e33009d5f23b
100mb,Dog,Dog/1501.jpg,16872,99201a14f4efaaef38f989c7b38d8374e39891ed0a99545c328ccef88c2dfa49
100mb,Cat,Cat/5421.jpg,43769,168dfd440b3e74983e18a945d42f140702bd3b6d336343efc40fc1b017b2e2ac
100mb,Dog,Dog/10683.jpg,20009,a295fb5b398c43d3f9f6032e11e846c7fe6094ec250b4f44e1dd0fd746f30a1b
100mb,Cat,Cat/10711.jpg,36700,eb6099570b17b9468732786f5d6bd647b8d57532d1b20cd70048f6442a9105a7
100mb,Dog,Dog/1010.jpg,5217,9bfcc83b767589cc74c9e09c927f3e0304dbeec10a6eb454181eda91d8f72f3a
100mb,Cat,Cat/7643.jpg,41210,8c30e870cd08a56c7ad5ca675663cc8c30fcc331caf1dad4dc0dd1f415981208
100mb,Dog,Dog/10177.jpg,46923,f1d79673c4def7801381423cc222bc0984661f65c1d24d3c5b1f09b093ed2e1e
100mb,Cat,Cat/4237.jpg,22249,c4abcd7f875822d0b3afb94c9662679013a580dc9881cfbdc3d17f7f6c74e21c
100mb,Dog,Dog/1522.jpg,225144,e44433e0c09e296679a34bac8af17d10ff2197c677fba72dc7eaa8b0166cd015
100mb,Cat,Cat/5845.jpg,23856,ffcf1bf5fcc345045fbdd78d5c3247cb245e66bac2f8245256c7de24873b6464
100mb,Dog,Dog/7119.jpg,59406,0d63ab081c3f2a3e4020f2943a5c2e4ca12dbd6f23980740dd9be07b41e5ca28
100mb,Cat,Cat/1105.jpg,22505,0455b6b4dc05c7dba605ab88b9d834bd6d4a5dc1a42b8d83ce4799f1066c4dc6
100mb,Dog,Dog/10670.jpg,26682,8a2046e347555cca8321316bcc1faee929dcefee666316091df4b6f4cf2a045f
100mb,Cat,Cat/11962.jpg,31838,856672aef2456d51eb4e831b9a534e91ab81656d3efe84278819336270e5290f
100mb,Dog,Dog/7775.jpg,36776,97615520f3500fd697abfe57d6b779c36de07766013715035e1774d99c64990d
100mb,Cat,Cat/4912.jpg,17304,54fe8bfbce3f676f0aa799af5f89096282e5d1425bfaa7bc4551f990d8906473
100mb,Dog,Dog/6078.jpg,26520,88f9fa6e5d794d0c38c9daab31f29b8b888cb52f96b200389611330fa181caf8
100mb,Cat,Cat/7982.jpg,42992,480bf697485dc8b554afd775d68447c6c90521c1db4610fe7bdb048fdcf0d4b7
100mb,Dog,Dog/2340.jpg,64327,145938fd0098d2771963e2d87a07f591b4d6195e39f00e670017c38033be2132
100mb,Cat,Cat/7735.jpg,10220,b82f5e9bed330a7ac022dead7a978d6dc93d9f42ae3c5287a328f34c3dc25a3c
100mb,Dog,Dog/9360.jpg,30177,9cec8bd229d33e3883398d713e476df2fda16c5b87f85ee839ce5292bd119a90
100mb,Cat,Cat/1809.jpg,18411,ce8e41eaf2ed42541b331f153138abb2cd86fb9226a2d2e39fdccbda0f9c4f6a
100mb,Dog,Dog/1705.jpg,24394,a137910a4addaa37924dcfc404454ffdba502c189f2d0141b571d1f44a001994
100mb,Cat,Cat/5263.jpg,36864,adc75b35b14c90a06930790ea361d17491b333c7efcf58895fd2f0fbca5b115b
100mb,Dog,Dog/2454.jpg,58103,4266e390ed66f86512a4d7e392c0e051cb4eff5dfe8174f3dd4932d8073da1bb
100mb,Cat,Cat/6399.jpg,16372,c53289008442a7b9b7f5b478c419637a890007839bc2f6cc4091e18ba4d0f99c
100mb,Dog,Dog/11809.jpg,23169,17b3350a10b943ce4981e796d16cff3584a1215985f0cf8d52e6dde3515c499f
100mb,Cat,Cat/3836.jpg,29980,2fab06e54f3101629fb7d8eefbfde780bfff4d06707eb6d4a6e16cba58d770e7
100mb,Dog,Dog/5925.jpg,32844,93abe5dd71e8cdcc187641d2ba26115a08a21dfe5858284283477b4a5e6ec859
100mb,Cat,Cat/12220.jpg,17668,b574215c94a2dfc83b713922e5471c4adf69fe025016724da1b03dca5a58f967
100mb,Dog,Dog/11401.jpg,34287,5cdf7b80bdb5bf465dc921440bbaf66fa0631c0e3cff8c15b70a2e46a58424a8
100mb,Cat,Cat/3457.jpg,25479,50fe3d659c3f4786e9b5ae8bd39c95acc68d546d84fa64a4709b656ac4aeda8c
100mb,Dog,Dog/9921.jpg,25412,f29b29fb82a8ed164303d14c33c9a2c990f6958066c726ad18506ec49240f59f
100mb,Cat,Cat/1854.jpg,42297,1256b58cda0d947c047ee0c945ba54fe9e2c6fde36ab48ae8906505d4e2df9d6
100mb,Dog,Dog/1638.jpg,16094,7efaa55c75109b5e0fe9fba372f7d495ff108eda9a195bd0ca70ed28d4ab0d8d
100mb,Cat,Cat/3261.jpg,23770,9c5da540ef43f50ce66d7172acf49ff2e4c7f85c6d0166e6dd64529f25e7bcca
100mb,Dog,Dog/3352.jpg,20480,6016b5e675f282b9f64307b1fad456d895240e875a8f8047ac87351be1e75f15
100mb,Cat,Cat/6941.jpg,26824,67db330104cec09c7fdf5b7fca769384b9748e0d0477aa37243a76d54394893d
100mb,Dog,Dog/9993.jpg,29187,a9de29e9c41ae4e7c49eca462f508e06d5419870cdb855dc15852d62b9868fca
100mb,Cat,Cat/11016.jpg,23309,e5917ac9f3317f5b9832c1f963ba7ba48fe4e89f23b0ed9fdefc701bd37b7c16
100mb,Dog,Dog/2716.jpg,15331,c770f0347a0705faea30222b3d2811d236a7346a251aab8bac588075d4140cf3
100mb,Cat,Cat/6188.jpg,28397,55f0bbfc4b3834a08fe65a438fc1b78222df7be394765f35a789a2bec709a91f
100mb,Dog,Dog/11441.jpg,27160,b63ae342f30d81cbd2c9f45bf17b2ecfd45bff996d350be75b6d3e359903fd70
100mb,Cat,Cat/11700.jpg,77855,36fff379a37e540b4d052038f7b464b27b305bd4969b26c0799f07c158e45d68
100mb,Dog,Dog/591.jpg,39230,4e75608ce8a73bb0d902fcd200ad82386fc2fde0bd9a5abf057177b0a0ba8fd2
100mb,Cat,Cat/451.jpg,23301,4c38ad60bbee9246769897d1fa95c6127c5f3e159411e629622314cfbded4fb4
100mb,Dog,Dog/4699.jpg,20031,419cd179c209c2de99dd76e6a6c91f344ec8b643c1b837a6db11a72f2ad1c735
100mb,Cat,Cat/6562.jpg,47051,8c7fe61970d7535e5ae451c07995e8b779a0b9df1e94be298934f1f488790c09
100mb,Dog,Dog/2292.jpg,22707,7413301a241bfadba6049ca5356502ac07cfac10d75f5dad66e8dcb4e970c233
100mb,Cat,Cat/3969.jpg,18749,333d31186055fb30621138863b03763506464b34423fd66b8dd848253747ecea
100mb,Dog,Dog/6626.jpg,46013,5cd65a48ec711e978f931acd2593c064974ece9ec8bef56e7a2d39635e20bd9a
100mb,Cat,Cat/4501.jpg,18769,e95460f2a9bc48d47ebbf889a521babd25dc529e2105f36de7b9f0afa595a7bf
100mb,Dog,Dog/2508.jpg,29156,2d6a2581c2cafd9aa4f4d5d22cff5e1c3ede2629e1cda9efbe79be32f5325075
100mb,Cat,Cat/7552.jpg,9504,fb1fec217bd11f6aa4414f4594ad326b744c01c74604e08677403c66807f413f
100mb,Dog,Dog/12319.jpg,36978,7692d2ab213ebd88e94fc08b5baa35576acd226a4f901d3c280a782879dc56e6
100mb,Cat,Cat/11332.jpg,23146,84243d93bd1824e6bc21cf76c6764842dd1e6d0e4e84855c4fdbcca76a966756
100mb,Dog,Dog/6817.jpg,39129,6d319d9626e1a3a2f9f8324c60d32ff01c2b2911bbfe2bdb02a5f4a80e842176
100mb,Cat,Cat/12453.jpg,14444,05a3e65c4c48a9831645a00aa91ff438c0c85fa30cca5762f2658710846b3234
100mb,Dog,Dog/1423.jpg,31874,2ff4a3579b093c858ebf11d57a8802a436dd75ef532bd5a8c3b7051d8a1f4b2d
100mb,Cat,Cat/12171.jpg,18333,d413dd41b2977a58aeb8c9225ea05f0a8eeca661548a8c7375e33beeefc7153f
100mb,Dog,Dog/10438.jpg,29647,95986a10d57a8e17ac23e17700dc215c7691b483006b87a83e98d870b046e563
100mb,Cat,Cat/9044.jpg,28106,370ff94d7445450b4156f4e6442b1595170b186847cbd279b9f026df6711ed31
100mb,Dog,Dog/1196.jpg,21511,64e0be062c05ce6b67b1370ab3e0afd196cc83ca96239a7f680d1e2c02fc43ae
100mb,Cat,Cat/5393.jpg,59983,952ba43ab0f346b77898dfeb39a5ddf5701d3058fb26254a0f69618debeec5e5
100mb,Dog,Dog/4032.jpg,13684,b8788beab1946699a62b9ca9cd6d69cc1758c01ad34afaa75090f051d7c7f779
100mb,Cat,Cat/4594.jpg,18746,032250d7a1d6e32df020740e5b4e0d5bfd67636f2e0346849d7efb494cfe3518
100mb,Dog,Dog/1868.jpg,29788,4774281b999efb6b5d15927906c1606371576d9d038685350791394c0c1a2523
100mb,Cat,Cat/9946.jpg,28259,c525947646c5d31477d238f2c0b47445623601b59241809285b2285ab5e57c09
100mb,Dog,Dog/8824.jpg,9512,86c639ca40cc903d6f80998ee977201bb3c0fdfd442be3c64ad5757bc90bcc0c
100mb,Cat,Cat/7732.jpg,22834,46f407f8d26d94f6c6dd08a2e15cf3d1649809f18e36ca10feac657d1eca3a35
100mb,Dog,Dog/7877.jpg,29168,ca99af0f3b276d315f6a809e56c06200144d56a605d84e6c241c260f4c3ebbdf
100mb,Cat,Cat/10036.jpg,18358,e8bde6c4659e7f7de1dffcbefcf94d16523d50d959047fa9c5b60ed665f07422
100mb,Dog,Dog/425.jpg,4224,b0b74f038d3002ac2f67db7ea1f66c934d7c4a6d85c21a0317fcfbb827b5d923
100mb,Cat,Cat/1170.jpg,25728,7d34e8e97619c545829777475bfbd316e4eb70bbab22c8a6910b5b700b1beb41
100mb,Dog,Dog/746.jpg,31176,4cac07d6db5cca6186a6428511d4678ffeb5b52813b594bea9548394e22dcb4c
100mb,Cat,Cat/5636.jpg,20930,cf322682ecfba598e4994d9e45afb6e238c4dba07ba0783652f8c468ebce258e
100mb,Dog,Dog/12117.jpg,58375,4fb56cd6f0afd4b9b17d7bece094a55b91153fd8803be2e9690f3ff5c1c3301b
100mb,Cat,Cat/8540.jpg,22763,6e1d0c67ce9fab63880d7258d3377a193c944b6b8ad24f799f90c9c7c1a01250
100mb,Dog,Dog/4304.jpg,23174,3ba371941203864dc3f076db4ef5da035de5bab332a3ae794cb23cea52708f28
100mb,Cat,Cat/6162.jpg,19719,cf9607fb71680527bc63c42f6a0511c38a1f7a7be228f246f6335d972a433183
100mb,Dog,Dog/5049.jpg,32725,0cca2fd9b8f47cbcd81c1a381507c12969046addd356e78e223ef524a724bd81
100mb,Cat,Cat/5828.jpg,26177,fcfb8d86cc053bd0dea075d3d06ac0071c9f7eda2958500df80e4788a8421582
100mb,Dog,Dog/9660.jpg,19809,8584afe37cc68774893179f449db48c267504d2daaa9bb7e5e5d589fafb36c0b
100mb,Cat,Cat/8241.jpg,29126,070b7f2a538bcf67275cb50c115b1854c3ffa81a1db9ec528dac1da935cc5738
100mb,Dog,Dog/4790.jpg,27774,ce24408573c0b4fbbb9e43155c2c00681a553663a31ead6a7eb1bafa76ad94cc
100mb,Cat,Cat/8837.jpg,52242,facedee1e28bb56c03b443356f44af221c0990dcd0b4637697a791a9605736e9
100mb,Dog,Dog/10669.jpg,29807,7f6351e525b7469e8beb04f29c907ba49608c961a795b42ec448c5e72ad01a7d
100mb,Cat,Cat/2818.jpg,11243,e6a5518a3bacc22559ac4676d7574d528ce0e2761096f8713e1686eb69b9321b
100mb,Dog,Dog/3518.jpg,73110,2f54cdc6e240f37cdf2c0851108212a44f65781afc4bf903fc659eb1ea0ef890
100mb,Cat,Cat/3917.jpg,137800,c0c4cd1cb8819bf9a00ec98f6080450fc6bef1901bc12da1262b5cd05bca8fd2
100mb,Dog,Dog/11721.jpg,24729,38b02334e8865a2eb5432b22cbbbb264c87737a05704f6420039149535694165
100mb,Cat,Cat/4243.jpg,41252,4923499a5691356dcc4c7f30ab97f5ac976a55b5f4a2c989705b37c719b40916
100mb,Dog,Dog/5130.jpg,22451,ba424b3168477caec16a1265c18d5bb6e64ecc04154630ed06295346b4f28a11
100mb,Cat,Cat/325.jpg,15058,81dd15289963233cd8fafe8b2783e03a9e6143038f915890afbb2b0d72c8b317
100mb,Dog,Dog/6858.jpg,8098,1b1245930d01bff6510b80d95df116e8f8f4fa1a94946b73ac60d178d25b7801
100mb,Cat,Cat/6929.jpg,28939,77814801e0d3e5fefe6bb1af6eae2448471cd68960aeb3dc7a80188ebc14cc74
100mb,Dog,Dog/8993.jpg,14909,2947a913937baea261a73d0682d8607a7d24af1412012ed5ea7863ec3a2c53e6
100mb,Cat,Cat/1001.jpg,23764,f8c8a16a7d40555796b84a3712abf2e7326cd0e100ffe32135696fae5f8ee78f
100mb,Dog,Dog/5842.jpg,30454,8a49a00cef20fb69f0bd4bee546f1fedde11ce2da68f43b9960b20818f0ef0a9
100mb,Cat,Cat/11905.jpg,31774,db0b6dd5938facb14947458e38ef01c911f19ee8d39dbbbe3f68fb905e8bb669
100mb,Dog,Dog/2586.jpg,29290,39fa95b39fc64380296f407e4dce1abd649749a166a08ea9f6c31516c9ee590e
100mb,Cat,Cat/5722.jpg,39871,83ae2d6b6f57697199540eae9cbf3c9426f3482a3d99003d28ad5c2690ba5e05
100mb,Dog,Dog/11701.jpg,6555,386163ef300a7a2dcb2e155ee199420b9696184bfcd11a96a673a7ad3f63d2e4
100mb,Cat,Cat/4949.jpg,29399,f551b6fa21c6c12efb6f9affc7587ac41d6731bd098641e766c4e61518df620f
100mb,Dog,Dog/9709.jpg,21770,9affc5472502ba1dd236d7b9d45da67a3ab73bedf4cc7f7d415928755df4d7c2
100mb,Cat,Cat/5967.jpg,31717,6e465d0399600beff90d19cf279ebbe031d2478dbc06a00bfcac504f8b9e7d66
100mb,Dog,Dog/10823.jpg,34967,e6eefe70d5f5c1e4abdc2bd930654148d0bd248b7b501a3146797328476f14c9
100mb,Cat,Cat/7507.jpg,29110,ed9980a50287b9435098e946f8ed4bec7a4a9b1cd4de360e7949f972cf1e4d9b
100mb,Dog,Dog/1417.jpg,12929,20c9f52025e516df936cb68c8340a50b064fbfbebe0ca633eeb1459283863f93
100mb,Cat,Cat/7132.jpg,6578,ae0b3cacab51bb1761fbd5192bcc7430b67ca3357fb08a5f54e0f2df8de4c09d
100mb,Dog,Dog/3615.jpg,36806,534c94582404204ade3462a636366fabb251a047ed30082797abaa6ed5fa5e4b
100mb,Cat,Cat/2416.jpg,26733,00036f708970307fb97c446824c1e8094a41f98a401782081964db2c7a0c844b
100mb,Dog,Dog/5364.jpg,43786,b10cedc7e33d480568f9034a428b611fbdec38e1d4aba79ef864ca08f709536a
100mb,Cat,Cat/4130.jpg,27998,03857e6408df15a2eaa0487c57ff9fe2b825c7c7eb3fd4132d2709d3c7226b58
100mb,Dog,Dog/9238.jpg,30979,557bd95c60ea5c93a909130f9e496b8d8b3d804370cd4590a6d17fc3d7e5b45d
100mb,Cat,Cat/3536.jpg,35996,ad8589d6e136eae42e751f007f99ae9a14646523bce223ac6fd9002b69e42309
100mb,Dog,Dog/11375.jpg,23036,1384f7df9727e5a58ba8e1d5438bc8202f544aa5be310593dc3712bc5d4b8cbf
100mb,Cat,Cat/5566.jpg,21596,3f4a5a9760f2bd313c11100002b1d4b042172bf9cb4fd9a97c995301947a37d4
100mb,Dog,Dog/439.jpg,30191,0d7d2a4e9866c4646c21439a876ae92d3da950b1bb2e44cd8a9e862887eb3cce
100mb,Cat,Cat/6499.jpg,23634,bc19545d90e45a47bdd98d1fa28d9e2920558218ff082d46da4553a4d73c965c
100mb,Dog,Dog/1681.jpg,39040,552d262f2d2ab0ffaf0d5cffc799e0611b0b6a8c3d6fd667e03ffc8ff6675cf6
100mb,Cat,Cat/10885.jpg,133345,b3d1f552f32440fdcb2cff80e6236ee45ce3bea2940175d7e67bd62bf8ee0a01
100mb,Dog,Dog/4214.jpg,27069,e9e03159a8ed2ffdcfab8eadf6d0636f2267b29877849b176cecd2a438ea5a6c
100mb,Cat,Cat/3698.jpg,192541,3052751483b10e8f430ddedacb6056cdedd53560d451f9b05a7edd6e1660a8e4
100mb,Dog,Dog/11018.jpg,31042,22fa08b2754a1039ef42523f93924a20fc0d7bf6d914e4cda13b0bed49fdcac1
100mb,Cat,Cat/8568.jpg,25334,aa6810d29a5ef4b455ac659893671183359a1d578b0c22c1e323892159b2f701
100mb,Dog,Dog/9087.jpg,3161,975d4bb68b281f45723d0dc8532c7b8b25c261ab35864bb01c911a864a0ab313
100mb,Cat,Cat/8213.jpg,84080,ba12f91819da4530c5787d2e359b10995437fecddfa228c0620755d3865e23c9
100mb,Dog,Dog/10415.jpg,19991,f7c3af2f71596321b42dca814f9274fb72e1356fc51dc07ec0baad739cf788b5
100mb,Cat,Cat/5007.jpg,26512,690de3b6080c63b92c1cbfcceee62eb8d9d7694f787e8127f57f0cc2d16878e7
100mb,Dog,Dog/9852.jpg,24478,d06b5b25ed23dc68ea6566e533b01d46c9e8f8a9c8275cbb84f8e8d512185cf4
100mb,Cat,Cat/583.jpg,31380,51d952c095dc1a3c4251c36da1c539115ba9163a358ec32ba729ec1d2631a6dd
100mb,Dog,Dog/4975.jpg,10001,f3ee0fe207ed486e27e63bf7125d1764d0aa2682c68eec2de80e65b2a09e80c5
100mb,Cat,Cat/4492.jpg,23772,b6d5d712910b0d6831042b7cc3d2c30379c9226c66d75af157dc67237a285eb6
100mb,Dog,Dog/4817.jpg,35403,7b303a8d764ffb765487d1d812898d4e17709739ad4738b95aa73ebf908b15dd
100mb,Cat,Cat/7287.jpg,26235,cab8216595502534da9d35b0b2842f1405ae25b2152119db9f9481a79b129eb4
100mb,Dog,Dog/3090.jpg,27091,a8c0133e93c14321128ca8bb51ae08eb0d46f6c1c67110e55add89d1955dfb29
100mb,Cat,Cat/2412.jpg,38516,d82f85ed33286e4ea98a660ff5cf53b4c49e915812c9f5a2a9c51ed35d7db2b2
100mb,Dog,Dog/6783.jpg,28444,d0b61b008c408c193e260ed549490c4073bae2b8adf26fb34cf8cca2d244fe15
100mb,Cat,Cat/8705.jpg,16864,90f84629337f1992521d3d4994e60d61709a36d1ad5a5fa86c06be29200935cf
100mb,Dog,Dog/6688.jpg,27080,150427c851aa0d44f959a164c4522791c480e41b75dc5eddd76a05beb0eb6196
100mb,Cat,Cat/11658.jpg,24204,aac2f21fe8cb22d033bbd6eee37fe9c1673a1133b8f19cc8a0d385d1bef536ea
100mb,Dog,Dog/4534.jpg,17409,6c3cf50e3b42277087077ac0b74d467982b07c6e5ccd1bb097fc0abbbda7dcc0
100mb,Cat,Cat/7445.jpg,17463,96e9c56529aeeccf3c405963d4525b61c83e6371da531c734978e6dcb90f9ff1
100mb,Dog,Dog/1988.jpg,26080,587d75a9fce76c964f44a9313b71756538e566cae22aecccda8447619f942f43
100mb,Cat,Cat/1476.jpg,28115,5c4d78022fd542803cf37af67f158961c3f8c219af1bf47fb8ddc77dbd92a517
100mb,Dog,Dog/6879.jpg,24409,c4c61b44f45d95058d6c7dd17e53bede946350c95c79a5b3599058ce462c4197
100mb,Cat,Cat/3030.jpg,27814,4dd54182395e13b5b0c2237383a85ee78e48e6dafd8390ded499af777e976392
100mb,Dog,Dog/6934.jpg,54138,4edc6ccf9c6cf6f1f62c20b14cacd27bee2a85e1007e9d21b1a2b1ab332f1ba6
100mb,Cat,Cat/12499.jpg,155083,09d4543d4b91aa4126864e358907307933fb368dff930d512c0d73ed2a99dd88
100mb,Dog,Dog/9100.jpg,32233,ae594e66d54c05b4b4df65ea13e6e0b036ad1755123db6212bbc14a1aa61e141
100mb,Cat,Cat/10294.jpg,65587,8c9b16c2818264fa2f0e583bfe6ef9b62845ff2f9ed82c8a20769dfcd2287884
100mb,Dog,Dog/4561.jpg,59004,9347017e9292b7dbba5f2bcce785d47f68846c4c8783422d32755e8c7bfc69e6
100mb,Cat,Cat/8216.jpg,25949,cd61c68b2a8baf958d0dc06364c13ec9042913d46f310948bc6331edabd6fdbe
100mb,Dog,Dog/5368.jpg,25424,eda520b1274e26db7cca1a48e19a6577f6c020ed915c8f4459649e7be456ecfb
100mb,Cat,Cat/7477.jpg,223239,13b07db24a600241152da89c026bccf68b1fd4dc14ed32818ba177b3a25967cc
100mb,Dog,Dog/11926.jpg,66557,fce653b4fd28a3a2f768ce5c86408d3da0eef6badd9a64ab5ab32a0d66bb91f9
100mb,Cat,Cat/10825.jpg,25873,e6d1faea09428896a9dd31b813a61692829cec9c585799f6950749e082162fcf
100mb,Dog,Dog/6912.jpg,43095,34a954a4e0d6a3686bdcbfa53ecaff8b1b94e0656eeefbd16261817a26e10c0f
100mb,Cat,Cat/7203.jpg,7050,b9fe0f2595095fb1759d7c9d5ae9a08c53a2c442cbfa9b6824a653861e40a64e
100mb,Dog,Dog/8155.jpg,58963,089047dc8dcdbf8bd58e31c91c5e6e424a8cef7a644c5623539500777539ba6d
100mb,Cat,Cat/11147.jpg,19875,3d08146b2bf91c3534fe2e71bc364361b20b109f020200098d5ce466117adcf9
100mb,Dog,Dog/8604.jpg,20480,8349cbdc6a89f3c8529c3f183190e23b27ac91504c43a99600a226500320d4c9
100mb,Cat,Cat/7647.jpg,295866,e8d35b28d31a4ab48cbe47c05ecba588ba643e8c253f73179cce3bc95601f4ec
100mb,Dog,Dog/4734.jpg,27503,0007efec0916ad49858cdfbc6a9e9c892c895e81d3b89398940c491c84925940
100mb,Cat,Cat/9250.jpg,20571,1c117ab2ebf9303905933397978002d4c45ac60691168410cf6e30c881e9eac4
100mb,Dog,Dog/4609.jpg,29597,982daf006da3c34a7c0adc76166fb501b529dbc2c566c995cd9736ae447f30af
100mb,Cat,Cat/8663.jpg,13437,f9ed53f3de85c55788872d7d11a0ef9f607af4e82b789c1496234e437cc6b2ab
100mb,Dog,Dog/8209.jpg,30010,ea9547cd076b3eac98872ee7819abca364368b0a29cedebe633ad58934258c12
100mb,Cat,Cat/6447.jpg,19194,4db74ed40244044580435379cbff652c32fdb30fec67d2f28dc7c7bd780671c3
100mb,Dog,Dog/3272.jpg,77276,f5d48c6dc06b088c30c7b62ec594eb7b0ab5efc91615662c15d41bf9ecfbbc1c
100mb,Cat,Cat/2523.jpg,13453,69b6385b1dc604877b00b54472c04b18483dae4c97880a404b59965239137eb7
100mb,Dog,Dog/6665.jpg,34024,62e01a63e702e59481415a4dcf6887e9f73d1a557a335364b82a58fa4500344c
100mb,Cat,Cat/6548.jpg,9996,95dcc5921a3b5febb1b78411df5b4513ee8e666f2279108eac85dfc4e7bc1016
100mb,Dog,Dog/332.jpg,17769,db9a5eeb5829498fde25b4b0b33708d99a6824c6a80a80ca390c101038e30f99
100mb,Cat,Cat/9949.jpg,30569,b32958710eb29134277a971c38639319a64ecaff8659a7def58b66126218dcd6
100mb,Dog,Dog/10763.jpg,34624,40ee6883837c427be26f193a5c85d471feb594288d87ab778971bdfed61f6e1d
100mb,Cat,Cat/2943.jpg,13546,ce01a9ae7ee40b6942bbe17b14ded208f439e43194d606ef4abcfaf9e134df0e
100mb,Dog,Dog/3581.jpg,22217,66be3697f8a894ff1681caf9bd9716e954bc0c971532db687b44868f3c49d00c
100mb,Cat,Cat/8202.jpg,62611,0f14a9e15ec00a7a4c197d651c17f14d50b50c372e27470920bda88fb24267f2
100mb,Dog,Dog/5646.jpg,7114,cde094f42b26e7cc316c6ddcc293873bbb15b3a523210d11d1792f60f56179cc
100mb,Cat,Cat/6344.jpg,16713,66d279de66be070cc332ef9f7754cb50d9dcfe98bac88f75526576c10bd61f70
100mb,Dog,Dog/8823.jpg,13480,810ae85793769fae275c3c9ee7af962db66789d5902d7027a88005f84c3a056c
100mb,Cat,Cat/2675.jpg,22863,1260de21baec6d75a29d861aa0fd5a0c03f6950f9e211b83e02757d6db8f9e55
100mb,Dog,Dog/8517.jpg,22131,0b4205fc673c2268cddd928b9a9df1ff443f345d55a6f270c7b3721f03473538
100mb,Cat,Cat/1365.jpg,14882,8499d35df0918ea8dc67c8e7538a7c5976ad67257ab6dee8573076d800fcd906
100mb,Dog,Dog/7868.jpg,82845,12db7bc04072e5ac4aee6711e3fa007d97a4c250e635556222165ed7c87e857c
100mb,Cat,Cat/9144.jpg,12275,387bbd5ec6c9ab1cd677620c9c0c08d8d40ee8a961678098dcd22e3f74d28a2d
100mb,Dog,Dog/1594.jpg,48860,787371070f346fe50dd4a94e0623e3a02b9440e002c20c815e7449d7146b1bc9
100mb,Cat,Cat/3253.jpg,14814,6bc884be155e9b4628f6f3c5c9ae5d3ab1ca9c4d487e8eedddafa6044c8ada86
100mb,Dog,Dog/5479.jpg,28420,a5f75d3dae0393c2d2c53f1edcaa24c0f148acd05ffab3f20dac693494f16b41
100mb,Cat,Cat/6673.jpg,20551,4cc20e8442894d33d3d045bd87b62a14e7b7e3071d586eb7ec9341efadb535c6
100mb,Dog,Dog/4518.jpg,34681,41e93ec941766b93431d89446665a51cc33ad697ba2534a0c99da5f28f649459
100mb,Cat,Cat/11203.jpg,23990,d28213d8f3a00e12f367cae0c11bc2af5724e7d69dab42a42a52c22009727b15
100mb,Dog,Dog/8757.jpg,52967,2bf571f130bd4bafa484caf402413fb9a9cd247e8efe4272e1a2ca4ee7fc7ddd
100mb,Cat,Cat/8063.jpg,15513,12bafc63ccd5d52f5178613db24b744c159646428a80e97bd7a4c699d10e0ce4
100mb,Dog,Dog/10096.jpg,41027,97a2b8570d9ddb01dfae391162ed9745776173f781bc910f81ae124f5a2b4d43
100mb,Cat,Cat/2590.jpg,21957,6e360a766b3a046a0c8ad44664cfbbad4d7b19e84b7c4d3ca611f7063d9f34f7
100mb,Dog,Dog/5591.jpg,30277,1e2297f4a4ed289f43e5b8626bec1f33c3ad2052bb44d3d3124dcd980b2c0bb5
100mb,Cat,Cat/7139.jpg,30062,436fe6902bb4acf17ed22054f4a76bf4f0b20e8a73fb82497901f1e05df957ba
100mb,Dog,Dog/1327.jpg,23214,b618942b56903d7f4296f6511a1efa13ddb2d151e2a723ee04ec623e9fd08a4d
100mb,Cat,Cat/3902.jpg,30718,e5a389e9c0bb8eef8e4713f47bc858483f5bd155ac4f585b706fccdf5d6ba16f
100mb,Dog,Dog/1135.jpg,38400,0f37d6b9e09eb1a2933ceb7716b32cca397bd994a08921b9d9537e50b9b0e890
100mb,Cat,Cat/7091.jpg,42836,644d03cf7a341274c4121449b5f77edf832a7408e1a0848902600ad38dd2c996
100mb,Dog,Dog/2971.jpg,16573,592d1e080227b4b2814087425bff19ef4efcf61b534dfa587cdbd26620d53dea
100mb,Cat,Cat/11569.jpg,31069,253f4200487fabf90631c7737aa8fa3d48b9b6e798d261459c8ab6dca9bd2fc6
100mb,Dog,Dog/10524.jpg,22299,433648a0e0d52815c813535ecb54af4a7cab0d4e200cfef27bd494ab4efcb95a
100mb,Cat,Cat/7173.jpg,46907,06ca8c88511e9275ee920617b359d5ca0febe906df0d36f9587ff9a0bc6bfe65
100mb,Dog,Dog/2957.jpg,31867,339a53ae38ad58954de26cfd162892d82a9c40992a73dc01d41dff1a6e1c1cc6
100mb,Cat,Cat/12301.jpg,32881,7c2322f65f53f9fdb1725be9a849c6bd5b0aa86f15d08f34572da686770b9a0d
100mb,Dog,Dog/2671.jpg,32897,bd4a22560e930d6d04bc2aba655af7b913dd4b2f93f98ec9f088118807bf848c
100mb,Cat,Cat/79.jpg,27510,bc408291aa6eb124a99b9069ed73e86e17a39e5a7d9d6c18d167c6cc9c2ecd7a
100mb,Dog,Dog/3987.jpg,40925,08a47017869b7b2dff2895a29d6d53ef92f36922b64279b3382a9f8eeaa600a3
100mb,Cat,Cat/1461.jpg,8988,c7e76e6ee61547d9e9f4da8212a7fb4241fa7d2fdecbd3a480b1f47612328361
100mb,Dog,Dog/7948.jpg,138803,74e62f4f0df5022f29a42b12a2fcb5fc318d4d887cb79141edf0987bf60cfdc3
100mb,Cat,Cat/8134.jpg,19541,d1c6354479970336f17ee272a24df906ff824226bf61eee2711e310dae08904a
100mb,Dog,Dog/80.jpg,51552,a27a2760de8563d860e92c25e9cf4471cb02003a66f6d8b6c8c8f4eb304cf8ea
100mb,Cat,Cat/9634.jpg,21911,c0b89cde3b9e3fec9a45c5bc2267a2673a9e2584cfc464585f704dfc33067943
100mb,Dog,Dog/10110.jpg,45438,e2111bd51520926de881040b35916bae007b24b28e436d57f70ef10d4fe4fd43
100mb,Cat,Cat/6178.jpg,59202,9ce268e121959a03470949916d21d5227effb4b4a6ee94c156e8aa970c9cc9e3
100mb,Dog,Dog/3676.jpg,45273,e7e9e62b2b2dac2d0a389e0d05cd601dd4a5d91f3738c35afdbf479f13605779
100mb,Cat,Cat/6252.jpg,26562,fe2b43facd097e811af72ab054790db8ec840ecf47f94c18b8352bcfa2b0b809
100mb,Dog,Dog/8616.jpg,27055,8d37a28d13795e077c8bf093b9dca15067b5f37f0f50fe7d8c3d1d00d99dbb67
100mb,Cat,Cat/2805.jpg,19074,583a3e04856472be73e45f4b8558d410c6fa46f19e05c6995cc78e99b8db328b
100mb,Dog,Dog/9432.jpg,30142,a908da55d6c4664a8960cd95ea62ef5065737e876fb6eaa4f4e8c0acf7688164
100mb,Cat,Cat/10045.jpg,24818,4132401f6d312e41fd88c5d6a71bf18e0de4bc5a45e6724138d47c1fd78fccc4
100mb,Dog,Dog/5755.jpg,23829,9d940a91dde43693f97c2f68607c4273a9f5da69bc0cb0cb224e2fdf22324a52
100mb,Cat,Cat/4822.jpg,66923,ddd0420b29385479a392785ea6e266916632a4e451c884a5411586691c63ad65
100mb,Dog,Dog/4096.jpg,35959,63ff355407277798acb74860c2cc83fd9dfadc32cc5524e2d73d3908157b07ff
100mb,Cat,Cat/3447.jpg,25081,c20bdd2e7b750d5e44a68b28c8ebdd7670b055ae7910c228745af51d83cf6b3c
100mb,Dog,Dog/8860.jpg,37114,96c2bdeccc01739f0ba14be9b880b1c0392a73399cfbfb6e9cffe83d57ecdc6a
100mb,Cat,Cat/6816.jpg,21099,48de022c712944056fe79d507e60fe1092627125ce08926e0e4ae8688def25d4
100mb,Dog,Dog/9984.jpg,21965,0fc61d6fccdce53ce3ce3873cda87ee8d000834482971a82aa0c8af13fe8e2c4
100mb,Cat,Cat/7558.jpg,21718,f5e3d5baf4da186e793c0eccd25d243c5ee280776857bf9fa9c7953dc4128da3
100mb,Dog,Dog/3902.jpg,17553,a14e62f021d3eca7e5a8ca00aefcb054dbd63a719df86e4884f8b3851eb2e04b
100mb,Cat,Cat/10277.jpg,24333,be12127a6bfe39243ad0684e245b517357723fa7c67f53b9915d79aaeb9f75b1
100mb,Dog,Dog/4132.jpg,28161,4926bf6c0b1d27ee036394080c1a38d305ec55d8914d90846eb15a1f37bccc9e
100mb,Cat,Cat/3664.jpg,79118,4c46238ac9aafade29713f8d872d62796120bd58a1e9cee782cba6a9e2697e6c
100mb,Dog,Dog/9840.jpg,36809,5dee0b0258a947e4f5747ea068e0c4aa27564f8923ee3169fd6a5c18cc9271fe
100mb,Cat,Cat/1716.jpg,34709,b5c4aa55389ca94942919843114de2cee823cd517f4d9fcb2976542573c597f4
100mb,Dog,Dog/6098.jpg,69664,166d7698d2be73a662b1bb4d4fa6589fa99382a759652d3ea985fd4e59878339
100mb,Cat,Cat/8275.jpg,10749,435fb0f7fc7655425db3cae13defc84c69e192955dd48e17179713ec96609a19
100mb,Dog,Dog/5180.jpg,39693,41380446c6d333d6e100c1ef525777fe16689804bfeb61ddeb5ee992e1858bad
100mb,Cat,Cat/2419.jpg,24196,f084454a99e5f5ce36c8ae599af3250cd6fdb9cb9e5d46daaaf0206c2aeecf36
100mb,Dog,Dog/11538.jpg,44262,50167c60ce87209d63b5a5ccc9307744527ed915eeebadf09879526e367fc8ef
100mb,Cat,Cat/6711.jpg,33767,17ae40dee9a90fa8e6a394034c2ab4a1abc83da3d113dd791ac15eaaf0b971f2
100mb,Dog,Dog/4943.jpg,20873,38816678f357b8bf72f9f48244628222d5e8dee642966b1dee9da4e9b3727423
100mb,Cat,Cat/1430.jpg,23790,6280d127b292bf5223d04f1ec2f69ed4b008974221fe80bbd4aadeac0be8f3bc
100mb,Dog,Dog/4667.jpg,21546,a524490c69773a159d07a6dea2b449eb5cc120b3264abb5ecd24c9c1b74a5e3b
100mb,Cat,Cat/11637.jpg,31226,6fa462dd5105e156e1aa54476c598d9c3f321e37bbfa5971e676a93b44abdb19
100mb,Dog,Dog/8259.jpg,27637,85c26eda098b9083c5aec58c85343a00d643c5335ad6d62aab1d2f84c48ddf29
100mb,Cat,Cat/5761.jpg,4669,9a9d6a690bf9d5398496e072e52b77eb563f4bd9b71a3f39c7fc34bbcd51302c
100mb,Dog,Dog/2136.jpg,133692,e1878f540922d89a8c9dd2fa80b52be64ffb014c64a73046f91ac749d33aff61
100mb,Cat,Cat/2397.jpg,12727,5fd5f0e88fb6813d3244db8bde8b3fddb1c78cc77eef9defd8652a147273e9d7
100mb,Dog,Dog/703.jpg,34202,4b74acf1bea3018d2b631264fb18318ef19f82c2f07fbbc5543796c89176a732
100mb,Cat,Cat/2757.jpg,22024,63a17a9db5f12006b0c9406eb29da477f1f60a005eb29896c08fd982364ab379
100mb,Dog,Dog/1580.jpg,37488,15d5a2710cad3340c0e7f69e7a65df29bcae0311a6ad7cfe9a335ebed812d57e
100mb,Cat,Cat/3226.jpg,12847,cbbb0de41f2f92d06a5c6c54191cdce4e13834a062733d70428c00c529c870c1
100mb,Dog,Dog/4625.jpg,30867,baa468b53b7c373444c96d97e5590dc8b0de5ba1f58e1b9ca3be5d894ebc12f6
100mb,Cat,Cat/2760.jpg,18568,90f96344333ac67100e77bbc2676d933ea58e9eb6b64c27eaf617151a5f2a716
100mb,Dog,Dog/10131.jpg,35430,dc81c44db6cf8b25ef4265ba7ba8cc9ca93cc3521a04bdf2fbc82108dcc4c719
100mb,Cat,Cat/1735.jpg,16156,657ae8c5a176e7f7f5e6890482148e42f259418068569b91a44bd8e1ab83593f
100mb,Dog,Dog/2252.jpg,75515,a9c27730637576ff1bf1b50cad16b89979a8f21b6a2ae2c3c8d6ac1aeae76bfe
100mb,Cat,Cat/7816.jpg,22276,db7a1260d987edb6289be742900a5cf6f1e81a132ffc330d172d4d65a1f62597
100mb,Dog,Dog/5538.jpg,10234,af7241f43914ee94b73745958074fc439fb4aba023c40f1e98ee690908cf0939
100mb,Cat,Cat/5719.jpg,70291,bc1295fb5823da053ee93d61f1e475d66e0477dbb232bcfa862b4a67fb45455e
100mb,Dog,Dog/7826.jpg,26091,4eebbb505fc1810aef6462e949d203d11c9587476ed361fc5c2db6344b6b3aa7
100mb,Cat,Cat/7788.jpg,26360,6ca0a4b88470a6bfcacb9145a66e2a9e4dfdbb565c3c2336ab89d4f75ce2845a
100mb,Dog,Dog/1528.jpg,28874,221d39857cf44bcf1de77e551f47a0236ec3639e8754a88b65670eaaf6501e43
100mb,Cat,Cat/367.jpg,22023,b046917aabddf192fb3092f708fc56596d6889572e9e0604e2a23fcc829225d8
100mb,Dog,Dog/5922.jpg,27912,e981f6f7107e084e502522a60be63cc374d59fef48008eac400fb751a4d5c266
100mb,Cat,Cat/4588.jpg,24729,93575b6e922a0c20686826d71ec5c14b27e410388b042e2a572b351ebfd7c711
100mb,Dog,Dog/2839.jpg,26693,025f908e13ccefba2725638dc5e793c2b4815b5532e4b5a7c7f07ee5a1f93384
100mb,Cat,Cat/1218.jpg,44812,31fd7211deb4c95be8e2fd5c3ce57b4773574c30a823f64b0886ab153739e896
100mb,Dog,Dog/4777.jpg,3676,befa21bdd0ce45c6ba666d30379f10b1227fe78ece8dddf0bb33a90c36a40527
100mb,Cat,Cat/1402.jpg,71265,b366ac534ba0ea691d740ef6777d795b0509c6c8be6916cf0b6c944ea1dc6511
100mb,Dog,Dog/3632.jpg,23621,c7e81bbd440c2456fe80d9e9c3d50cc5c3a85343b14f743629120a2e2226e9b6
100mb,Cat,Cat/12321.jpg,31011,c1eb97a5bbcb4c2925c72c9d07981436b2436dda5cc378ae685fb48a458f9d3b
100mb,Dog,Dog/11221.jpg,3235,2394c37fa8dc9c9acde0c63bda87163b372d33c7bca22059aa17c190f10a4c4f
100mb,Cat,Cat/1117.jpg,17739,2392984f9429cc9202468b20683a0376da54eb363e141cb7080919ff5d22d906
100mb,Dog,Dog/6254.jpg,4171,6f56f323b18504e33a517b0058d6be4a2b4dcba8ccdda74a8d2ff1f85406d1a5
100mb,Cat,Cat/2766.jpg,135721,ce8f501b92993e497f29aeb47565acca192e9e15e61e644803b76c4452a40de2
100mb,Dog,Dog/7121.jpg,8000,6474ac1bc9251812bb6d2f3f468d5624104791661c3ff1ebe025e8a2ffdbfece
100mb,Cat,Cat/6899.jpg,31974,35f5cca2a7dd9d8552867200c7c12903aab10ad3fbc0faeb6dec8d26ef8cd4c8
100mb,Dog,Dog/1347.jpg,37807,d62f7979ecef466205d1a8d9823c1f2052308b4ade7def94c46a3173e5c35504
100mb,Cat,Cat/8395.jpg,27957,89448eba3e1497628c655672b321a83c09d492ee1a29f12d79bb3b4de94b63d0
100mb,Dog,Dog/7979.jpg,31641,28187ddca8b767f8575f3a3af9cb4a6fea717910b4b709ce69599048c79ca0d1
100mb,Cat,Cat/3654.jpg,36025,19ac16f7e330b35bca12c6ae7e626c32e0d7f60621b3f7cc06b4df517f8ee370
100mb,Dog,Dog/7910.jpg,26964,c6029eccebae1f5d46a23ea6ce0fd14033a71a471a742a14362ca7bedd955937
100mb,Cat,Cat/8312.jpg,33484,939d5a8d1d40b056e5fcf3680d0958c2448447d47b4113851e7af266876ba7ea
100mb,Dog,Dog/8831.jpg,26189,5bd31545ebf0c79c3ffc40938b7716ff8fc4b1d4f062aee45d57f8b5dbd56ad5
100mb,Cat,Cat/5449.jpg,17818,0d7b121cd5f6d3f0fde1cafaabfc0bf92ff342e866f6b3b96157f89268448a77
100mb,Dog,Dog/6587.jpg,25174,c476d310de96dd1a7fc409d8a8f6aba301a585c79d2fef819f38e2dfe0df7afd
100mb,Cat,Cat/1665.jpg,22690,ab1d4906869a87eeddef6ca88f3ba059ac0f8b7a4c232a8c87aafc7155b92e2f
100mb,Dog,Dog/11737.jpg,35753,df9062c0affb7964095560697c2080e08f5290ad587f532a677939fe2696fcb5
100mb,Cat,Cat/558.jpg,19678,0b189cb99e6bee8c7bc6dcc039f674227de87790359dc82ef4a993e324963252
100mb,Dog,Dog/1929.jpg,15397,91be6dd791f1c13b880bc649226013b331a1c6babc3f2e7152e4d882e43c36db
100mb,Cat,Cat/8512.jpg,25960,eb2af76ce886fb6769cac87478e9dc4c844e63250925db148becf90f783e03df
100mb,Dog,Dog/11433.jpg,71784,bf93f0a67da88c379cbaf1ddccade4969f22e3d3c49a65f8a6dc0797f473c379
100mb,Cat,Cat/7836.jpg,18080,8e891772ed05af25de42443bde25c2cbb5a43700c71d6dadaa6c941d542bb827
100mb,Dog,Dog/11545.jpg,39580,ae7961d89fba31a5fff011a0c5ba995bc6e8d1c87e90d822130f2f3d65f2e018
100mb,Cat,Cat/4400.jpg,27643,f6c67be9b1a1e1e039c039bd58cdf679e681160db03df1bd9d419b8e008552f7
100mb,Dog,Dog/669.jpg,35153,9163b09da717da053b3725738fe579a89eb316c1e59e9db2badf012ab8433e30
100mb,Cat,Cat/9416.jpg,18890,ee47d0112f9898960a426a66dd315f1863102c09f03c64cd7060d32b20d0a844
100mb,Dog,Dog/3533.jpg,5030,9e7106180860334da0b3c3b1fda1424fe6856a5b2d8e6fcd92a0c4e8d41bd985
100mb,Cat,Cat/10129.jpg,12153,400186cb175d436e094735b05d6ab4a5a5f0123a8b66aca901e0a3f91e5c4c06
100mb,Dog,Dog/635.jpg,20339,53645f81f46e263932131c94120b348f1bb8b7e1c5737fc9386a087fc2f180f9
100mb,Cat,Cat/4886.jpg,45024,d0a0da337bd05bd5cefd0c8d596d5a9c3fadd16a61265499bd442fd967174607
100mb,Dog,Dog/66.jpg,29196,59ab1487a4584b34aefab93d80a4ab005b808b7476eeead17554fb585aa1e587
100mb,Cat,Cat/1154.jpg,19470,43035a13906ae3dca367aa9c002d14544a9a3071c7d3dbc5efb115b23e16ac12
100mb,Dog,Dog/10933.jpg,222037,4107f5ff8b71585034f58f1235b4b330f41080d7dfa606f812fd6acbd3896859
100mb,Cat,Cat/6642.jpg,11759,e6aeec75341e90f1a36aab2809c38184374f2d9c13e1b79c5156c7a4d78941b4
100mb,Dog,Dog/9547.jpg,11352,97bcc7465fa9e814e7893c82807c038cb2034ba9af7165056930cbbf69b5fd45
100mb,Cat,Cat/11773.jpg,19733,68c27af4d4fe35d53dc876dcb46f00583b36412f556aabcd4bea11f15cbe7e09
100mb,Dog,Dog/6881.jpg,26177,c4a8dc23d01c08396699b9275bc26fffc486a9be72d056b9766701eb77bf3bd4
100mb,Cat,Cat/6079.jpg,64554,d17ff7cde2dc4fb9cf10a68463170e19d6270ade7f98ab4ab9177e3c98025ad6
100mb,Dog,Dog/6421.jpg,56456,406bf9e203af237923e5ac1dcef17d64e0980bc95dbe9a061ee4f8f9c4f0f7f3
100mb,Cat,Cat/3135.jpg,50578,2f93f376e7bdc46b78fcc734d4bd7127197d03fd42e8cde027d68ccbe0a50b9e
100mb,Dog,Dog/10346.jpg,53728,d42a8c0b74a45cf05082a2644727886310a61f12ce5929c6355c55b4da4073e8
100mb,Cat,Cat/806.jpg,44182,6227fbc8ba7deb0a04c69562617690eaa8ea160533f17b84848d5224fcc12d30
100mb,Dog,Dog/3661.jpg,75095,87d0ae9ed7cd4c63c55540baf3725fbaa84f9ff5bf6f6af8074f36e297d7fd5f
100mb,Cat,Cat/4950.jpg,13656,b8084d514733f5513fe0f4d39c4152f42c27435c9786041c25a1de6b196f4363
100mb,Dog,Dog/7867.jpg,21353,58795177f833b806370450ff335ec8d14d68aaaba6cdcf19ffeeaa56cd9373e9
100mb,Cat,Cat/3363.jpg,75140,dca9c4a0ae206e4f14985dec03aa6b37e3272d9d6de3cc8ee09d658d42e42c60
100mb,Dog,Dog/2033.jpg,31196,7921650b4ebd0c7a592235f44a16b8efdfe6ea6956573776ccab431f97325495
100mb,Cat,Cat/6993.jpg,24023,67fa2b593c3a67c5d4caae1dcbe2b68b76596c7e5169024e68676c4b0952e768
100mb,Dog,Dog/9710.jpg,34979,2b93c4bfb46ad872028f670664edb2c04d7fee767a636704a908efdaa6ec9f91
100mb,Cat,Cat/9258.jpg,16090,f8d9883af0c160692d770c58a2862745cc54d5d56673b9603a5db6f8805e82fb
100mb,Dog,Dog/8122.jpg,67126,901d70d3591149b7541bbed86c472277e2efbe9923d05fb53428b016054daf10
100mb,Cat,Cat/10864.jpg,30090,aab5a9f17c4d80ae7fc3cb1a70b7fc450f4d7eda8106ec960e3e0f3dfd578427
100mb,Dog,Dog/1783.jpg,19159,1f9662995e49e44f7e51a3278f9bec989b6b9b60a585e4ea9879946f1f603045
100mb,Cat,Cat/847.jpg,22523,46285e4b31228dd4832e65a6d0f1461feb890d92e585a35ea1f53e064b71c345
100mb,Dog,Dog/3908.jpg,42815,2c00b9b9e8fd743f70cc01424849f72151a0b8fd42e16c01bcd1d89f91076d39
100mb,Cat,Cat/9245.jpg,21518,372a0564f65cf6b5ce55573966a838c3f62bd9d0a38eede9db60367d3a680b0d
100mb,Dog,Dog/9967.jpg,453146,c2302d9d93348dcfc44596c56560971c40e0e9bf25eb8a0677e6c89f4e547e71
100mb,Cat,Cat/3045.jpg,32074,0a3e1ca3c4204cec92ad37c36ece6e34f637d43c649d06784e1e86d158bd9fa1
100mb,Dog,Dog/1582.jpg,9114,72833ca2cc8f6cff231ff90a0ddffa586cf393342c86e26fecf1c7e4f390df89
100mb,Cat,Cat/5666.jpg,29577,f51434dc327490726f027d9a3be12a3acc34fc91406a50f89682e6a855097332
100mb,Dog,Dog/1489.jpg,22374,dbbdb03684e71eb98a81e82f8cdac2a358e4354542d1ae8ab2c1b2a20c9c1b57
100mb,Cat,Cat/10815.jpg,30961,192cd3f48479c9267327c4e8ab202c36e652394b12ee4c6fb9ff6956d93ecf10
100mb,Dog,Dog/1001.jpg,24828,a16f0d88fd93b27f12a55bc0de2935a7ce448d74afc638628fadce500e953209
100mb,Cat,Cat/137.jpg,28179,78da8305df3e56309dae303962d86289797f84ed57e40e70ee9bddba1b08d4a6
100mb,Dog,Dog/7565.jpg,23335,64acd7b3c11b468e27cf65f98be99cc8fa592c72051d3e959b608732dc315bc9
100mb,Cat,Cat/4717.jpg,29289,1124d1ec3b78b3e7eb5c90422bbf3190a251ffa9a6d5b40f34782436d17eb43f
100mb,Dog,Dog/986.jpg,30545,e5402bca49297be0a69ac169ab4472b7e8c48752c2d7c7e6b525bab6071f5141
100mb,Cat,Cat/339.jpg,24476,1b5a0c9474a58ba0c199c3a669cad54172b0ea883b5a0b6dd62168d0e9a2880c
100mb,Dog,Dog/7105.jpg,34267,34db4c41c864196421c7d4d59a371d9b767b18d2bcbdaddeaa19f9983d680625
100mb,Cat,Cat/8392.jpg,26183,f1487dae163a964a69dd4ec9f0917091bc0239e0eb28e3877bf2bd7f1a7f6be9
100mb,Dog,Dog/11012.jpg,46537,e87b819d4582d3aaf8ba72e464a9e67d791a3b3b31824d227890ef85a078e3cd
100mb,Cat,Cat/10979.jpg,17465,adf7b1405a723394dc6f47d1bc7fc6e74ab01ecb9c784ac203f4fdee5d843969
100mb,Dog,Dog/7174.jpg,32484,2ff44df8e8af8740b3d39d7ed32ada2c439faed20894a784566285f276829f37
100mb,Cat,Cat/621.jpg,15595,30fa2dcaed5a7e2d02c5dc4e4f19393cd9ed6bc49906d111dfa49c741bcfe83d
100mb,Dog,Dog/9897.jpg,42981,a3994a4450182b7f3b521b6766a46aa95ae72bbd9769c742c90bdb2146524212
100mb,Cat,Cat/11362.jpg,24767,c6451066c8024368937cf7d7bfe5a2092f7e00613d756c19599fcea971dde016
100mb,Dog,Dog/3512.jpg,18713,ce6af459870dba6f6b0768eb5da454e531e97af81f2ba5970a6c5a9fd776853e
100mb,Cat,Cat/8145.jpg,27615,bc944a9a6af44929d273702124220df1f1599b7c5f59e8a8ee98a5a2f72affca
100mb,Dog,Dog/10620.jpg,21272,a5ee6df864c6139046a009bbbe3dfaa986a204d68465ae1bc59b41eb02538c18
100mb,Cat,Cat/8236.jpg,19187,20d3f3e784021efc5e21a7694102b519c2249a0a97244c9f6df6863d6f19e059
100mb,Dog,Dog/3977.jpg,33647,d30ceca8f98303f1eeae61796c37e3dd4be8c257500aebf1bf0598be34b7e71a
100mb,Cat,Cat/2922.jpg,50362,7a4a7da36344668d11457731993336dfd93217f4466177892050ffa25513da1f
100mb,Dog,Dog/9310.jpg,38441,a69a17f23d612736a7a2fdf90b4905ffa38a00606cd29aadf031e3a1dfdd1701
100mb,Cat,Cat/8132.jpg,20372,29c601e23c9aeb567a7960e6a8ed4a767ef726ee448842e77fa0314346896e65
100mb,Dog,Dog/9326.jpg,38603,59c0fafb45fb0b7319601e43f888e0963659ee58872608475c74da5097bc5534
100mb,Cat,Cat/1864.jpg,40383,1f00f8cf8371f3d3596f69ae5a34290a255bf9c25c04132082770f9337e83258
100mb,Dog,Dog/1432.jpg,46878,e18eae755f252db86d13cc06b523535cf29304b5d01128e6cfa3ca40b3ebe98e
100mb,Cat,Cat/12123.jpg,25738,01f0ac0478b0bc8f31a385f311f097659c6593878808ab21d5773afd0086e0b1
100mb,Dog,Dog/1901.jpg,40252,9ab874389185a15741dd1596466d2845c0b09719792d6ef72f56ea9b13d674d5
100mb,Cat,Cat/12143.jpg,26151,a23990e94bae5361e4731568d692be69726edce2e6e72859017a4afcf4c55822
100mb,Dog,Dog/662.jpg,36688,94e01ebfe544b3843399d7fb5bbfe07b6df6145a609918fc4a5b7a060109f1d4
100mb,Cat,Cat/962.jpg,25713,039832148b9664548d9afffa8740073da819d84a2c2f9a61e8d9e0f76c3016a7
100mb,Dog,Dog/4341.jpg,43019,c9797a74cdf9aca633f0890810c7896ed088c1e3d19f7b2b0b758ce23e003b01
100mb,Cat,Cat/2225.jpg,17517,9c8332a7f4c16e9705f75816d70889fc242427aedbc92c4f9ebcf3617e743f0b
100mb,Dog,Dog/3235.jpg,24040,010961be9ce76dffb5bf3c4086c96198945d5714dd80c518dcb36a3e9ad8e70e
100mb,Cat,Cat/6981.jpg,21493,daadc271d3433d3c4c1e703844bd84097b4196a7e5f0fe751b972ad84b117a13
100mb,Dog,Dog/5120.jpg,13177,244e146ecbe009bc955f96d3fc78dc5f2776c357e99ab8a8c8e6013c587bd023
100mb,Cat,Cat/9337.jpg,29248,62ed6a21b261623659ebc008db4fb6c4627aec9f9b22de651d63f300c728451d
100mb,Dog,Dog/12060.jpg,65846,8e1de94e14a474337bd6c217d0f0c92a7dd06b94e82231174df449ff0129ffb7
100mb,Cat,Cat/6202.jpg,23719,8555cb0ebcb2cdfc3fd735356ec280a986d920ff1acd1f3bc6331bf3ca4974f4
100mb,Dog,Dog/11876.jpg,36432,544a9ece401999262a6865eefc6e5294819d7bbace4d072c78a6a7788582511a
100mb,Cat,Cat/4695.jpg,28226,f970783d5c6ae89ddf29a44782b3ff2864c495ce3023f2dc55413cb9aa6b4a68
100mb,Dog,Dog/6308.jpg,33156,e65a17e112e11f8d1f1bda6e8b701bd2eed425830368348922bf6cc1bebdce48
100mb,Cat,Cat/9082.jpg,16288,7bf9779792496b6f05be9d65f2e3b57bd936f11343c6138299a771a145bd0774
100mb,Dog,Dog/4821.jpg,54778,c0146b380de22ae9353954b8b574b6666b5d23d8929f28845542a59e6a69dbc4
100mb,Cat,Cat/7900.jpg,26201,988b653fe4c8be00a4bfe3bcd56c0abb6a465e1ebc2460e0c5bd910ceeb58afb
100mb,Dog,Dog/11519.jpg,14827,fd9d1c918ae0efc80d7809d7ac7d95be8599a31e0bdef881852c6bc320695037
100mb,Cat,Cat/9056.jpg,4176,c03fc39528c651ec849493c587272ec1872cce071eff9b5571ca23b95e771702
100mb,Dog,Dog/6709.jpg,12521,285da4136d30cf256f021ba06ba34effaee4171945cf47af8fe28891db691b18
100mb,Cat,Cat/5493.jpg,19556,6f9333fd0f1979ccd91b7a81a858d601300ec82afdb83e5695c471db805242b2
100mb,Dog,Dog/9512.jpg,2273,9f983f2dbc6caeef0e9e733bac2045a5f316dbc106ed0c5c891ab8eba630bfda
100mb,Cat,Cat/8116.jpg,15625,bd75624dd1a83335f1d02977f08a14efd60dd76a3f5df50a59f5ce6e5145e097
100mb,Dog,Dog/10741.jpg,19876,97f90af139646734091a288915c95130dbeafac67e0eb0b6469af296aebda1fe
100mb,Cat,Cat/3591.jpg,29995,5fd5e6354be46d2f7baf99034ad074b6099e5465ec7e769bff8c790a8c8f40f7
100mb,Dog,Dog/1298.jpg,27031,ffb0070b439f437858b16a8f9ad06975a33c05a17588fc24c8d0d2d49bc2b5f4
100mb,Cat,Cat/3086.jpg,21730,4a08dea536511673844df05c4c68833dd643c880c12056a64091f047c26660c4
100mb,Dog,Dog/10562.jpg,49342,19e72bcc827ccefd366d57e4aa8cffa0ceccf9261d7cde7574978a339ad32ddf
100mb,Cat,Cat/1388.jpg,29270,2a9fee640ad5fca83c81a6f9d83b22eb490aec64966a078eb537f0c99818ffbf
100mb,Dog,Dog/8499.jpg,30804,91a624c16c8dc63826c285848e59a9d8504e8af8a1e3b0219637850117700efa
100mb,Cat,Cat/8057.jpg,7684,5ec2fea7465187b9b3bace070c183f3849a4a186663dba4a633557a7559dfc7b
100mb,Dog,Dog/9653.jpg,35721,9cdc1656da09f9831af64a0e2e6fcc8fd2d5e89b8406a0c6485e1e6c892c59d9
100mb,Cat,Cat/6310.jpg,34837,38db3745eb78d64aee10a56598caeb0a6a78e7a75436c7886a1256d76152d9de
100mb,Dog,Dog/6607.jpg,25588,2af086395090fce12f58a94580f8d268fa95756c1a60b777b2d5ad447b37db8b
100mb,Cat,Cat/7911.jpg,46879,c712f80cc2a8052fc82f07fb1632d9a28cf97f2213c83cffc5ffe7490b428909
100mb,Dog,Dog/4407.jpg,17672,e8e285cf22783bd28d66e257f6af5c357b310698d04009db362d5004135e056a
100mb,Cat,Cat/10086.jpg,16606,4a60f5bef85a7a2ceebf9e499cc6fd3a6bf0b94301af02a4114e94d25959f037
100mb,Dog,Dog/9178.jpg,42600,91cf3f6b4380c002de485e844753d2a792eb5d3ac26d1199d7a68a455337fd55
100mb,Cat,Cat/7547.jpg,9354,3e907e1b1d26604f92ce1d730f395f91bc4454e51a2806f19a32e07f2e70f24b
100mb,Dog,Dog/8098.jpg,39237,a82780290affed298604f1b4c62460639adfcefa4074b93e97ab8f1fb388ca5b
100mb,Cat,Cat/8310.jpg,18306,c5f2bb012af6b09effacff646ee3309f98a719bd28f6faa174e1b6e8936a122c
100mb,Dog,Dog/1895.jpg,15257,12d1ce91cf3af0c264751ced491beba5eb352a928ac15992a88253c1f5efdbaf
100mb,Cat,Cat/706.jpg,20497,f8047b9367602d7469e3d322f93c207fe31aa8a85f404f0160d64b49a1439012
100mb,Dog,Dog/2593.jpg,9013,aba699244d3fa8f052b99f7fcb86a637b4e1feeb5e160378c90d837368e9be13
100mb,Cat,Cat/10259.jpg,35844,3601628f6928ecf96d856ff8579f62073b77f2e5f74256bc7eb6b5b810e3e88b
100mb,Dog,Dog/1140.jpg,38372,0fc9cdaa4124102684ea9425d9c94a89ed8212b718998b2505eed225b5fa825c
100mb,Cat,Cat/8742.jpg,19793,0bf4deb416d3b4cc313eefa73f3ecfff5f8b2f08625e81ba3f87ce2901323afc
100mb,Dog,Dog/8606.jpg,30526,6c678ca8c6c44edb40b3275bb8cf93d2fb4dcc535c9dd63ad387c1c977611134
100mb,Cat,Cat/6001.jpg,29207,888d0775014752c1bec3e238012b4401a787e739c6784aa07e347c614b310190
100mb,Dog,Dog/283.jpg,93364,0ca2f4166e67f73e4676429ae0b61d08f8e2e8eb3a6a910aa461377b7583a102
100mb,Cat,Cat/12347.jpg,19614,7794989944ffce9d8958da46248a9aa10aded12956165c9b43bc7aabce1b38f5
100mb,Dog,Dog/9541.jpg,125369,dd844100135778efc37271910882b9224d1493a33ce6a864476de33dc43ed216
100mb,Cat,Cat/5780.jpg,12833,c6f4fbcdcc3c559ee917edf73b269ef86b7129018890a1716f3e5b12be959192
100mb,Dog,Dog/8012.jpg,53945,d5aed3b8bc8640623348a57c85d123a61210af406e2aafb530251f2a1e62bbdc
100mb,Cat,Cat/11211.jpg,25123,b94af2479c36c268cf1e2237d7e0bf60f57aa197b179849342391fae1b483ad3
100mb,Dog,Dog/11883.jpg,29188,cbe574d8469ea0595c9957795362b5527ac2116d51623784f4f8004066af6a7d
100mb,Cat,Cat/5573.jpg,28834,59fb479cf75d31328f6240531f738854f85c3e981ff71196d75f3723a70806d7
100mb,Dog,Dog/1982.jpg,30363,16559d64f339be115a477f12e6d78b4e942d4de678c7e2562bc28c3cc7f441e0
100mb,Cat,Cat/10314.jpg,44873,9787371b042351d3ac5eb3cd0be002dc14d4d5295690b103ea1a7fe40f8f767b
100mb,Dog,Dog/4283.jpg,28858,44429b37ce06b0b1cbd63c57f30393c4a7f9d9c27fe9189302d06ed690e81481
100mb,Cat,Cat/8677.jpg,27757,543fad2d16d4eddcf309c5ed64550683511d865d5dd3da3b380a4b1a5b7b8e09
100mb,Dog,Dog/7269.jpg,18030,a8019a473c4ad676a389e4244ff7ca0910205150bb91ecda485632e506b6a392
100mb,Cat,Cat/2012.jpg,29034,3d38774d4b9b924d484223372956cf5f51e0f0c1144f4178901b1766c30e671e
100mb,Dog,Dog/8467.jpg,46429,bc35239bd0f3798e87bc32b83200389ac100895e1e50d01310779e90a445d80e
100mb,Cat,Cat/7230.jpg,33251,7ae29963d7600618c7868d05767f4f37640a37e2eea4577614a3d9d22e0b5cb3
100mb,Dog,Dog/6837.jpg,34723,d74b714c9ded0449ca2827b1cb0e5fde5d91963fe662499b562d2ca3b59fde27
100mb,Cat,Cat/8271.jpg,29285,5f2ec03bf7a60b60962ee5b0eea4df48087096eca83e69c47659c5ea190e7304
100mb,Dog,Dog/2046.jpg,28511,c69c754fc8e982d4953d4529b43a523eb1b07a9adeb70ac1b520735eefa047a7
100mb,Cat,Cat/10621.jpg,17187,343373300b10dc21e6da14c4163e3410a84b0d0079c9930475357bf6a22bdcdc
100mb,Dog,Dog/1652.jpg,24838,e3c42cc36dcc2ee57260bf6acff503620cb372ca281e35f8fd40aef3adab65bf
100mb,Cat,Cat/6784.jpg,7821,208161e62e36b5c6c165ab25bf642bd38ba1ce04c9fe23b3baf5a3a8d7c2d503
100mb,Dog,Dog/7240.jpg,36754,b61e2f2faf7e12500e752914552ce2694668401943a6cd4653ba02e009de019a
100mb,Cat,Cat/3974.jpg,33449,8932126974eabdd8c971d0957424e0f2d94a6020d5fa462993028a7d1407416c
100mb,Dog,Dog/11503.jpg,50865,8f495b4ea8ab91474d7098cad703441576336ae7fde59193c9d33bb765276834
100mb,Cat,Cat/7278.jpg,30677,028522a4470c6a4086f720e03ac3241814dc764192c258897d018b25b0e3963a
100mb,Dog,Dog/10876.jpg,27948,51abfd33218556178348e42d066aeac5267f43f92d960a79a0f352824b8f711a
100mb,Cat,Cat/2220.jpg,26509,40f9ab8a509b5ec25f94788a447285960a7e2a34b32667f8da37a07a2878b3f4
100mb,Dog,Dog/4263.jpg,22929,4f4fd73419e7ad22d987941fb3e4ffc69b4820d313774698a09abc38b638db21
100mb,Cat,Cat/12447.jpg,60354,5730f5eb51285a69e93a60ffda4120bbdab0ec4ea3b31b7dd57a7a95dc40a34c
100mb,Dog,Dog/7048.jpg,24895,2a09accebe4b07f7349f04b9a0bb25fac8782b21fcc15be6cf564afb484736ac
100mb,Cat,Cat/1677.jpg,14923,72952a9a6ccb22fff17db991df434ff3069d7bff4c8262621a26149dba36a3d4
100mb,Dog,Dog/3588.jpg,21946,c066348ec5d93ceb81128069775dcf8d580a82ec9bff84eace4ca24ab871fce9
100mb,Cat,Cat/7932.jpg,32119,f0f83e2ea98b40bc6c181621d1fd589d0461f4194513d9a89be3b973cefdeaf5
100mb,Dog,Dog/4402.jpg,30044,b733990b2106650879f1899b592dbfe01b8b9520f67853555e4fafdb41d20582
100mb,Cat,Cat/7555.jpg,82077,dc74461e2cf020a4a39c1c13921b2385d6f9d6ce9ec4243c3d1d9599f2399009
100mb,Dog,Dog/4020.jpg,50577,7df08f78c98cc9bc2f937f4e7a1611320f1afa595c7c4e4958057102d54d766c
100mb,Cat,Cat/520.jpg,21376,ae868ec234dfea1e10f38347824f06efdb8d126eb336ae61a2868f2176e96bd7
100mb,Dog,Dog/1021.jpg,31584,91e17bd122f27f7296ed61e72019de135d5af7dca2788103c2e6bb0ba832dfec
100mb,Cat,Cat/3329.jpg,27310,fb75e5cb9bfa4883f7010e5328514726a4702edc615c2e1f0d024ac182c76de3
100mb,Dog,Dog/2627.jpg,85223,44c4360b19411c81163e589dea6f6180461a108743f0830392729d7aa818cb54
100mb,Cat,Cat/1755.jpg,24556,a49d3a8be5f6093ceacab1c058940aee28e89e9819456655d2d1df64dcb9404a
100mb,Dog,Dog/10451.jpg,21922,1bbaddd2c5841c2fe583eb5db7e1ed4855d3ebafbab1381d3cdfa2ebf1e954c4
100mb,Cat,Cat/9681.jpg,42430,0616d688fe76981dc92705f448257f3d4e371ac4c0df243c2a1c830ff7bd9ead
100mb,Dog,Dog/4803.jpg,22873,8725d4c8470574a922be17b148f75f5c745b8b5538560ece08cb1b286cb91199
100mb,Cat,Cat/10038.jpg,16941,2d87b2204a18021ce24cb0e2d770828cfb6aeaea31c66327758b1a0d4b8297d8
100mb,Dog,Dog/1975.jpg,7090,d4f955c41c1e2c623cb8450aebf4364319009e2cf4bbfa0d11f24742ef461648
100mb,Cat,Cat/7869.jpg,33225,cfd4137100782b744516a772bf38d4554c878513e23b430506d1abeda583c922
100mb,Dog,Dog/9818.jpg,59060,082bede802eddb1faf5f48a76777573a8c0cb2e55313a054b89789ffa6398bb2
100mb,Cat,Cat/11985.jpg,41607,d609ef3f4020c310fdc741625437b20d99af5c24d3ab345e73de91e36d86e4ea
100mb,Dog,Dog/4108.jpg,45269,e94e04eb57c33bf0a14a9549c3c09ac458a818ae35a885cbd6057f34eee02c71
100mb,Cat,Cat/5759.jpg,30343,dcf8f8519fe6aac6a7149e411803ad5065fe54cc0e219f6bd29436ffc2728560
100mb,Dog,Dog/4197.jpg,33763,2513e4dde56385a08f896d8d7ad2bbfe6b72d77ce7b2cbdb5eab666fac130be2
100mb,Cat,Cat/2160.jpg,59550,768ceef1a86d5658953dc8f1839cacedbb013c8c56da7019ed9600b95d88a5d8
100mb,Dog,Dog/4657.jpg,36745,dd23f70a4ce9ddbf88da094c48f0c542f321eeafa8191187374ba157e3b03d31
100mb,Cat,Cat/7910.jpg,22203,b972499e5916afdc810ae0c3c00c663fb13fd61b57c76d49485a36da66df7c6b
100mb,Dog,Dog/12139.jpg,46612,9ee78245d21a328474697fd1e0992e26b12bac16da790cfd9c0b0dce34649762
100mb,Cat,Cat/11799.jpg,30538,fc7834277191a464df18cd1b74464b33f783783101e43b9600dee74133f829e2
100mb,Dog,Dog/6419.jpg,13201,2cb326d2125dec300c47e1fce2c9a7452d75f48363ca39aded043e07669c6d4c
100mb,Cat,Cat/4332.jpg,17217,73d8f1cbf67b73d82db2fc0794eb5663d1dd250df41355d8b94b3547e34662ee
100mb,Dog,Dog/11646.jpg,34976,ef479fc781da72d05604a99f1088293f61b0a3048d18fd8d6ac2542b0e805348
100mb,Cat,Cat/12488.jpg,132992,4b7525f4998983aec4495b5c5315e71b4281962fdb685f0af1aef35dfcc58e7d
100mb,Dog,Dog/7359.jpg,72570,58ab6a2fc803da5e667772528750ad813c5a18783c4597de5ba33cee9aa23fa9
100mb,Cat,Cat/9776.jpg,17577,69711a3e58fa89799cc40468bc08f71e005d587f88471c8ad5fb8a992fb1fea5
100mb,Dog,Dog/7872.jpg,37920,7544646c5dea97e5f23fb1da0b08b0ca11bafa1f5b44be8aa00e766a75614ca9
100mb,Cat,Cat/11996.jpg,23550,f09f19cf9c7f1599d5611d1c50ce41d0c4fbc2a5321863cadd5e821a35a1aa2a
100mb,Dog,Dog/2239.jpg,17041,d05a94399004a3a3849474cd39fe7930be983c6a9b4364a08123962180c2ae08
100mb,Cat,Cat/3121.jpg,20802,45bf191929045238d001cc3ad013cd6e8211c043271c525600da7a145aad0825
100mb,Dog,Dog/3924.jpg,29751,312fab5fd71730ed28447163b96c8672762bae691069230cd3343411ba3eb245
100mb,Cat,Cat/11287.jpg,44305,bb40bdc9015c0708e2ab269104cd306d14b2716c151ee287a9e404d65bef18fb
100mb,Dog,Dog/8030.jpg,104259,ee68b25f48da4c35d327cc7945f6dee41792583f2d45e7235dd6b21e38b10dfa
100mb,Cat,Cat/7853.jpg,18719,1acb21c40e1c237278e51466a529c3f6dabe347f78744cf403d285324b648301
100mb,Dog,Dog/4240.jpg,21924,30071781b541a1f60326a5c8c89e6b120b02ee9dee267218b3549c0fd97dcffe
100mb,Cat,Cat/6422.jpg,22604,f860cd3eedc746679191ace7825b1a774c0f1d5e744115a90b674e344e21c2e0
100mb,Dog,Dog/7228.jpg,45683,ef80b4c857f8ad85605e68943ae199ecd1528ecaac6f23006a9a7ed68faed018
100mb,Cat,Cat/1006.jpg,25534,63212a6b142d3b4b5190fa4f53485cfc2d1702fbdaff842f86a317084bacbb71
100mb,Dog,Dog/586.jpg,77342,973ac78e499ee162263b8258d55ddf978dd7a70f248df1f6b56da97c0471bf4b
100mb,Cat,Cat/11328.jpg,41490,6b1b6816ee4ca62b3ff89a452a02c9952804368ce53dc60e5635cd3d8885e6a0
100mb,Dog,Dog/6154.jpg,20831,c611ea5c3256d4ded500a9cb7be08d4f1f523fe2b29d8d5ebe32c6ef48f180ff
100mb,Cat,Cat/4154.jpg,26430,f5513562223719127ee0be448b164ca516a8b91890574dce21f31ddbfc5e97d8
100mb,Dog,Dog/5016.jpg,31167,a1c5406c1f82ed0e5d1f499e5869d818337e51c14e672ccde453a6865f0d9d94
100mb,Cat,Cat/524.jpg,25869,7155164834d3276340301e18e42a8090729f1a6343df17abc8a6708e9b32872e
100mb,Dog,Dog/8164.jpg,39712,4d8602b107979455e566e2745705d173779c5f8cb349ea210241916b50d556a9
100mb,Cat,Cat/2043.jpg,22640,8a918ba651c043834bd056103d05d017e3d289a4d0120de8c143ca06d9546162
100mb,Dog,Dog/9626.jpg,45340,fda7c90ad3801e5e2e8f8cbbce384b4ac7608b4c097489b11b73ea705b86b8f7
100mb,Cat,Cat/6440.jpg,28772,575082d1e346bc9f1d332aba93b96c2d0efb7a4041346dc025b63737afd7b434
100mb,Dog,Dog/4103.jpg,40290,a0a78a9dc90fc5a6090c2313841ca4f720d79b54d18437cabcfdf47eaeca7f67
100mb,Cat,Cat/659.jpg,16718,97dd67960ae38ba6a31b8ba7b61a23bc5d711253003d24995db708e0cf585618
100mb,Dog,Dog/1181.jpg,28491,124a9a55d71447c1225f90c82c06e5d72497c3656790b2998fffa3400969b379
100mb,Cat,Cat/11224.jpg,15746,38417947afe508fc7b22726f2fce1fecfa577d494ae60662abbf5a75ed1c50f3
100mb,Dog,Dog/3991.jpg,38239,ad96c2e5d175a5855c81e485470f4134d28f53ac7869597b2029c762cd953d5b
100mb,Cat,Cat/11663.jpg,23338,53834e117b6f209ac4c0979796b374cf593c53c4892870c9359c2ef6b435c95e
100mb,Dog,Dog/3772.jpg,15603,99f05b06e369b3c9586172eff12adbdb4fa7168e7f4c1add7e289b936da100cd
100mb,Cat,Cat/8072.jpg,64449,32d0e8998fc9aeed83eb0872064993ee5b6e44eca9d8d2f387b47295e67e4c15
100mb,Dog,Dog/5956.jpg,10264,91ac85ea2271e8b6e773d1aa420763a952e8ccac405a08982ece0d634ece80da
100mb,Cat,Cat/5692.jpg,47445,192d6bfe7b51af2da0576da540b4b96f646b90cb6fabf7af374c04741bb0222d
100mb,Dog,Dog/10336.jpg,33682,3319c3eaba9bef05f71961cf505bb73228a3cbf0d47d8670bd361d57d130f4df
100mb,Cat,Cat/4645.jpg,28211,cd595cdf16efd58fa1017bb5752440838fba83e2d37c7052988e3cf3a1d98ad9
100mb,Dog,Dog/325.jpg,38487,b400f5ac6619b578c18a466cc36653f3523897cc4a687371ed0cb19a6d59e5b0
100mb,Cat,Cat/8453.jpg,19451,1715120c82e1de9b46fec8c92ea8d28fb43b70db8c89c6ad019ec579ffa8d419
100mb,Dog,Dog/9893.jpg,24105,d19a9ce19f2e84250d7c9874bb2abd45a36a0896c9d7331f62437c9858ed40be
100mb,Cat,Cat/550.jpg,24859,af4619bd2596ef3c9e3227e58ed64fb22351100b592887c2586fc41d3f5e35b0
100mb,Dog,Dog/1935.jpg,22125,bae4b25df516afbd6161f43cd22c0273b18a36b9282b533f76bec0e558e5bbc4
100mb,Cat,Cat/3830.jpg,162272,7d5738a17b02362f056b5f53da99dee2abb6cc8837433bc46710e1e09cdc4c8f
100mb,Dog,Dog/96.jpg,22053,ef86af2e73bae69cc7e17f8607e75bf5a2223b98f84571d9b92ae83cc980a77e
100mb,Cat,Cat/11919.jpg,41092,6e8bc478ac6861d88ca91ec9eba60f0447d40bf85a25c53103c813c1938f58f9
100mb,Dog,Dog/1553.jpg,18314,7514e1c4c47a4f63b3a7e45ff970eb4a69192c621306f234c1340f778f23aac3
100mb,Cat,Cat/2431.jpg,26019,b77761c5b4c8fc02927ffc391d8d8d3a864c6a016717abdc2926761bd73868c0
100mb,Dog,Dog/3576.jpg,39895,b96ee7c2a178ee76bfcb2a53254d8648a8e195a3fb9ee34adbe33a8ee1f1f38d
100mb,Cat,Cat/7652.jpg,49504,e7b6dbaa96586dea413d145e74565b9bbf9484d379e860ed64d2cb4fc034a13e
100mb,Dog,Dog/7322.jpg,6244,73eb58d640ab8d6f9e6b817d4c397b7ff234286a25ec41039e6d085c2da0903b
100mb,Cat,Cat/6625.jpg,25138,072115e0474c47f0202365d5f292203ee734f5b8f5dc33c32e12815c5a21d2bc
100mb,Dog,Dog/3486.jpg,30337,4e4bbd418778fb071640bfd1e9d24c6812f274e52e231f514bf1e088e75ad5a4
100mb,Cat,Cat/2532.jpg,37140,5c68e70bbac4e461cb8c3c4d2448c2c2c7eef2ff5f543e9f98a57d2985b2bf37
100mb,Dog,Dog/2781.jpg,26296,f09e706539e1a63a96d5029ce4377f52d9a51e998489eefc5ed35850b81e8521
100mb,Cat,Cat/1566.jpg,20458,db1ffca28bbfed0a72841a5dbc2be0fd5060cecc0f252495bf1c28746c12a446
100mb,Dog,Dog/5565.jpg,16169,5380fbee63120bc1196fbb2171f64de1783b8921bba1d1db9eade40a57f073ad
100mb,Cat,Cat/5017.jpg,21332,b8a13b61482ea65b614c86d78e158a84919cbde3aedc795eba4de9aabf66e39f
100mb,Dog,Dog/3909.jpg,44487,2d1a17e2ed7afc97f4c2e2930258849bbda3c2faa0c044faffc50ce92d96eef6
100mb,Cat,Cat/7745.jpg,23286,7ed748d5763ab143701d9c807e34e35a97eeaad0ecaa01a0b2c82694dbbe683f
100mb,Dog,Dog/198.jpg,45356,c5fe2c4fd55dd9c17a33924b5e87fc4884c78f21e7f29aa1b9f041922bd14ab3
100mb,Cat,Cat/9886.jpg,18118,aa912c36aa28612905237602299ccb122528bf21efcc6b6ee87fee40675d51da
100mb,Dog,Dog/9140.jpg,36254,ea6a2bbd401dfeed0b3bdb699e9855690382cb2df625d18862369430e66e0e82
100mb,Cat,Cat/9604.jpg,33237,91e54a4b2badffb95021c818a8a2aaa9ee84b5cf2ab3d21dcc30c06abf473b92
100mb,Dog,Dog/1926.jpg,93063,970e955a0e8cc81cf9ae0e766353f3a1c0312fd3100c36b64e015eb9f5b32314
100mb,Cat,Cat/2749.jpg,20359,ce762c7695d9a157bf89c48c85aeab816d06dcb06e6babc699ecf9a459c63a15
100mb,Dog,Dog/10697.jpg,19272,c0e3edbac506408a14415b45df85b4680e05c9bc05fa82a44c54da5c302717f2
100mb,Cat,Cat/8586.jpg,63910,52a93f8099b716d684a356d51919acd7412a5dd141135850142750bfaaeb4f3a
100mb,Dog,Dog/2978.jpg,36247,1c446eba9854f7e01824f646c24e61865e6c31de77e9ba59a69a2d062284a22b
100mb,Cat,Cat/2578.jpg,8451,bd83caeeac281f1bb5f41c235bb4527c0cadd616ea7af7e3fc6b9b78d5ff7022
100mb,Dog,Dog/10426.jpg,17907,332117f14f63f2f68dbc8fc8a5a061e8b45c78455e3bddedc91531acb19da6e0
100mb,Cat,Cat/5539.jpg,34757,2b8274b7bc95158eb1860d8c7b9fa82cce7c45fc6b6072afe728c6b720965d7f
100mb,Dog,Dog/10179.jpg,39347,813a15afdd1235f4e9777e3302a29cd02cd8b49761bcdb5f0ea33fa0194993fa
100mb,Cat,Cat/6259.jpg,25284,42d5d1dba94e52ea3b1d0108ef90d37103407ffdd1944da9d88314ce7b7eccf7
100mb,Dog,Dog/10506.jpg,52619,7938b186c9560c171209b47b7b0da5eed9da4828d19253732e851ada9fe25b70
100mb,Cat,Cat/4849.jpg,51523,62a45f92cd188a8a2a3341ec031191f0edbfe17b340720741378f35597e61be0
100mb,Dog,Dog/9988.jpg,40339,48fd566f7873631c8b2e668cff6e68bd685be6944bb51d7ff1ecf95f2886559b
100mb,Cat,Cat/4764.jpg,24738,23c05f9e19247b1933d4b308b55395346e52aff7c5b13ac345e9ce43011cbed3
100mb,Dog,Dog/2479.jpg,201814,17966d074ae3f36c5ece07a327cae4f5a8aafa4b6c09eee81f9484b18808b90c
100mb,Cat,Cat/9939.jpg,17694,0ac94f220d394a99d444948ab5d1e7455ae9f25b481a1b7d494fcf49d5eb4ba2
100mb,Dog,Dog/5190.jpg,16594,e41bd72b0795665fdad208d69b35c1bb8fbf872debefd38562af217f3d2d0e6a
100mb,Cat,Cat/7196.jpg,12978,c2828ac7e9c8a8dd7f0eb4f9c634b55c063d485fc70db2cac748bf588772ea79
100mb,Dog,Dog/11339.jpg,29237,7bb85b505b5c94c54af11972ed71560717a4f5622cdc8a86e62d165e22156efc
100mb,Cat,Cat/11364.jpg,25842,15cd9a50337ace9b6b2044984a704512b7c29f79b7b303b9613490878b6c20c0
100mb,Dog,Dog/10225.jpg,7888,411ec2d9700dbc50333673507cf99d64112e9e04852f34da87fc28a56ff1311b
100mb,Cat,Cat/9519.jpg,122072,dce629c6f157402db79879ec57f8171bb3ad3613b116e11e43e1710a395fcb07
100mb,Dog,Dog/8912.jpg,21744,26d5348c57d3a7c85a227c9e68d7dd74eca80cd94e535ba65ebfcad96ba1dd74
100mb,Cat,Cat/11255.jpg,16752,dbbfc22332321177b40175c5603c9484502dcedc2b4e165600cb39dca0368f29
100mb,Dog,Dog/10267.jpg,21533,f7d8070f5c716e572b5e4530df64011bf95aa5d18805a1e476ddfee6ff1fbb41
100mb,Cat,Cat/10728.jpg,26218,f2c0a0f3778cf763954393df829d24408850c15785f33c2c5aab479d245d6747
100mb,Dog,Dog/3454.jpg,36503,4bf1fa7bd217b7d417421d28f39defcbfca727b1226b3cb3a667c7438da8f79d
100mb,Cat,Cat/6756.jpg,23958,1d402c9096f107ec57a1c9ac06e01fc3f489125aab99f9a5d3ec0b17b8d8f799
100mb,Dog,Dog/5652.jpg,46738,1716df24a39c6b1af1e07124a2cc0063dd5bfc199f629e08f56f7139ff359abf
100mb,Cat,Cat/11370.jpg,54315,31252ce6ff60b26d575b5b593142dbf51cbbe5449593cc5bc76102e6c9c7d720
100mb,Dog,Dog/5193.jpg,53767,9c7a8ccd369b400f7495ef8b91464e3af8b6aa9c886aae8895582f80887a0f1e
100mb,Cat,Cat/10788.jpg,22383,5ca2269b71413e3539640f025610346d5f70688365273e425a6be12b4b64e940
100mb,Dog,Dog/4439.jpg,44783,fed1e7791cb24a853eb582cecae5f540554c555d576e3aa17e9006264588f3e9
100mb,Cat,Cat/6221.jpg,34758,40574668b366962816cd373b1cb0c396edff918b45b9d2b4324ae1c49b2a32fd
100mb,Dog,Dog/7140.jpg,23907,e1f56fc9be47ffbbdf6e9336502c17aee67b2903b139c7bf2ae8d6e254f6c44d
100mb,Cat,Cat/3595.jpg,7107,305e2c01ffb0548d5efeb75da759a9d8f1e60dc42c372a7b7dfa1dc3311826fd
100mb,Dog,Dog/9128.jpg,11345,4fcb18e70f42054745fafa2c7688555ad2322ec9139cc1a50fedde17cb7dafce
100mb,Cat,Cat/10302.jpg,17352,646f17bc7d40cba934bc01888f6126026d6dbb4af66b7293c34cb2624e8a0e94
100mb,Dog,Dog/2749.jpg,71033,e87e1b4794c4744fe5f68c62551c04a44638341f9ad7d440346a5654cd9baaaa
100mb,Cat,Cat/4042.jpg,46296,799bb85eb419eeee180d5fca33293e2293f5f98f1474e63184ed61eda6b205eb
100mb,Dog,Dog/3259.jpg,47320,06099c311f77a44cc9dd0a58fce3494dd87a98ef80b4f18a3a22668346af612b
100mb,Cat,Cat/12269.jpg,180022,0541f432ccb152844893c5a604e13c119d1ff1c69a8d280ea07d8df91d948710
